{
  "dataset": "AZT1D",
  "metric": "rmse",
  "polynomial_degree": 3,
  "n_patterns": 3,
  "patterns": [
    {
      "pattern_id": 0,
      "pattern_start": 2,
      "pattern_width": 6,
      "pattern_values": [
        -0.9951171875,
        -0.7861328125,
        -0.6572265625,
        -0.4091796875,
        0.1571044921875,
        1.240234375
      ]
    },
    {
      "pattern_id": 1,
      "pattern_start": 19,
      "pattern_width": 2,
      "pattern_values": [
        0.5439453125,
        -0.377197265625
      ]
    },
    {
      "pattern_id": 2,
      "pattern_start": 2,
      "pattern_width": 15,
      "pattern_values": [
        0.453857421875,
        0.259521484375,
        0.0787353515625,
        -0.0899658203125,
        -0.24755859375,
        -0.395263671875,
        -0.5341796875,
        -0.66552734375,
        -0.79052734375,
        -0.91015625,
        -1.025390625,
        -1.1376953125,
        -1.2490234375,
        -1.3583984375,
        -1.46875
      ]
    }
  ]
}