{
  "dataset": "AZT1D",
  "metric": "rmse",
  "polynomial_degree": 3,
  "n_patterns": 4,
  "patterns": [
    {
      "pattern_id": 0,
      "pattern_start": 2,
      "pattern_width": 6,
      "pattern_values": [
        0.249755859375,
        0.6875,
        0.7783203125,
        0.74462890625,
        0.80810546875,
        1.19140625
      ]
    },
    {
      "pattern_id": 1,
      "pattern_start": 19,
      "pattern_width": 2,
      "pattern_values": [
        -0.912109375,
        -1.96875
      ]
    },
    {
      "pattern_id": 2,
      "pattern_start": 5,
      "pattern_width": 15,
      "pattern_values": [
        -1.3486328125,
        -1.15234375,
        -1.0126953125,
        -0.9189453125,
        -0.8642578125,
        -0.84033203125,
        -0.83837890625,
        -0.85107421875,
        -0.86962890625,
        -0.88623046875,
        -0.89306640625,
        -0.88134765625,
        -0.8427734375,
        -0.76953125,
        -0.65380859375
      ]
    },
    {
      "pattern_id": 3,
      "pattern_start": 1,
      "pattern_width": 20,
      "pattern_values": [
        -0.407470703125,
        -0.05908203125,
        0.2274169921875,
        0.45947265625,
        0.638671875,
        0.7724609375,
        0.86376953125,
        0.91796875,
        0.93896484375,
        0.93212890625,
        0.90234375,
        0.853515625,
        0.791015625,
        0.71875,
        0.64208984375,
        0.5654296875,
        0.49365234375,
        0.4306640625,
        0.38232421875,
        0.352783203125
      ]
    }
  ]
}