{
  "remc": {
    "feature_names": [
      "H3K9me3 (exp)",
      "H3K36me3 (cumsum)",
      "H3K27me3 (cumsum)",
      "H3K9me3 (raw)",
      "H3K27me3 (cumsum)",
      "H3K4me3 (cumsum)",
      "H3K4me1 (cumsum)",
      "H3K4me3 (cumsum)",
      "H3K27me3 (exp)",
      "H3K4me3 (raw)",
      "H3K4me1 (cumsum)",
      "H3K4me3 (cumsum)",
      "H3K9me3 (exp)",
      "H3K4me3 (raw)",
      "H3K27me3 (log1p)"
    ],
    "shap_values": [
      0.010064289228050234,
      -0.340894981316324,
      0.40265451614033365,
      0.038436361526867864,
      0.035027957976905874,
      -0.06172925835090035,
      -0.08226652661200531,
      -0.37130271617885796,
      0.08557272426564619,
      0.44747547494004036,
      -0.08391397670157233,
      0.10962025463914124,
      -0.02123113096881829,
      0.12462140421194834,
      0.038874589143393035
    ],
    "base_value": 0.07250355964496602,
    "final_prediction": 0.40351254158881456
  }
}