{
  "dataset": "REMC",
  "metric": "auc",
  "polynomial_degree": 3,
  "n_patterns": 9,
  "patterns": [
    {
      "pattern_id": 0,
      "pattern_start": 72,
      "pattern_width": 27,
      "pattern_values": [
        1.3201823234558105,
        0.94012451171875,
        0.4583561420440674,
        -0.11007857322692871,
        -0.7501380443572998,
        -1.4467780590057373,
        -2.1849570274353027,
        -2.9496309757232666,
        -3.725757360458374,
        -4.498293399810791,
        -5.252194881439209,
        -5.972420692443848,
        -6.643927097320557,
        -7.251670837402344,
        -7.780609607696533,
        -8.215699195861816,
        -8.541897773742676,
        -8.744162559509277,
        -8.807451248168945,
        -8.716718673706055,
        -8.45692253112793,
        -8.013020515441895,
        -7.369969844818115,
        -6.512727737426758,
        -5.426251411437988,
        -4.095497131347656,
        -2.505420207977295
      ],
      "series_index": 0
    },
    {
      "pattern_id": 1,
      "pattern_start": 0,
      "pattern_width": 81,
      "pattern_values": [
        7.061737537384033,
        6.892317771911621,
        6.741887092590332,
        6.609929084777832,
        6.49592399597168,
        6.399355888366699,
        6.319707870483398,
        6.256460666656494,
        6.209097385406494,
        6.177100658416748,
        6.1599531173706055,
        6.1571364402771,
        6.16813325881958,
        6.1924262046813965,
        6.229498386383057,
        6.278831481933594,
        6.339907646179199,
        6.412209987640381,
        6.49522066116333,
        6.5884222984313965,
        6.691296100616455,
        6.803326606750488,
        6.923995018005371,
        7.052783966064453,
        7.189176082611084,
        7.332653045654297,
        7.4826979637146,
        7.638793468475342,
        7.800421714782715,
        7.96706485748291,
        8.138206481933594,
        8.313326835632324,
        8.491909980773926,
        8.673439025878906,
        8.857393264770508,
        9.043258666992188,
        9.23051643371582,
        9.418647766113281,
        9.607138633728027,
        9.795465469360352,
        9.98311710357666,
        10.169572830200195,
        10.354313850402832,
        10.536825180053711,
        10.716588973999023,
        10.893085479736328,
        11.065799713134766,
        11.234210968017578,
        11.397805213928223,
        11.556063652038574,
        11.708467483520508,
        11.854500770568848,
        11.993645668029785,
        12.125383377075195,
        12.249197006225586,
        12.364570617675781,
        12.470982551574707,
        12.567920684814453,
        12.654862403869629,
        12.731293678283691,
        12.796695709228516,
        12.850549697875977,
        12.892340660095215,
        12.921548843383789,
        12.937657356262207,
        12.940149307250977,
        12.928506851196289,
        12.90221118927002,
        12.860746383666992,
        12.803592681884766,
        12.730236053466797,
        12.640156745910645,
        12.5328369140625,
        12.407758712768555,
        12.264405250549316,
        12.10226058959961,
        11.920804977416992,
        11.719521522521973,
        11.497892379760742,
        11.255399703979492,
        10.991525650024414
      ],
      "series_index": 4
    },
    {
      "pattern_id": 2,
      "pattern_start": 63,
      "pattern_width": 51,
      "pattern_values": [
        4.68300199508667,
        4.564796447753906,
        4.483108997344971,
        4.436097145080566,
        4.421916484832764,
        4.438723087310791,
        4.484673500061035,
        4.55792236328125,
        4.656627178192139,
        4.7789435386657715,
        4.923027992248535,
        5.087035655975342,
        5.2691240310668945,
        5.467447280883789,
        5.68016242980957,
        5.905426502227783,
        6.14139461517334,
        6.386223316192627,
        6.638068675994873,
        6.89508581161499,
        7.155432224273682,
        7.417263031005859,
        7.678734302520752,
        7.938002586364746,
        8.19322395324707,
        8.442554473876953,
        8.684150695800781,
        8.916167259216309,
        9.136760711669922,
        9.344088554382324,
        9.53630542755127,
        9.711568832397461,
        9.868032455444336,
        10.00385570526123,
        10.117191314697266,
        10.206197738647461,
        10.26902961730957,
        10.30384349822998,
        10.308795928955078,
        10.28204345703125,
        10.221739768981934,
        10.126044273376465,
        9.993110656738281,
        9.821096420288086,
        9.608155250549316,
        9.352447509765625,
        9.0521240234375,
        8.70534610748291,
        8.310264587402344,
        7.865040302276611,
        7.36782693862915
      ],
      "series_index": 1
    },
    {
      "pattern_id": 3,
      "pattern_start": 38,
      "pattern_width": 51,
      "pattern_values": [
        -16.346317291259766,
        -15.007986068725586,
        -13.751810073852539,
        -12.575531959533691,
        -11.476896286010742,
        -10.453653335571289,
        -9.50354290008545,
        -8.624313354492188,
        -7.813709259033203,
        -7.069474697113037,
        -6.38935661315918,
        -5.77109956741333,
        -5.212449550628662,
        -4.711151123046875,
        -4.264950275421143,
        -3.8715920448303223,
        -3.5288212299346924,
        -3.2343833446502686,
        -2.9860243797302246,
        -2.7814888954162598,
        -2.6185226440429688,
        -2.494870901107788,
        -2.4082789421081543,
        -2.3564915657043457,
        -2.337254762649536,
        -2.348313808441162,
        -2.387413740158081,
        -2.4523000717163086,
        -2.540717601776123,
        -2.6504123210906982,
        -2.7791295051574707,
        -2.9246139526367188,
        -3.084611415863037,
        -3.2568671703338623,
        -3.4391257762908936,
        -3.629133701324463,
        -3.8246355056762695,
        -4.023377418518066,
        -4.2231035232543945,
        -4.421559810638428,
        -4.616491317749023,
        -4.805643558502197,
        -4.986762046813965,
        -5.157591342926025,
        -5.315877914428711,
        -5.459366798400879,
        -5.58580207824707,
        -5.692929267883301,
        -5.778495788574219,
        -5.840244770050049,
        -5.875922679901123
      ],
      "series_index": 0
    },
    {
      "pattern_id": 4,
      "pattern_start": 11,
      "pattern_width": 92,