{
  "dataset": "REMC",
  "metric": "auc",
  "polynomial_degree": 3,
  "n_patterns": 10,
  "patterns": [
    {
      "pattern_id": 0,
      "pattern_start": 73,
      "pattern_width": 23,
      "pattern_values": [
        -2.853921890258789,
        -3.2388200759887695,
        -3.5779662132263184,
        -3.891392230987549,
        -4.199131011962891,
        -4.521213531494141,
        -4.877671241760254,
        -5.2885355949401855,
        -5.773838996887207,
        -6.353611469268799,
        -7.047885894775391,
        -7.876694202423096,
        -8.860067367553711,
        -10.018035888671875,
        -11.370634078979492,
        -12.937891960144043,
        -14.739840507507324,
        -16.796512603759766,
        -19.12793731689453,
        -21.754150390625,
        -24.69518280029297,
        -27.97106170654297,
        -31.601821899414062
      ],
      "series_index": 0
    },
    {
      "pattern_id": 1,
      "pattern_start": 0,
      "pattern_width": 90,
      "pattern_values": [
        -25.604639053344727,
        -24.474475860595703,
        -23.382755279541016,
        -22.328813552856445,
        -21.311983108520508,
        -20.331605911254883,
        -19.387006759643555,
        -18.47753143310547,
        -17.60251235961914,
        -16.761281967163086,
        -15.953176498413086,
        -15.177534103393555,
        -14.433686256408691,
        -13.720969200134277,
        -13.038719177246094,
        -12.386270523071289,
        -11.762959480285645,
        -11.168118476867676,
        -10.60108757019043,
        -10.061199188232422,
        -9.547788619995117,
        -9.060192108154297,
        -8.597743034362793,
        -8.15977954864502,
        -7.745635032653809,
        -7.354643821716309,
        -6.986142158508301,
        -6.639466285705566,
        -6.313951015472412,
        -6.008930683135986,
        -5.7237420082092285,
        -5.457718372344971,
        -5.2101969718933105,
        -4.980511665344238,
        -4.767998218536377,
        -4.57199239730835,
        -4.391828536987305,
        -4.226842880249023,
        -4.076369762420654,
        -3.9397449493408203,
        -3.8163037300109863,
        -3.705381155014038,
        -3.6063129901885986,
        -3.5184335708618164,
        -3.4410791397094727,
        -3.373584747314453,
        -3.3152852058410645,
        -3.2655160427093506,
        -3.2236125469207764,
        -3.1889100074768066,
        -3.1607437133789062,
        -3.138448476791382,
        -3.1213605403900146,
        -3.108814239501953,
        -3.100145101547241,
        -3.094688653945923,
        -3.091780185699463,
        -3.090754508972168,
        -3.090947151184082,
        -3.091693639755249,
        -3.0923287868499756,
        -3.0921883583068848,
        -3.090607166290283,
        -3.0869204998016357,
        -3.0804641246795654,
        -3.0705726146698,
        -3.056581974029541,
        -3.0378265380859375,
        -3.0136427879333496,
        -2.9833645820617676,
        -2.9463284015655518,
        -2.901869297027588,
        -2.8493218421936035,
        -2.7880213260650635,
        -2.717304229736328,
        -2.6365044116973877,
        -2.5449583530426025,
        -2.4420006275177,
        -2.3269662857055664,
        -2.199191093444824,
        -2.0580105781555176,
        -1.9027581214904785,
        -1.732771873474121,
        -1.5473856925964355,
        -1.345933437347412,
        -1.1277527809143066,
        -0.8921780586242676,
        -0.6385440826416016,
        -0.36618614196777344,
        -0.07444095611572266
      ],
      "series_index": 4
    },
    {
      "pattern_id": 2,
      "pattern_start": 25,
      "pattern_width": 87,
      "pattern_values": [
        13.371601104736328,
        12.578292846679688,
        11.818477630615234,
        11.091596603393555,
        10.397088050842285,
        9.734394073486328,
        9.102956771850586,
        8.502218246459961,
        7.931619167327881,
        7.390601634979248,
        6.878605365753174,
        6.395071983337402,
        5.939443588256836,
        5.511159896850586,
        5.1096649169921875,
        4.734398365020752,
        4.384800910949707,
        4.060315132141113,
        3.7603816986083984,
        3.484442710876465,
        3.231938362121582,
        3.0023107528686523,
        2.7950000762939453,
        2.6094493865966797,
        2.445099115371704,
        2.3013899326324463,
        2.177764415740967,
        2.0736632347106934,
        1.9885274171829224,
        1.9217989444732666,
        1.872918725013733,
        1.8413280248641968,
        1.8264684677124023,
        1.8277809619903564,
        1.8447072505950928,
        1.8766884803771973,
        1.9231659173965454,
        1.9835808277130127,
        2.0573744773864746,
        2.143988847732544,
        2.2428643703460693,
        2.353442668914795,
        2.475165605545044,
        2.607473373413086,
        2.7498080730438232,
        2.901611328125,
        3.0623233318328857,
        3.231386423110962,
        3.4082417488098145,
        3.59233021736145,
        3.783093214035034,
        3.9799723625183105,
        4.182409286499023,
        4.38984489440918,
        4.601719856262207,
        4.81747579574585,
        5.03655481338501,
        5.258398056030273,
        5.482446670532227,
        5.708140850067139,
        5.9349236488342285,
        6.162235736846924,
        6.3895182609558105,
        6.616212844848633,
        6.841759204864502,
        7.065601348876953,
        7.287179470062256,
        7.505934238433838,
        7.721306800842285,
        7.932739734649658,
        8.139674186706543,
        8.34154987335205,
        8.537810325622559,
        8.72789478302002,
        8.911247253417969,
        9.087305068969727,
        9.255512237548828,
        9.415310859680176,
        9.566140174865723,
        9.707443237304688,
        9.838661193847656,
        9.959234237670898,
        10.068603515625,
        10.166210174560547,
        10.251497268676758,
        10.323904991149902,
        10.3828763961792
      ],
      "series_index": 2
    },
    {
      "pattern_id": 3,
      "pattern_start": 6,
      "pattern_width": 116,