{
  "dataset": "AZT1D",
  "metric": "rmse",
  "polynomial_degree": 3,
  "n_patterns": 4,
  "patterns": [
    {
      "pattern_id": 0,
      "pattern_start": 1,
      "pattern_width": 10,
      "pattern_values": [
        1.1767578125,
        0.87744140625,
        0.62841796875,
        0.442626953125,
        0.333740234375,
        0.31494140625,
        0.3994140625,
        0.6005859375,
        0.931640625,
        1.4052734375
      ]
    },
    {
      "pattern_id": 1,
      "pattern_start": 22,
      "pattern_width": 2,
      "pattern_values": [
        -2.220703125,
        0.17041015625
      ]
    },
    {
      "pattern_id": 2,
      "pattern_start": 1,
      "pattern_width": 2,
      "pattern_values": [
        -1.0791015625,
        -2.037109375
      ]
    },
    {
      "pattern_id": 3,
      "pattern_start": 9,
      "pattern_width": 5,
      "pattern_values": [
        1.0830078125,
        0.240234375,
        0.308837890625,
        0.8408203125,
        1.388671875
      ]
    }
  ]
}