{
  "dataset": "REMC",
  "metric": "auc",
  "polynomial_degree": 3,
  "n_patterns": 6,
  "patterns": [
    {
      "pattern_id": 0,
      "pattern_start": 63,
      "pattern_width": 36,
      "pattern_values": [
        -13.162940979003906,
        -13.14804458618164,
        -13.044310569763184,
        -12.861043930053711,
        -12.607561111450195,
        -12.293170928955078,
        -11.92718505859375,
        -11.518915176391602,
        -11.077672004699707,
        -10.612768173217773,
        -10.133513450622559,
        -9.64922046661377,
        -9.16919994354248,
        -8.702763557434082,
        -8.259221076965332,
        -7.84788703918457,
        -7.478070259094238,
        -7.159082889556885,
        -6.9002366065979,
        -6.710842132568359,
        -6.600211143493652,
        -6.577654838562012,
        -6.652484893798828,
        -6.834012508392334,
        -7.131548881530762,
        -7.55440616607666,
        -8.111893653869629,
        -8.813325881958008,
        -9.668011665344238,
        -10.685262680053711,
        -11.874390602111816,
        -13.244708061218262,
        -14.805523872375488,
        -16.566150665283203,
        -18.53590202331543,
        -20.724084854125977
      ],
      "series_index": 0
    },
    {
      "pattern_id": 1,
      "pattern_start": 0,
      "pattern_width": 88,
      "pattern_values": [
        -8.617391586303711,
        -8.602535247802734,
        -8.592931747436523,
        -8.588254928588867,
        -8.588181495666504,
        -8.592382431030273,
        -8.600530624389648,
        -8.612300872802734,
        -8.627366065979004,
        -8.64539909362793,
        -8.66607666015625,
        -8.689068794250488,
        -8.71405029296875,
        -8.740694999694824,
        -8.7686767578125,
        -8.797666549682617,
        -8.827340126037598,
        -8.857372283935547,
        -8.887433052062988,
        -8.917198181152344,
        -8.946341514587402,
        -8.974535942077637,
        -9.001453399658203,
        -9.026769638061523,
        -9.050158500671387,
        -9.07129192352295,
        -9.08984375,
        -9.105487823486328,
        -9.117897033691406,
        -9.12674617767334,
        -9.131707191467285,
        -9.132454872131348,
        -9.128661155700684,
        -9.120001792907715,
        -9.106149673461914,
        -9.086776733398438,
        -9.061558723449707,
        -9.030166625976562,
        -8.992276191711426,
        -8.947559356689453,
        -8.89569091796875,
        -8.836344718933105,
        -8.769192695617676,
        -8.69390869140625,
        -8.610166549682617,
        -8.517640113830566,
        -8.416003227233887,
        -8.304927825927734,
        -8.184089660644531,
        -8.053160667419434,
        -7.911813735961914,
        -7.759724140167236,
        -7.596564769744873,
        -7.422008514404297,
        -7.235730171203613,
        -7.0374016761779785,
        -6.82669734954834,
        -6.6032915115356445,
        -6.366856098175049,
        -6.117065906524658,
        -5.8535943031311035,
        -5.576113700866699,
        -5.284298419952393,
        -4.977822303771973,
        -4.656358242034912,
        -4.319580078125,
        -3.9671616554260254,
        -3.598775863647461,
        -3.2140955924987793,
        -2.8127965927124023,
        -2.394550323486328,
        -1.959031105041504,
        -1.5059128999710083,
        -1.0348682403564453,
        -0.5455710887908936,
        -0.03769564628601074,
        0.4890875816345215,
        1.0351006984710693,
        1.6006722450256348,
        2.186128854751587,
        2.791797161102295,
        3.4180026054382324,
        4.065073013305664,
        4.733334541320801,
        5.4231133460998535,
        6.134736061096191,
        6.868527889251709,
        7.62481689453125
      ],
      "series_index": 4
    },
    {
      "pattern_id": 2,
      "pattern_start": 12,
      "pattern_width": 90,
      "pattern_values": [
        16.70084571838379,
        16.249378204345703,
        15.804149627685547,
        15.365191459655762,
        14.932539939880371,
        14.506230354309082,
        14.086292266845703,
        13.672764778137207,
        13.265678405761719,
        12.865066528320312,
        12.470964431762695,
        12.083407402038574,
        11.702425003051758,
        11.328054428100586,
        10.960329055786133,
        10.599282264709473,
        10.244945526123047,
        9.897356033325195,
        9.556547164916992,
        9.222552299499512,
        8.895404815673828,
        8.575138092041016,
        8.261787414550781,
        7.955385684967041,
        7.655966281890869,
        7.363563537597656,
        7.078211307525635,
        6.799943447113037,
        6.528794288635254,
        6.264797210693359,
        6.0079851150512695,
        5.758392810821533,
        5.516054153442383,
        5.281002998352051,
        5.053272724151611,
        4.832896709442139,
        4.61991024017334,
        4.414346218109131,
        4.216238498687744,
        4.025620460510254,
        3.842526912689209,
        3.6669909954071045,
        3.499047040939331,
        3.3387279510498047,
        3.186068534851074,
        3.0411019325256348,
        2.903862476348877,
        2.774383783340454,
        2.6526997089385986,
        2.5388436317443848,
        2.4328501224517822,
        2.3347525596618652,
        2.244584798812866,
        2.1623804569244385,
        2.0881738662719727,
        2.021998882293701,
        1.96388840675354,
        1.9138771295547485,
        1.8719985485076904,
        1.8382866382598877,
        1.8127750158309937,
        1.7954976558685303,
        1.78648841381073,
        1.7857807874679565,
        1.793408989906311,
        1.8094067573547363,
        1.8338078260421753,
        1.8666458129882812,
        1.9079550504684448,
        1.9577690362930298,
        2.0161213874816895,
        2.0830461978912354,
        2.1585774421691895,
        2.242748498916626,
        2.3355939388275146,
        2.4371464252471924,
        2.547441005706787,
        2.666510820388794,
        2.794389486312866,
        2.9311113357543945,
        3.076709747314453,
        3.2312188148498535,
        3.394672155380249,
        3.5671043395996094,
        3.7485485076904297,
        3.9390382766723633,
        4.138607501983643,
        4.347290992736816,
        4.565121173858643,
        4.792133331298828
      ],
      "series_index": 1
    },
    {
      "pattern_id": 3,
      "pattern_start": 6,
      "pattern_width": 53,