{
  "dataset": "REMC",
  "metric": "auc",
  "polynomial_degree": 3,
  "n_patterns": 8,
  "patterns": [
    {
      "pattern_id": 0,
      "pattern_start": 78,
      "pattern_width": 19,
      "pattern_values": [
        -2.3270134925842285,
        -3.1386189460754395,
        -3.7276532649993896,
        -4.150123596191406,
        -4.462033271789551,
        -4.719389915466309,
        -4.97819709777832,
        -5.294461250305176,
        -5.724188327789307,
        -6.323382377624512,
        -7.148049831390381,
        -8.254195213317871,
        -9.697826385498047,
        -11.534944534301758,
        -13.82155990600586,
        -16.613676071166992,
        -19.967294692993164,
        -23.938426971435547,
        -28.58307647705078
      ],
      "series_index": 0
    },
    {
      "pattern_id": 1,
      "pattern_start": 0,
      "pattern_width": 71,
      "pattern_values": [
        -6.049211502075195,
        -6.41365909576416,
        -6.744593620300293,
        -7.043408393859863,
        -7.311497211456299,
        -7.550246715545654,
        -7.76105260848999,
        -7.945306777954102,
        -8.104398727416992,
        -8.239720344543457,
        -8.352666854858398,
        -8.444625854492188,
        -8.51699161529541,
        -8.571155548095703,
        -8.608509063720703,
        -8.630443572998047,
        -8.638351440429688,
        -8.633625030517578,
        -8.617655754089355,
        -8.59183406829834,
        -8.557554244995117,
        -8.516205787658691,
        -8.469181060791016,
        -8.417872428894043,
        -8.363670349121094,
        -8.30797004699707,
        -8.252159118652344,
        -8.197632789611816,
        -8.145779609680176,
        -8.097993850708008,
        -8.055665969848633,
        -8.020188331604004,
        -7.992952823638916,
        -7.975351333618164,
        -7.968775749206543,
        -7.974616527557373,
        -7.994266510009766,
        -8.029118537902832,
        -8.080561637878418,
        -8.14999008178711,
        -8.238795280456543,
        -8.348367691040039,
        -8.480100631713867,
        -8.635385513305664,
        -8.81561279296875,
        -9.022175788879395,
        -9.25646686553955,
        -9.519875526428223,
        -9.81379508972168,
        -10.139617919921875,
        -10.498732566833496,
        -10.892536163330078,
        -11.322416305541992,
        -11.789766311645508,
        -12.295978546142578,
        -12.842442512512207,
        -13.430550575256348,
        -14.061697006225586,
        -14.737272262573242,
        -15.45866584777832,
        -16.22727394104004,
        -17.044485092163086,
        -17.911691665649414,
        -18.830286026000977,
        -19.801660537719727,
        -20.82720375061035,
        -21.90831184387207,
        -23.046375274658203,
        -24.242782592773438,
        -25.498929977416992,
        -26.816207885742188
      ],
      "series_index": 4
    },
    {
      "pattern_id": 2,
      "pattern_start": 23,
      "pattern_width": 79,
      "pattern_values": [
        -1.084399700164795,
        -1.0937719345092773,
        -1.0823678970336914,
        -1.050940990447998,
        -1.0002498626708984,
        -0.9310488700866699,
        -0.8440942764282227,
        -0.7401399612426758,
        -0.6199445724487305,
        -0.48426294326782227,
        -0.3338501453399658,
        -0.1694636344909668,
        0.008142232894897461,
        0.1982109546661377,
        0.3999871015548706,
        0.6127140522003174,
        0.835637092590332,
        1.0679993629455566,
        1.309045672416687,
        1.5580195188522339,
        1.8141659498214722,
        2.076728582382202,
        2.3449511528015137,
        2.6180787086486816,
        2.8953545093536377,
        3.176023483276367,
        3.459329605102539,
        3.744516372680664,
        4.030828952789307,
        4.317511558532715,
        4.603806495666504,
        4.888960361480713,
        5.172215461730957,
        5.452816963195801,
        5.730008602142334,
        6.003035545349121,
        6.271140098571777,
        6.533567428588867,
        6.789561748504639,
        7.038367748260498,
        7.279228687286377,
        7.511388778686523,
        7.734092712402344,
        7.946584224700928,
        8.148106575012207,
        8.337905883789062,
        8.515225410461426,
        8.679308891296387,
        8.829401016235352,
        8.96474552154541,
        9.084587097167969,
        9.188170433044434,
        9.274737358093262,
        9.343533515930176,
        9.393804550170898,
        9.424792289733887,
        9.435741424560547,
        9.425896644592285,
        9.394502639770508,
        9.340802192687988,
        9.264039039611816,
        9.163460731506348,
        9.038307189941406,
        8.887825012207031,
        8.711257934570312,
        8.50784969329834,
        8.27684497833252,
        8.017488479614258,
        7.729022979736328,
        7.4106926918029785,
        7.061742782592773,
        6.681416034698486,
        6.268958568572998,
        5.82361364364624,
        5.344624042510986,
        4.831235885620117,
        4.282694339752197,
        3.698240280151367,
        3.077118396759033
      ],
      "series_index": 2
    },
    {
      "pattern_id": 3,
      "pattern_start": 0,
      "pattern_width": 109,