{
  "dataset": "REMC",
  "metric": "auc",
  "polynomial_degree": 3,
  "n_patterns": 5,
  "patterns": [
    {
      "pattern_id": 0,
      "pattern_start": 76,
      "pattern_width": 22,
      "pattern_values": [
        -0.93701171875,
        -0.79931640625,
        -0.6904296875,
        -0.60595703125,
        -0.54296875,
        -0.49853515625,
        -0.46875,
        -0.4501953125,
        -0.439697265625,
        -0.43359375,
        -0.428466796875,
        -0.421142578125,
        -0.407958984375,
        -0.385498046875,
        -0.3505859375,
        -0.299560546875,
        -0.2288818359375,
        -0.1356201171875,
        -0.015838623046875,
        0.133544921875,
        0.31591796875,
        0.53515625
      ],
      "series_index": 0
    },
    {
      "pattern_id": 1,
      "pattern_start": 9,
      "pattern_width": 100,
      "pattern_values": [
        -0.248046875,
        -0.2509765625,
        -0.2548828125,
        -0.257568359375,
        -0.260498046875,
        -0.26318359375,
        -0.265380859375,
        -0.267578125,
        -0.269775390625,
        -0.271240234375,
        -0.2724609375,
        -0.2734375,
        -0.274658203125,
        -0.275390625,
        -0.275146484375,
        -0.27490234375,
        -0.274658203125,
        -0.2734375,
        -0.272216796875,
        -0.27099609375,
        -0.268798828125,
        -0.26611328125,
        -0.26318359375,
        -0.260009765625,
        -0.25634765625,
        -0.252197265625,
        -0.2474365234375,
        -0.2423095703125,
        -0.236572265625,
        -0.2305908203125,
        -0.2239990234375,
        -0.2166748046875,
        -0.208984375,
        -0.2005615234375,
        -0.19189453125,
        -0.182373046875,
        -0.17236328125,
        -0.1617431640625,
        -0.150634765625,
        -0.1387939453125,
        -0.126220703125,
        -0.113037109375,
        -0.09918212890625,
        -0.084716796875,
        -0.06951904296875,
        -0.0535888671875,
        -0.03704833984375,
        -0.0197296142578125,
        -0.0016756057739257812,
        0.0171356201171875,
        0.036712646484375,
        0.05706787109375,
        0.07818603515625,
        0.10009765625,
        0.122802734375,
        0.1463623046875,
        0.1707763671875,
        0.196044921875,
        0.22216796875,
        0.2491455078125,
        0.277099609375,
        0.305908203125,
        0.335205078125,
        0.365966796875,
        0.3974609375,
        0.43017578125,
        0.463134765625,
        0.497802734375,
        0.533203125,
        0.56982421875,
        0.60693359375,
        0.64501953125,
        0.68505859375,
        0.7255859375,
        0.7666015625,
        0.8095703125,
        0.8525390625,
        0.89794921875,
        0.943359375,
        0.9912109375,
        1.0390625,
        1.087890625,
        1.138671875,
        1.1904296875,
        1.2421875,
        1.296875,
        1.3515625,
        1.4091796875,
        1.4658203125,
        1.5244140625,
        1.5859375,
        1.6455078125,
        1.7080078125,
        1.7734375,
        1.8369140625,
        1.9052734375,
        1.97265625,
        2.041015625,
        2.111328125,
        2.18359375
      ],
      "series_index": 2
    },
    {
      "pattern_id": 2,
      "pattern_start": 25,
      "pattern_width": 76,
      "pattern_values": [
        -1.365234375,
        -1.283203125,
        -1.205078125,
        -1.1259765625,
        -1.05078125,
        -0.9765625,
        -0.90478515625,
        -0.83544921875,
        -0.767578125,
        -0.7001953125,
        -0.6376953125,
        -0.57470703125,
        -0.5146484375,
        -0.4560546875,
        -0.39892578125,
        -0.3447265625,
        -0.291015625,
        -0.23974609375,
        -0.189697265625,
        -0.1416015625,
        -0.0948486328125,
        -0.05010986328125,
        -0.00714111328125,
        0.034515380859375,
        0.074462890625,
        0.11322021484375,
        0.150146484375,
        0.1856689453125,
        0.2196044921875,
        0.252197265625,
        0.28369140625,
        0.313232421875,
        0.341796875,
        0.36865234375,
        0.394287109375,
        0.418701171875,
        0.44189453125,
        0.463623046875,
        0.484375,
        0.50341796875,
        0.52197265625,
        0.53857421875,
        0.5546875,
        0.5693359375,
        0.5830078125,
        0.595703125,
        0.60693359375,
        0.61767578125,
        0.626953125,
        0.63525390625,
        0.64306640625,
        0.6494140625,
        0.6552734375,
        0.65966796875,
        0.66357421875,
        0.66650390625,
        0.6689453125,
        0.669921875,
        0.6708984375,
        0.6708984375,
        0.669921875,
        0.66796875,
        0.666015625,
        0.66259765625,
        0.65966796875,
        0.6552734375,
        0.650390625,
        0.6455078125,
        0.63916015625,
        0.63232421875,
        0.6259765625,
        0.61865234375,
        0.6103515625,
        0.60205078125,
        0.59375,
        0.58447265625
      ],
      "series_index": 4
    },
    {
      "pattern_id": 3,
      "pattern_start": 4,
      "pattern_width": 72,
      "pattern_values": [
        -0.49853515625,
        -0.51708984375,
        -0.53369140625,
        -0.548828125,
        -0.56298828125,
        -0.5751953125,
        -0.58642578125,
        -0.59619140625,
        -0.6044921875,
        -0.611328125,
        -0.61669921875,
        -0.62158203125,
        -0.62451171875,
        -0.626953125,
        -0.62744140625,
        -0.6279296875,
        -0.62646484375,
        -0.62451171875,
        -0.62109375,
        -0.6171875,
        -0.6123046875,
        -0.6064453125,
        -0.599609375,
        -0.591796875,
        -0.583984375,
        -0.57470703125,
        -0.56494140625,
        -0.5546875,
        -0.5439453125,
        -0.5322265625,
        -0.52001953125,
        -0.50732421875,
        -0.494140625,
        -0.480712890625,
        -0.466796875,
        -0.452392578125,
        -0.437744140625,
        -0.422607421875,
        -0.407470703125,
        -0.39208984375,
        -0.376220703125,
        -0.3603515625,
        -0.344482421875,
        -0.328369140625,
        -0.312255859375,
        -0.296142578125,
        -0.280029296875,
        -0.263916015625,
        -0.248046875,
        -0.232177734375,
        -0.216552734375,
        -0.201171875,
        -0.185791015625,
        -0.1708984375,
        -0.15625,
        -0.1419677734375,
        -0.1278076171875,
        -0.114501953125,
        -0.10125732421875,
        -0.08868408203125,
        -0.07659912109375,
        -0.06512451171875,
        -0.053955078125,
        -0.0439453125,
        -0.0340576171875,
        -0.0252685546875,
        -0.0169677734375,
        -0.0096435546875,
        -0.0028076171875,
        0.0028076171875,
        0.0079345703125,
        0.0118408203125
      ],
      "series_index": 1
    },
    {
      "pattern_id": 4,
      "pattern_start": 160,
      "pattern_width": 13,
      "pattern_values": [
        -0.78759765625,
        -0.54833984375,
        -0.37841796875,
        -0.275390625,
        -0.2344970703125,
        -0.251708984375,
        -0.322509765625,
        -0.443115234375,
        -0.609375,
        -0.81689453125,
        -1.0615234375,
        -1.33984375,
        -1.646484375
      ],
      "series_index": 1
    }
  ]
}