{
  "dataset": "REMC",
  "metric": "auc",
  "polynomial_degree": 3,
  "n_patterns": 8,
  "patterns": [
    {
      "pattern_id": 0,
      "pattern_start": 44,
      "pattern_width": 55,
      "pattern_values": [
        0.489013671875,
        0.4248046875,
        0.36669921875,
        0.314208984375,
        0.267578125,
        0.2252197265625,
        0.1884765625,
        0.1553955078125,
        0.1268310546875,
        0.10235595703125,
        0.0811767578125,
        0.06414794921875,
        0.049560546875,
        0.038055419921875,
        0.028900146484375,
        0.02215576171875,
        0.01727294921875,
        0.01412200927734375,
        0.01236724853515625,
        0.01172637939453125,
        0.01190948486328125,
        0.01264190673828125,
        0.0136260986328125,
        0.014617919921875,
        0.0153045654296875,
        0.01540374755859375,
        0.01464080810546875,
        0.01273345947265625,
        0.00939178466796875,
        0.00433349609375,
        -0.0026988983154296875,
        -0.012054443359375,
        -0.02392578125,
        -0.03863525390625,
        -0.0565185546875,
        -0.077880859375,
        -0.10272216796875,
        -0.1317138671875,
        -0.1649169921875,
        -0.2025146484375,
        -0.2452392578125,
        -0.29296875,
        -0.34619140625,
        -0.405029296875,
        -0.468994140625,
        -0.5400390625,
        -0.6181640625,
        -0.7021484375,
        -0.7939453125,
        -0.89208984375,
        -0.99951171875,
        -1.1123046875,
        -1.234375,
        -1.3662109375,
        -1.5068359375
      ],
      "series_index": 0
    },
    {
      "pattern_id": 1,
      "pattern_start": 12,
      "pattern_width": 94,
      "pattern_values": [
        -0.74609375,
        -0.72705078125,
        -0.708984375,
        -0.69189453125,
        -0.67626953125,
        -0.65966796875,
        -0.64501953125,
        -0.630859375,
        -0.6171875,
        -0.603515625,
        -0.5908203125,
        -0.5791015625,
        -0.56640625,
        -0.55517578125,
        -0.5439453125,
        -0.533203125,
        -0.52294921875,
        -0.5126953125,
        -0.5029296875,
        -0.492919921875,
        -0.48388671875,
        -0.47412109375,
        -0.46484375,
        -0.45556640625,
        -0.4462890625,
        -0.43701171875,
        -0.427734375,
        -0.418212890625,
        -0.40869140625,
        -0.39892578125,
        -0.388916015625,
        -0.378662109375,
        -0.3681640625,
        -0.357421875,
        -0.34619140625,
        -0.334716796875,
        -0.32275390625,
        -0.310302734375,
        -0.297119140625,
        -0.283935546875,
        -0.269775390625,
        -0.255126953125,
        -0.2398681640625,
        -0.223876953125,
        -0.207275390625,
        -0.1898193359375,
        -0.171630859375,
        -0.152587890625,
        -0.1326904296875,
        -0.1119384765625,
        -0.0902099609375,
        -0.0675048828125,
        -0.0438232421875,
        -0.0191497802734375,
        0.006671905517578125,
        0.033477783203125,
        0.06170654296875,
        0.09100341796875,
        0.1214599609375,
        0.153076171875,
        0.1861572265625,
        0.2205810546875,
        0.25634765625,
        0.29345703125,
        0.33203125,
        0.372314453125,
        0.413818359375,
        0.45703125,
        0.501953125,
        0.5478515625,
        0.595703125,
        0.6455078125,
        0.69677734375,
        0.75,
        0.8046875,
        0.861328125,
        0.919921875,
        0.98046875,
        1.04296875,
        1.107421875,
        1.173828125,
        1.2431640625,
        1.3154296875,
        1.388671875,
        1.4638671875,
        1.5400390625,
        1.619140625,
        1.701171875,
        1.78515625,
        1.87109375,
        1.9599609375,
        2.05078125,
        2.14453125,
        2.240234375
      ],
      "series_index": 2
    },
    {
      "pattern_id": 2,
      "pattern_start": 10,
      "pattern_width": 98,
      "pattern_values": [
        0.97998046875,
        0.9384765625,
        0.89697265625,
        0.85595703125,
        0.81640625,
        0.77783203125,
        0.73974609375,
        0.70166015625,
        0.6650390625,
        0.62939453125,
        0.5947265625,
        0.56005859375,
        0.52587890625,
        0.49267578125,
        0.46044921875,
        0.4287109375,
        0.39697265625,
        0.36669921875,
        0.3369140625,
        0.3076171875,
        0.2783203125,
        0.250244140625,
        0.22265625,
        0.19580078125,
        0.1693115234375,
        0.14306640625,
        0.11737060546875,
        0.0924072265625,
        0.067626953125,
        0.04364013671875,
        0.019775390625,
        -0.00331878662109375,
        -0.0263214111328125,
        -0.048583984375,
        -0.07049560546875,
        -0.09228515625,
        -0.11346435546875,
        -0.134521484375,
        -0.1549072265625,
        -0.1751708984375,
        -0.1951904296875,
        -0.21484375,
        -0.234130859375,
        -0.253173828125,
        -0.27197265625,
        -0.29052734375,
        -0.308837890625,
        -0.326904296875,
        -0.344970703125,
        -0.362548828125,
        -0.380126953125,
        -0.3974609375,
        -0.41455078125,
        -0.431640625,
        -0.448486328125,
        -0.46533203125,
        -0.482177734375,
        -0.498779296875,
        -0.51513671875,
        -0.53173828125,
        -0.5478515625,
        -0.564453125,
        -0.58056640625,
        -0.59716796875,
        -0.61328125,
        -0.6298828125,
        -0.646484375,
        -0.66259765625,
        -0.67919921875,
        -0.69580078125,
        -0.71240234375,
        -0.72900390625,
        -0.74609375,
        -0.76318359375,
        -0.7802734375,
        -0.79736328125,
        -0.81494140625,
        -0.83251953125,
        -0.8505859375,
        -0.86865234375,
        -0.88671875,
        -0.90478515625,
        -0.92431640625,
        -0.94287109375,
        -0.9619140625,
        -0.9814453125,
        -1.001953125,
        -1.021484375,
        -1.0419921875,
        -1.0625,
        -1.083984375,
        -1.10546875,
        -1.1279296875,
        -1.1494140625,
        -1.171875,
        -1.1953125,
        -1.21875,
        -1.2431640625
      ],
      "series_index": 4
    },
    {
      "pattern_id": 3,
      "pattern_start": 3,
      "pattern_width": 192,