{
  "dataset": "REMC",
  "metric": "auc",
  "polynomial_degree": 3,
  "n_patterns": 6,
  "patterns": [
    {
      "pattern_id": 0,
      "pattern_start": 11,
      "pattern_width": 86,
      "pattern_values": [
        0.515625,
        0.450439453125,
        0.3876953125,
        0.325927734375,
        0.267333984375,
        0.21044921875,
        0.15625,
        0.1029052734375,
        0.0513916015625,
        0.0023193359375,
        -0.044921875,
        -0.0904541015625,
        -0.1341552734375,
        -0.1763916015625,
        -0.2176513671875,
        -0.2568359375,
        -0.2939453125,
        -0.329833984375,
        -0.3642578125,
        -0.39794921875,
        -0.429443359375,
        -0.4599609375,
        -0.489013671875,
        -0.51708984375,
        -0.54345703125,
        -0.56884765625,
        -0.59375,
        -0.61669921875,
        -0.63916015625,
        -0.66064453125,
        -0.6806640625,
        -0.7001953125,
        -0.71875,
        -0.73681640625,
        -0.75341796875,
        -0.77001953125,
        -0.78564453125,
        -0.80029296875,
        -0.814453125,
        -0.828125,
        -0.84130859375,
        -0.8544921875,
        -0.86669921875,
        -0.87841796875,
        -0.89013671875,
        -0.9013671875,
        -0.912109375,
        -0.9228515625,
        -0.93359375,
        -0.94384765625,
        -0.9541015625,
        -0.96435546875,
        -0.974609375,
        -0.98486328125,
        -0.9951171875,
        -1.005859375,
        -1.0166015625,
        -1.02734375,
        -1.0380859375,
        -1.0498046875,
        -1.0615234375,
        -1.0732421875,
        -1.0859375,
        -1.0986328125,
        -1.1123046875,
        -1.1259765625,
        -1.140625,
        -1.15625,
        -1.171875,
        -1.1884765625,
        -1.2060546875,
        -1.2236328125,
        -1.2431640625,
        -1.2626953125,
        -1.283203125,
        -1.3046875,
        -1.328125,
        -1.3515625,
        -1.376953125,
        -1.40234375,
        -1.4296875,
        -1.4580078125,
        -1.4873046875,
        -1.51953125,
        -1.55078125,
        -1.5849609375
      ],
      "series_index": 0
    },
    {
      "pattern_id": 1,
      "pattern_start": 0,
      "pattern_width": 137,
      "pattern_values": [
        -0.0897216796875,
        -0.0836181640625,
        -0.077392578125,
        -0.07080078125,
        -0.064208984375,
        -0.05712890625,
        -0.0501708984375,
        -0.043212890625,
        -0.035888671875,
        -0.02813720703125,
        -0.020751953125,
        -0.0130615234375,
        -0.00543212890625,
        0.00286865234375,
        0.01080322265625,
        0.01885986328125,
        0.027099609375,
        0.03533935546875,
        0.0438232421875,
        0.05218505859375,
        0.06109619140625,
        0.06982421875,
        0.078857421875,
        0.087646484375,
        0.096923828125,
        0.10595703125,
        0.1151123046875,
        0.124267578125,
        0.1337890625,
        0.14306640625,
        0.15283203125,
        0.1622314453125,
        0.1719970703125,
        0.181640625,
        0.191162109375,
        0.200927734375,
        0.210693359375,
        0.220703125,
        0.23046875,
        0.240478515625,
        0.25048828125,
        0.260498046875,
        0.2705078125,
        0.2802734375,
        0.29052734375,
        0.300537109375,
        0.310546875,
        0.320556640625,
        0.330810546875,
        0.3408203125,
        0.350830078125,
        0.36083984375,
        0.370849609375,
        0.380859375,
        0.390869140625,
        0.40087890625,
        0.410888671875,
        0.4208984375,
        0.430908203125,
        0.440673828125,
        0.450439453125,
        0.460205078125,
        0.469970703125,
        0.479736328125,
        0.4892578125,
        0.4990234375,
        0.50830078125,
        0.51806640625,
        0.52734375,
        0.53662109375,
        0.5458984375,
        0.55517578125,
        0.564453125,
        0.5732421875,
        0.58203125,
        0.5908203125,
        0.599609375,
        0.6083984375,
        0.61669921875,
        0.62548828125,
        0.6337890625,
        0.64208984375,
        0.64990234375,
        0.658203125,
        0.666015625,
        0.67333984375,
        0.68115234375,
        0.6884765625,
        0.69580078125,
        0.703125,
        0.71044921875,
        0.71728515625,
        0.72412109375,
        0.73046875,
        0.73681640625,
        0.7431640625,
        0.74951171875,
        0.75537109375,
        0.76123046875,
        0.7666015625,
        0.7724609375,
        0.77734375,
        0.78271484375,
        0.78759765625,
        0.7919921875,
        0.796875,
        0.80078125,
        0.80517578125,
        0.80908203125,
        0.81298828125,
        0.81640625,
        0.8193359375,
        0.822265625,
        0.8251953125,
        0.828125,
        0.830078125,
        0.83251953125,
        0.83447265625,
        0.8359375,
        0.83740234375,
        0.83837890625,
        0.83935546875,
        0.83984375,
        0.84033203125,
        0.84033203125,
        0.84033203125,
        0.83984375,
        0.83935546875,
        0.8388671875,
        0.837890625,
        0.8359375,
        0.833984375,
        0.83203125,
        0.830078125,
        0.8271484375,
        0.82421875,
        0.82080078125
      ],
      "series_index": 2
    },
    {
      "pattern_id": 2,
      "pattern_start": 5,
      "pattern_width": 190,