{
  "dataset": "REMC",
  "metric": "auc",
  "polynomial_degree": 3,
  "n_patterns": 9,
  "patterns": [
    {
      "pattern_id": 0,
      "pattern_start": 57,
      "pattern_width": 39,
      "pattern_values": [
        -0.467529296875,
        -0.475341796875,
        -0.48388671875,
        -0.493408203125,
        -0.50390625,
        -0.515625,
        -0.5283203125,
        -0.54150390625,
        -0.5556640625,
        -0.5712890625,
        -0.58740234375,
        -0.6044921875,
        -0.62255859375,
        -0.6416015625,
        -0.66162109375,
        -0.68212890625,
        -0.7041015625,
        -0.7265625,
        -0.74951171875,
        -0.77392578125,
        -0.798828125,
        -0.82470703125,
        -0.8515625,
        -0.87939453125,
        -0.90771484375,
        -0.9365234375,
        -0.966796875,
        -0.99755859375,
        -1.029296875,
        -1.0615234375,
        -1.0947265625,
        -1.1279296875,
        -1.1630859375,
        -1.1982421875,
        -1.234375,
        -1.271484375,
        -1.30859375,
        -1.3466796875,
        -1.3857421875
      ],
      "series_index": 0
    },
    {
      "pattern_id": 1,
      "pattern_start": 0,
      "pattern_width": 103,
      "pattern_values": [
        0.0361328125,
        0.03662109375,
        0.03515625,
        0.03271484375,
        0.02978515625,
        0.02490234375,
        0.01904296875,
        0.0126953125,
        0.00390625,
        -0.00439453125,
        -0.013916015625,
        -0.025146484375,
        -0.036865234375,
        -0.049072265625,
        -0.062744140625,
        -0.07666015625,
        -0.091552734375,
        -0.10693359375,
        -0.123291015625,
        -0.14013671875,
        -0.157470703125,
        -0.1754150390625,
        -0.1939697265625,
        -0.213134765625,
        -0.232177734375,
        -0.252197265625,
        -0.272216796875,
        -0.292724609375,
        -0.3134765625,
        -0.33447265625,
        -0.355712890625,
        -0.377197265625,
        -0.398681640625,
        -0.42041015625,
        -0.442138671875,
        -0.4638671875,
        -0.4853515625,
        -0.50732421875,
        -0.52880859375,
        -0.55029296875,
        -0.5712890625,
        -0.59228515625,
        -0.61328125,
        -0.6337890625,
        -0.65380859375,
        -0.673828125,
        -0.693359375,
        -0.71240234375,
        -0.73095703125,
        -0.7490234375,
        -0.76611328125,
        -0.783203125,
        -0.79931640625,
        -0.81494140625,
        -0.830078125,
        -0.84423828125,
        -0.857421875,
        -0.8701171875,
        -0.8818359375,
        -0.89306640625,
        -0.90283203125,
        -0.91162109375,
        -0.919921875,
        -0.9267578125,
        -0.9326171875,
        -0.9375,
        -0.94091796875,
        -0.943359375,
        -0.94482421875,
        -0.9443359375,
        -0.943359375,
        -0.9404296875,
        -0.93603515625,
        -0.9306640625,
        -0.923828125,
        -0.9150390625,
        -0.9052734375,
        -0.89404296875,
        -0.880859375,
        -0.8662109375,
        -0.849609375,
        -0.8310546875,
        -0.8115234375,
        -0.78955078125,
        -0.7666015625,
        -0.74072265625,
        -0.7138671875,
        -0.68359375,
        -0.65234375,
        -0.619140625,
        -0.583984375,
        -0.546875,
        -0.5078125,
        -0.46435546875,
        -0.4208984375,
        -0.375,
        -0.32666015625,
        -0.27587890625,
        -0.22314453125,
        -0.16552734375,
        -0.1083984375,
        -0.04833984375,
        0.0146484375
      ],
      "series_index": 2
    },
    {
      "pattern_id": 2,
      "pattern_start": 3,
      "pattern_width": 165,
      "pattern_values": [
        -1.5361328125,
        -1.5341796875,
        -1.53125,
        -1.529296875,
        -1.5263671875,
        -1.5234375,
        -1.51953125,
        -1.5166015625,
        -1.5126953125,
        -1.5087890625,
        -1.5048828125,
        -1.5,
        -1.49609375,
        -1.4912109375,
        -1.486328125,
        -1.48046875,
        -1.4755859375,
        -1.4697265625,
        -1.4638671875,
        -1.4580078125,
        -1.4521484375,
        -1.4453125,
        -1.439453125,
        -1.43359375,
        -1.42578125,
        -1.4189453125,
        -1.412109375,
        -1.4052734375,
        -1.3974609375,
        -1.3896484375,
        -1.3818359375,
        -1.3740234375,
        -1.3662109375,
        -1.3583984375,
        -1.349609375,
        -1.341796875,
        -1.3330078125,
        -1.32421875,
        -1.3154296875,
        -1.306640625,
        -1.2978515625,
        -1.2880859375,
        -1.279296875,
        -1.26953125,
        -1.2607421875,
        -1.2509765625,
        -1.2412109375,
        -1.2314453125,
        -1.2216796875,
        -1.2119140625,
        -1.2021484375,
        -1.19140625,
        -1.181640625,
        -1.171875,
        -1.1611328125,
        -1.150390625,
        -1.140625,
        -1.1298828125,
        -1.119140625,
        -1.1083984375,
        -1.09765625,
        -1.087890625,
        -1.076171875,
        -1.0654296875,
        -1.0546875,
        -1.0439453125,
        -1.033203125,
        -1.0224609375,
        -1.01171875,
        -1.0,
        -0.98974609375,
        -0.978515625,
        -0.96728515625,
        -0.95654296875,
        -0.9453125,
        -0.9345703125,
        -0.92333984375,
        -0.91259765625,
        -0.9013671875,
        -0.89013671875,
        -0.87939453125,
        -0.8681640625,
        -0.857421875,
        -0.8466796875,
        -0.83544921875,
        -0.82470703125,
        -0.81396484375,
        -0.80322265625,
        -0.7919921875,
        -0.78173828125,
        -0.77099609375,
        -0.76025390625,
        -0.74951171875,
        -0.73876953125,
        -0.728515625,
        -0.71826171875,
        -0.7080078125,
        -0.697265625,
        -0.6875,
        -0.67724609375,
        -0.6669921875,
        -0.6572265625,
        -0.64697265625,
        -0.63720703125,
        -0.62744140625,
        -0.61767578125,
        -0.6083984375,
        -0.5986328125,
        -0.58984375,
        -0.58056640625,
        -0.5712890625,
        -0.5625,
        -0.55322265625,
        -0.544921875,
        -0.5361328125,
        -0.52734375,
        -0.51904296875,
        -0.5107421875,
        -0.50244140625,
        -0.494873046875,
        -0.48681640625,
        -0.479248046875,
        -0.471435546875,
        -0.464111328125,
        -0.456787109375,
        -0.44970703125,
        -0.442626953125,
        -0.435791015625,
        -0.42919921875,
        -0.423095703125,
        -0.41650390625,
        -0.41064453125,
        -0.404296875,
        -0.39892578125,
        -0.3935546875,
        -0.387939453125,
        -0.383056640625,
        -0.377685546875,
        -0.373046875,
        -0.368408203125,
        -0.3642578125,
        -0.35986328125,
        -0.35595703125,
        -0.3525390625,
        -0.348876953125,
        -0.345947265625,
        -0.342529296875,
        -0.33984375,
        -0.3369140625,
        -0.334716796875,
        -0.332275390625,
        -0.330810546875,
        -0.32861328125,
        -0.32763671875,
        -0.326171875,
        -0.325439453125,
        -0.3251953125,
        -0.324462890625,
        -0.324462890625,
        -0.32421875,
        -0.324951171875,
        -0.3251953125,
        -0.32666015625,
        -0.327392578125,
        -0.329345703125
      ],
      "series_index": 1
    },
    {
      "pattern_id": 3,
      "pattern_start": 8,
      "pattern_width": 129,