{
  "dataset": "AZT1D",
  "metric": "rmse",
  "polynomial_degree": 3,
  "n_patterns": 3,
  "patterns": [
    {
      "pattern_id": 0,
      "pattern_start": 2,
      "pattern_width": 9,
      "pattern_values": [
        -0.371826171875,
        -0.65478515625,
        -0.78466796875,
        -0.78564453125,
        -0.6826171875,
        -0.5,
        -0.2626953125,
        0.00518798828125,
        0.279052734375
      ]
    },
    {
      "pattern_id": 1,
      "pattern_start": 7,
      "pattern_width": 17,
      "pattern_values": [
        -0.2418212890625,
        -0.32373046875,
        -0.36083984375,
        -0.36279296875,
        -0.337158203125,
        -0.29345703125,
        -0.2403564453125,
        -0.1865234375,
        -0.1409912109375,
        -0.1124267578125,
        -0.109619140625,
        -0.141357421875,
        -0.216552734375,
        -0.34375,
        -0.5322265625,
        -0.7900390625,
        -1.126953125
      ]
    },
    {
      "pattern_id": 2,
      "pattern_start": 19,
      "pattern_width": 2,
      "pattern_values": [
        -1.17578125,
        -0.8916015625
      ]
    }
  ]
}