{
  "dataset": "REMC",
  "metric": "auc",
  "polynomial_degree": 3,
  "n_patterns": 8,
  "patterns": [
    {
      "pattern_id": 0,
      "pattern_start": 26,
      "pattern_width": 70,
      "pattern_values": [
        0.088623046875,
        0.0322265625,
        -0.0224609375,
        -0.07373046875,
        -0.122802734375,
        -0.1710205078125,
        -0.2158203125,
        -0.25927734375,
        -0.301025390625,
        -0.34033203125,
        -0.37841796875,
        -0.41455078125,
        -0.448974609375,
        -0.482421875,
        -0.51416015625,
        -0.54443359375,
        -0.57421875,
        -0.60205078125,
        -0.62939453125,
        -0.6552734375,
        -0.6806640625,
        -0.705078125,
        -0.728515625,
        -0.751953125,
        -0.7744140625,
        -0.79638671875,
        -0.818359375,
        -0.83984375,
        -0.86083984375,
        -0.8818359375,
        -0.90283203125,
        -0.92431640625,
        -0.9453125,
        -0.966796875,
        -0.98828125,
        -1.0107421875,
        -1.033203125,
        -1.056640625,
        -1.080078125,
        -1.1044921875,
        -1.1298828125,
        -1.15625,
        -1.18359375,
        -1.2119140625,
        -1.2412109375,
        -1.271484375,
        -1.3037109375,
        -1.3369140625,
        -1.3720703125,
        -1.408203125,
        -1.4462890625,
        -1.4853515625,
        -1.52734375,
        -1.5703125,
        -1.6171875,
        -1.6640625,
        -1.7138671875,
        -1.765625,
        -1.8203125,
        -1.8759765625,
        -1.935546875,
        -1.9970703125,
        -2.0625,
        -2.12890625,
        -2.19921875,
        -2.2734375,
        -2.34765625,
        -2.42578125,
        -2.509765625,
        -2.595703125
      ],
      "series_index": 0
    },
    {
      "pattern_id": 1,
      "pattern_start": 11,
      "pattern_width": 82,
      "pattern_values": [
        -1.0205078125,
        -0.99365234375,
        -0.96826171875,
        -0.9423828125,
        -0.91796875,
        -0.892578125,
        -0.8681640625,
        -0.84375,
        -0.81982421875,
        -0.79638671875,
        -0.7724609375,
        -0.75,
        -0.72705078125,
        -0.705078125,
        -0.6826171875,
        -0.6611328125,
        -0.6396484375,
        -0.61865234375,
        -0.59814453125,
        -0.57763671875,
        -0.55810546875,
        -0.5380859375,
        -0.51904296875,
        -0.50048828125,
        -0.48193359375,
        -0.4638671875,
        -0.446044921875,
        -0.428955078125,
        -0.412109375,
        -0.3955078125,
        -0.379638671875,
        -0.364013671875,
        -0.3486328125,
        -0.333740234375,
        -0.3193359375,
        -0.305419921875,
        -0.291748046875,
        -0.27880859375,
        -0.26611328125,
        -0.25390625,
        -0.2420654296875,
        -0.230712890625,
        -0.2198486328125,
        -0.2093505859375,
        -0.199462890625,
        -0.18994140625,
        -0.180908203125,
        -0.17236328125,
        -0.1641845703125,
        -0.1566162109375,
        -0.1495361328125,
        -0.142822265625,
        -0.13671875,
        -0.131103515625,
        -0.1260986328125,
        -0.1214599609375,
        -0.11724853515625,
        -0.1136474609375,
        -0.110595703125,
        -0.108154296875,
        -0.10614013671875,
        -0.1046142578125,
        -0.10369873046875,
        -0.10321044921875,
        -0.103271484375,
        -0.10394287109375,
        -0.105224609375,
        -0.10723876953125,
        -0.109619140625,
        -0.1124267578125,
        -0.115966796875,
        -0.1199951171875,
        -0.12469482421875,
        -0.1298828125,
        -0.1356201171875,
        -0.1419677734375,
        -0.14892578125,
        -0.156982421875,
        -0.1649169921875,
        -0.173828125,
        -0.1829833984375,
        -0.1932373046875
      ],
      "series_index": 4
    },
    {
      "pattern_id": 2,
      "pattern_start": 16,
      "pattern_width": 48,
      "pattern_values": [
        0.37744140625,
        0.27734375,
        0.18505859375,
        0.0986328125,
        0.0177001953125,
        -0.05517578125,
        -0.1221923828125,
        -0.1834716796875,
        -0.23876953125,
        -0.28857421875,
        -0.3330078125,
        -0.372802734375,
        -0.406982421875,
        -0.436767578125,
        -0.461669921875,
        -0.482421875,
        -0.4990234375,
        -0.51123046875,
        -0.52001953125,
        -0.525390625,
        -0.52734375,
        -0.52587890625,
        -0.52197265625,
        -0.5146484375,
        -0.50537109375,
        -0.4931640625,
        -0.47900390625,
        -0.463134765625,
        -0.445068359375,
        -0.42578125,
        -0.405029296875,
        -0.383056640625,
        -0.3603515625,
        -0.336669921875,
        -0.3125,
        -0.2880859375,
        -0.263427734375,
        -0.238525390625,
        -0.2142333984375,
        -0.1904296875,
        -0.1671142578125,
        -0.1444091796875,
        -0.123046875,
        -0.1031494140625,
        -0.083984375,
        -0.06689453125,
        -0.0518798828125,
        -0.0386962890625
      ],
      "series_index": 1
    },
    {
      "pattern_id": 3,
      "pattern_start": 127,
      "pattern_width": 52,
      "pattern_values": [
        -0.2061767578125,
        -0.2330322265625,
        -0.261474609375,
        -0.29150390625,
        -0.322265625,
        -0.353759765625,
        -0.3857421875,
        -0.41845703125,
        -0.451171875,
        -0.484375,
        -0.51708984375,
        -0.55029296875,
        -0.58251953125,
        -0.6142578125,
        -0.6455078125,
        -0.67578125,
        -0.705078125,
        -0.73291015625,
        -0.7587890625,
        -0.78369140625,
        -0.806640625,
        -0.82763671875,
        -0.8466796875,
        -0.86279296875,
        -0.876953125,
        -0.88818359375,
        -0.896484375,
        -0.90185546875,
        -0.90380859375,
        -0.90234375,
        -0.8974609375,
        -0.888671875,
        -0.87646484375,
        -0.859375,
        -0.83837890625,
        -0.81298828125,
        -0.78271484375,
        -0.748046875,
        -0.7080078125,
        -0.6630859375,
        -0.6123046875,
        -0.556640625,
        -0.4951171875,
        -0.427734375,
        -0.35400390625,
        -0.2744140625,
        -0.188232421875,
        -0.0948486328125,
        0.00439453125,
        0.111083984375,
        0.2252197265625,
        0.345703125
      ],
      "series_index": 1
    },
    {
      "pattern_id": 4,
      "pattern_start": 1,
      "pattern_width": 63,