{
  "dataset": "AZT1D",
  "metric": "rmse",
  "polynomial_degree": 3,
  "n_patterns": 4,
  "patterns": [
    {
      "pattern_id": 0,
      "pattern_start": 1,
      "pattern_width": 8,
      "pattern_values": [
        1.3828125,
        0.56689453125,
        0.00958251953125,
        -0.36474609375,
        -0.6328125,
        -0.87109375,
        -1.15625,
        -1.5634765625
      ]
    },
    {
      "pattern_id": 1,
      "pattern_start": 7,
      "pattern_width": 13,
      "pattern_values": [
        -0.345703125,
        -0.56640625,
        -0.7373046875,
        -0.8603515625,
        -0.93798828125,
        -0.97412109375,
        -0.970703125,
        -0.93115234375,
        -0.85791015625,
        -0.75390625,
        -0.6220703125,
        -0.46484375,
        -0.2861328125
      ]
    },
    {
      "pattern_id": 2,
      "pattern_start": 1,
      "pattern_width": 3,
      "pattern_values": [
        1.05859375,
        -0.76708984375,
        -1.0732421875
      ]
    },
    {
      "pattern_id": 3,
      "pattern_start": 3,
      "pattern_width": 9,
      "pattern_values": [
        0.25,
        0.1871337890625,
        0.2080078125,
        0.31689453125,
        0.517578125,
        0.81396484375,
        1.2099609375,
        1.7099609375,
        2.318359375
      ]
    }
  ]
}