{
  "dataset": "REMC",
  "metric": "auc",
  "polynomial_degree": 3,
  "n_patterns": 7,
  "patterns": [
    {
      "pattern_id": 0,
      "pattern_start": 75,
      "pattern_width": 20,
      "pattern_values": [
        9.185966491699219,
        7.388050079345703,
        6.072214603424072,
        5.187599182128906,
        4.683345794677734,
        4.508596420288086,
        4.612492084503174,
        4.944174766540527,
        5.452785015106201,
        6.087465286254883,
        6.797356605529785,
        7.531600475311279,
        8.239337921142578,
        8.869711875915527,
        9.371861457824707,
        9.694930076599121,
        9.788057327270508,
        9.600386619567871,
        9.081058502197266,
        8.179216384887695
      ],
      "series_index": 0
    },
    {
      "pattern_id": 1,
      "pattern_start": 0,
      "pattern_width": 92,
      "pattern_values": [
        -20.066579818725586,
        -19.31001853942871,
        -18.578201293945312,
        -17.870651245117188,
        -17.18689727783203,
        -16.526466369628906,
        -15.888880729675293,
        -15.27366828918457,
        -14.680356979370117,
        -14.108471870422363,
        -13.557537078857422,
        -13.027080535888672,
        -12.516626358032227,
        -12.025701522827148,
        -11.5538330078125,
        -11.100547790527344,
        -10.66536808013916,
        -10.247823715209961,
        -9.847437858581543,
        -9.463738441467285,
        -9.096250534057617,
        -8.744501113891602,
        -8.408015251159668,
        -8.086319923400879,
        -7.778939723968506,
        -7.485401630401611,
        -7.205231666564941,
        -6.937955856323242,
        -6.68310022354126,
        -6.44019079208374,
        -6.2087531089782715,
        -5.988314628601074,
        -5.778399467468262,
        -5.578535079956055,
        -5.388246536254883,
        -5.207059860229492,
        -5.034502029418945,
        -4.8700995445251465,
        -4.713376522064209,
        -4.563859939575195,
        -4.421075344085693,
        -4.284549713134766,
        -4.153809070587158,
        -4.028378963470459,
        -3.9077847003936768,
        -3.791553258895874,
        -3.679210901260376,
        -3.5702826976776123,
        -3.4642953872680664,
        -3.3607749938964844,
        -3.259247303009033,
        -3.15923810005188,
        -3.0602738857269287,
        -2.961880922317505,
        -2.863584518432617,
        -2.76491117477417,
        -2.665386915206909,
        -2.5645368099212646,
        -2.461888551712036,
        -2.3569672107696533,
        -2.2492988109588623,
        -2.138409376144409,
        -2.0238254070281982,
        -1.9050724506378174,
        -1.7816765308380127,
        -1.6531641483306885,
        -1.5190610885620117,
        -1.3788926601409912,
        -1.2321860790252686,
        -1.078466534614563,
        -0.9172608852386475,
        -0.7480940818786621,
        -0.5704933404922485,
        -0.3839834928512573,
        -0.18809163570404053,
        0.01765727996826172,
        0.2337360382080078,
        0.4606192111968994,
        0.6987812519073486,
        0.948695182800293,
        1.2108356952667236,
        1.4856767654418945,
        1.7736921310424805,
        2.075355052947998,
        2.3911399841308594,
        2.721522331237793,
        3.0669736862182617,
        3.427968978881836,
        3.804983139038086,
        4.198489189147949,
        4.60896110534668,
        5.036872863769531
      ],
      "series_index": 4
    },
    {
      "pattern_id": 2,
      "pattern_start": 53,
      "pattern_width": 65,
      "pattern_values": [
        -15.82183837890625,
        -14.784957885742188,
        -13.808576583862305,
        -12.891313552856445,
        -12.031790733337402,
        -11.228628158569336,
        -10.480447769165039,
        -9.785867691040039,
        -9.143510818481445,
        -8.551997184753418,
        -8.009946823120117,
        -7.515981197357178,
        -7.068721771240234,
        -6.666787624359131,
        -6.308799743652344,
        -5.99337911605835,
        -5.719147205352783,
        -5.4847235679626465,
        -5.288729190826416,
        -5.12978458404541,
        -5.006511211395264,
        -4.917529106140137,
        -4.861459255218506,
        -4.836921691894531,
        -4.8425374031066895,
        -4.876927852630615,
        -4.938713073730469,
        -5.02651309967041,
        -5.138950347900391,
        -5.274643898010254,
        -5.432214736938477,
        -5.610284328460693,
        -5.8074727058410645,
        -6.022400379180908,
        -6.253688812255859,
        -6.499958038330078,
        -6.759828567504883,
        -7.031922340393066,
        -7.314858436584473,
        -7.607258319854736,
        -7.907742500305176,
        -8.21493148803711,
        -8.527446746826172,
        -8.84390926361084,
        -9.162938117980957,
        -9.483154296875,
        -9.803179740905762,
        -10.121633529663086,
        -10.437137603759766,
        -10.748312950134277,
        -11.053778648376465,
        -11.352157592773438,
        -11.642067909240723,
        -11.922130584716797,
        -12.19096851348877,
        -12.447202682495117,
        -12.689448356628418,
        -12.916333198547363,
        -13.12647533416748,
        -13.318490982055664,
        -13.491008758544922,
        -13.642642974853516,
        -13.772017478942871,
        -13.877752304077148,
        -13.958467483520508
      ],
      "series_index": 2
    },
    {
      "pattern_id": 3,
      "pattern_start": 4,
      "pattern_width": 60,
      "pattern_values": [
        3.1560659408569336,
        3.0569138526916504,
        2.9667739868164062,
        2.885277271270752,
        2.8120546340942383,
        2.746736764907837,
        2.6889545917510986,
        2.638338804244995,
        2.594519853591919,
        2.55712890625,
        2.52579665184021,
        2.5001537799835205,
        2.4798316955566406,
        2.4644601345062256,
        2.4536702632904053,
        2.4470932483673096,
        2.444359302520752,
        2.4450998306274414,
        2.4489450454711914,
        2.4555258750915527,
        2.464473247528076,
        2.4754178524017334,
        2.487990617752075,
        2.501821756362915,
        2.516542673110962,
        2.5317840576171875,
        2.5471763610839844,
        2.5623509883880615,
        2.5769379138946533,
        2.5905683040618896,
        2.6028730869293213,
        2.613482713699341,
        2.622028112411499,
        2.628140449523926,
        2.6314496994018555,
        2.631587266921997,
        2.628183603286743,
        2.6208698749542236,
        2.609276533126831,
        2.593034267425537,
        2.5717740058898926,
        2.545126438140869,
        2.5127224922180176,
        2.4741930961608887,
        2.429168939590454,
        2.3772804737091064,
        2.3181583881378174,
        2.251433849334717,
        2.1767380237579346,
        2.093701124191284,
        2.001953601837158,
        1.9011266231536865,
        1.790851354598999,
        1.6707580089569092,
        1.5404776334762573,
        1.3996409177780151,
        1.2478785514831543,
        1.0848214626312256,
        0.9101003408432007,
        0.7233461141586304
      ],
      "series_index": 3
    },
    {
      "pattern_id": 4,
      "pattern_start": 64,
      "pattern_width": 133,