{
  "dataset": "AZT1D",
  "metric": "rmse",
  "polynomial_degree": 3,
  "n_patterns": 3,
  "patterns": [
    {
      "pattern_id": 0,
      "pattern_start": 3,
      "pattern_width": 1,
      "pattern_values": [
        -0.90966796875
      ]
    },
    {
      "pattern_id": 1,
      "pattern_start": 20,
      "pattern_width": 4,
      "pattern_values": [
        -3.435546875,
        -1.2626953125,
        -0.5732421875,
        0.13134765625
      ]
    },
    {
      "pattern_id": 2,
      "pattern_start": 5,
      "pattern_width": 16,
      "pattern_values": [
        1.37109375,
        0.9150390625,
        0.56005859375,
        0.291015625,
        0.094970703125,
        -0.0411376953125,
        -0.13134765625,
        -0.189453125,
        -0.228759765625,
        -0.26318359375,
        -0.30615234375,
        -0.37109375,
        -0.472412109375,
        -0.62255859375,
        -0.83642578125,
        -1.126953125
      ]
    }
  ]
}