{
  "dataset": "REMC",
  "metric": "auc",
  "polynomial_degree": 3,
  "n_patterns": 6,
  "patterns": [
    {
      "pattern_id": 0,
      "pattern_start": 11,
      "pattern_width": 87,
      "pattern_values": [
        -1.1875,
        -1.087890625,
        -0.994140625,
        -0.9013671875,
        -0.8125,
        -0.72900390625,
        -0.646484375,
        -0.56982421875,
        -0.494140625,
        -0.42236328125,
        -0.3544921875,
        -0.28857421875,
        -0.225341796875,
        -0.1663818359375,
        -0.1094970703125,
        -0.0560302734375,
        -0.0042724609375,
        0.0447998046875,
        0.0904541015625,
        0.134521484375,
        0.17626953125,
        0.214599609375,
        0.251708984375,
        0.2861328125,
        0.318359375,
        0.348876953125,
        0.37744140625,
        0.40380859375,
        0.4287109375,
        0.451416015625,
        0.472900390625,
        0.492431640625,
        0.51025390625,
        0.52685546875,
        0.5419921875,
        0.55615234375,
        0.56884765625,
        0.580078125,
        0.59033203125,
        0.599609375,
        0.60791015625,
        0.615234375,
        0.62158203125,
        0.62744140625,
        0.63232421875,
        0.63671875,
        0.640625,
        0.64404296875,
        0.64697265625,
        0.64990234375,
        0.65234375,
        0.654296875,
        0.65625,
        0.658203125,
        0.66015625,
        0.66259765625,
        0.66455078125,
        0.6669921875,
        0.669921875,
        0.67333984375,
        0.6767578125,
        0.68115234375,
        0.685546875,
        0.69091796875,
        0.697265625,
        0.7041015625,
        0.71142578125,
        0.72021484375,
        0.72998046875,
        0.74072265625,
        0.7529296875,
        0.76611328125,
        0.7802734375,
        0.79638671875,
        0.8134765625,
        0.83251953125,
        0.8525390625,
        0.87451171875,
        0.89794921875,
        0.92431640625,
        0.95068359375,
        0.98095703125,
        1.01171875,
        1.044921875,
        1.0810546875,
        1.1181640625,
        1.158203125
      ],
      "series_index": 0
    },
    {
      "pattern_id": 1,
      "pattern_start": 17,
      "pattern_width": 53,
      "pattern_values": [
        -1.6884765625,
        -1.6611328125,
        -1.6318359375,
        -1.6015625,
        -1.5693359375,
        -1.537109375,
        -1.501953125,
        -1.466796875,
        -1.431640625,
        -1.3955078125,
        -1.3583984375,
        -1.3212890625,
        -1.2841796875,
        -1.2470703125,
        -1.2109375,
        -1.1748046875,
        -1.138671875,
        -1.1044921875,
        -1.0703125,
        -1.0380859375,
        -1.005859375,
        -0.97607421875,
        -0.94775390625,
        -0.92138671875,
        -0.896484375,
        -0.8740234375,
        -0.853515625,
        -0.83544921875,
        -0.8203125,
        -0.8076171875,
        -0.79833984375,
        -0.79150390625,
        -0.7880859375,
        -0.78857421875,
        -0.79248046875,
        -0.7998046875,
        -0.81103515625,
        -0.82666015625,
        -0.84619140625,
        -0.87060546875,
        -0.8994140625,
        -0.93359375,
        -0.97119140625,
        -1.0146484375,
        -1.064453125,
        -1.1181640625,
        -1.177734375,
        -1.2431640625,
        -1.314453125,
        -1.392578125,
        -1.4755859375,
        -1.56640625,
        -1.6630859375
      ],
      "series_index": 2
    },
    {
      "pattern_id": 2,
      "pattern_start": 11,
      "pattern_width": 126,
      "pattern_values": [
        -2.216796875,
        -2.16015625,
        -2.10546875,
        -2.0546875,
        -2.00390625,
        -1.9521484375,
        -1.9033203125,
        -1.857421875,
        -1.810546875,
        -1.765625,
        -1.7216796875,
        -1.6806640625,
        -1.638671875,
        -1.59765625,
        -1.5576171875,
        -1.5205078125,
        -1.484375,
        -1.4482421875,
        -1.4130859375,
        -1.37890625,
        -1.3466796875,
        -1.314453125,
        -1.283203125,
        -1.2529296875,
        -1.224609375,
        -1.1962890625,
        -1.1689453125,
        -1.1416015625,
        -1.1162109375,
        -1.091796875,
        -1.06640625,
        -1.04296875,
        -1.0205078125,
        -0.998046875,
        -0.9765625,
        -0.9560546875,
        -0.935546875,
        -0.916015625,
        -0.89697265625,
        -0.87841796875,
        -0.8603515625,
        -0.8427734375,
        -0.8251953125,
        -0.80908203125,
        -0.79248046875,
        -0.77685546875,
        -0.76171875,
        -0.74658203125,
        -0.73193359375,
        -0.71728515625,
        -0.703125,
        -0.689453125,
        -0.67578125,
        -0.66259765625,
        -0.6494140625,
        -0.63623046875,
        -0.623046875,
        -0.6103515625,
        -0.59765625,
        -0.58544921875,
        -0.57275390625,
        -0.56005859375,
        -0.5478515625,
        -0.53515625,
        -0.52294921875,
        -0.51025390625,
        -0.497314453125,
        -0.484619140625,
        -0.4716796875,
        -0.458740234375,
        -0.4453125,
        -0.431884765625,
        -0.418212890625,
        -0.404296875,
        -0.39013671875,
        -0.375732421875,
        -0.36083984375,
        -0.345703125,
        -0.330078125,
        -0.314453125,
        -0.298095703125,
        -0.28125,
        -0.26416015625,
        -0.24658203125,
        -0.228271484375,
        -0.20947265625,
        -0.1903076171875,
        -0.1702880859375,
        -0.1502685546875,
        -0.12890625,
        -0.107421875,
        -0.0850830078125,
        -0.06219482421875,
        -0.0382080078125,
        -0.01416015625,
        0.01134490966796875,
        0.03759765625,
        0.0638427734375,
        0.09149169921875,
        0.12042236328125,
        0.149658203125,
        0.180419921875,
        0.2108154296875,
        0.2432861328125,
        0.276123046875,
        0.310791015625,
        0.344970703125,
        0.38134765625,
        0.419189453125,
        0.457763671875,
        0.49609375,
        0.5361328125,
        0.57861328125,
        0.6220703125,
        0.66650390625,
        0.71044921875,
        0.7568359375,
        0.8046875,
        0.8544921875,
        0.90380859375,
        0.95556640625,
        1.009765625,
        1.0634765625,
        1.1181640625,
        1.1767578125,
        1.2353515625
      ],
      "series_index": 3
    },
    {
      "pattern_id": 3,
      "pattern_start": 24,
      "pattern_width": 68,