{
  "dataset": "REMC",
  "metric": "auc",
  "polynomial_degree": 3,
  "n_patterns": 9,
  "patterns": [
    {
      "pattern_id": 0,
      "pattern_start": 73,
      "pattern_width": 21,
      "pattern_values": [
        -4.704822540283203,
        -5.094205379486084,
        -5.3119964599609375,
        -5.399468421936035,
        -5.397893905639648,
        -5.348540782928467,
        -5.2926812171936035,
        -5.271584987640381,
        -5.3265228271484375,
        -5.498765468597412,
        -5.829583168029785,
        -6.3602471351623535,
        -7.132026672363281,
        -8.18619441986084,
        -9.564019203186035,
        -11.306772232055664,
        -13.45572280883789,
        -16.052143096923828,
        -19.137304306030273,
        -22.75247573852539,
        -26.938928604125977
      ],
      "series_index": 0
    },
    {
      "pattern_id": 1,
      "pattern_start": 1,
      "pattern_width": 86,
      "pattern_values": [
        24.118274688720703,
        23.42078399658203,
        22.742385864257812,
        22.08287239074707,
        21.442058563232422,
        20.819747924804688,
        20.21575355529785,
        19.629873275756836,
        19.061920166015625,
        18.511699676513672,
        17.97901725769043,
        17.463682174682617,
        16.96550178527832,
        16.48427963256836,
        16.019826889038086,
        15.571946144104004,
        15.140446662902832,
        14.72513484954834,
        14.32581901550293,
        13.942304611206055,
        13.574398040771484,
        13.221909523010254,
        12.88464069366455,
        12.562402725219727,
        12.25500202178955,
        11.962244033813477,
        11.683935165405273,
        11.41988468170166,
        11.169898986816406,
        10.933782577514648,
        10.711346626281738,
        10.50239372253418,
        10.306733131408691,
        10.12417221069336,
        9.954516410827637,
        9.797574043273926,
        9.653149604797363,
        9.5210542678833,
        9.401090621948242,
        9.293067932128906,
        9.196792602539062,
        9.11207103729248,
        9.038710594177246,
        8.976519584655762,
        8.92530345916748,
        8.884868621826172,
        8.855022430419922,
        8.835573196411133,
        8.826325416564941,
        8.827088356018066,
        8.837668418884277,
        8.857871055603027,
        8.887504577636719,
        8.926375389099121,
        8.97429084777832,
        9.031058311462402,
        9.09648323059082,
        9.170373916625977,
        9.252535820007324,
        9.342777252197266,
        9.44090461730957,
        9.546725273132324,
        9.660045623779297,
        9.780673027038574,
        9.908413887023926,
        10.043075561523438,
        10.184464454650879,
        10.332387924194336,
        10.486653327941895,
        10.647066116333008,
        10.813435554504395,
        10.985566139221191,
        11.163265228271484,
        11.346342086791992,
        11.534601211547852,
        11.727849960327148,
        11.925895690917969,
        12.128545761108398,
        12.335607528686523,
        12.54688549041748,
        12.762187957763672,
        12.9813232421875,
        13.204096794128418,
        13.430315017700195,
        13.659784317016602,
        13.892314910888672
      ],
      "series_index": 4
    },
    {
      "pattern_id": 2,
      "pattern_start": 24,
      "pattern_width": 29,
      "pattern_values": [
        11.8847074508667,
        10.882841110229492,
        10.011273384094238,
        9.264243125915527,
        8.635990142822266,
        8.120750427246094,
        7.712765216827393,
        7.406272888183594,
        7.195510387420654,
        7.074719429016113,
        7.038136005401611,
        7.080000877380371,
        7.194551944732666,
        7.376027584075928,
        7.618666648864746,
        7.916708469390869,
        8.26439094543457,
        8.655953407287598,
        9.0856351852417,
        9.547674179077148,
        10.036310195922852,
        10.54577922821045,
        11.07032299041748,
        11.604179382324219,
        12.141585350036621,
        12.67678165435791,
        13.204008102416992,
        13.717500686645508,
        14.211499214172363
      ],
      "series_index": 0
    },
    {
      "pattern_id": 3,
      "pattern_start": 3,
      "pattern_width": 109,
      "pattern_values": [
        21.690092086791992,
        21.229310989379883,
        20.777135848999023,
        20.333534240722656,
        19.898468017578125,
        19.47191047668457,
        19.053823471069336,
        18.644174575805664,
        18.24292755126953,
        17.850053787231445,
        17.465513229370117,
        17.089275360107422,
        16.7213077545166,
        16.361574172973633,
        16.010042190551758,
        15.666677474975586,
        15.331445693969727,
        15.004315376281738,
        14.685249328613281,
        14.374215126037598,
        14.071182250976562,
        13.776111602783203,
        13.488972663879395,
        13.209731101989746,
        12.938352584838867,
        12.674802780151367,
        12.419050216674805,
        12.171058654785156,
        11.93079662322998,
        11.69822883605957,
        11.473320960998535,
        11.256040573120117,
        11.04635238647461,
        10.844223976135254,
        10.649621963500977,
        10.462510108947754,
        10.282856941223145,
        10.110629081726074,
        9.94579029083252,
        9.788310050964355,
        9.638151168823242,
        9.495281219482422,
        9.359667778015137,
        9.231274604797363,
        9.110069274902344,
        8.99601936340332,
        8.88908863067627,
        8.789243698120117,
        8.696453094482422,
        8.610679626464844,
        8.531893730163574,
        8.46005630493164,
        8.395137786865234,
        8.337103843688965,
        8.285918235778809,
        8.241549491882324,
        8.203964233398438,
        8.173126220703125,
        8.149003028869629,
        8.131561279296875,
        8.120767593383789,
        8.116586685180664,
        8.118985176086426,
        8.1279296875,
        8.143387794494629,
        8.165324211120605,
        8.193703651428223,
        8.228494644165039,
        8.269662857055664,
        8.317174911499023,
        8.37099552154541,
        8.431092262268066,
        8.497431755065918,
        8.569977760314941,
        8.648698806762695,
        8.733560562133789,
        8.824529647827148,
        8.921571731567383,
        9.024652481079102,
        9.133739471435547,
        9.248798370361328,
        9.369794845581055,
        9.496694564819336,
        9.62946605682373,
        9.768074035644531,
        9.912484169006348,
        10.062664031982422,
        10.218578338623047,
        10.380193710327148,
        10.547478675842285,
        10.720396041870117,
        10.898914337158203,
        11.082998275756836,
        11.272615432739258,
        11.467731475830078,
        11.668312072753906,
        11.874324798583984,
        12.085734367370605,
        12.302507400512695,
        12.52461051940918,
        12.752010345458984,
        12.984672546386719,
        13.22256088256836,
        13.465648651123047,
        13.713892936706543,
        13.967267036437988,
        14.22573471069336,
        14.48926067352295,
        14.757813453674316
      ],
      "series_index": 2
    },
    {
      "pattern_id": 4,
      "pattern_start": 54,
      "pattern_width": 78,