{
  "dataset": "REMC",
  "metric": "auc",
  "polynomial_degree": 3,
  "n_patterns": 8,
  "patterns": [
    {
      "pattern_id": 0,
      "pattern_start": 58,
      "pattern_width": 38,
      "pattern_values": [
        -2.787109375,
        -2.578125,
        -2.38671875,
        -2.208984375,
        -2.046875,
        -1.8974609375,
        -1.763671875,
        -1.640625,
        -1.5283203125,
        -1.4287109375,
        -1.337890625,
        -1.2578125,
        -1.185546875,
        -1.12109375,
        -1.0634765625,
        -1.0126953125,
        -0.96728515625,
        -0.92724609375,
        -0.890625,
        -0.85791015625,
        -0.82763671875,
        -0.79931640625,
        -0.77197265625,
        -0.7451171875,
        -0.7177734375,
        -0.689453125,
        -0.6591796875,
        -0.6259765625,
        -0.58935546875,
        -0.54931640625,
        -0.50390625,
        -0.45263671875,
        -0.395751953125,
        -0.3310546875,
        -0.258056640625,
        -0.1767578125,
        -0.086669921875,
        0.01416015625
      ],
      "series_index": 0
    },
    {
      "pattern_id": 1,
      "pattern_start": 11,
      "pattern_width": 75,
      "pattern_values": [
        -0.0634765625,
        -0.120361328125,
        -0.17431640625,
        -0.224365234375,
        -0.270263671875,
        -0.315185546875,
        -0.35498046875,
        -0.39208984375,
        -0.42724609375,
        -0.458740234375,
        -0.48779296875,
        -0.513671875,
        -0.537109375,
        -0.55810546875,
        -0.576171875,
        -0.591796875,
        -0.60546875,
        -0.6162109375,
        -0.62548828125,
        -0.63232421875,
        -0.63671875,
        -0.6396484375,
        -0.64013671875,
        -0.63916015625,
        -0.63623046875,
        -0.63134765625,
        -0.625,
        -0.6171875,
        -0.60791015625,
        -0.59716796875,
        -0.5849609375,
        -0.57177734375,
        -0.55712890625,
        -0.54150390625,
        -0.52490234375,
        -0.50732421875,
        -0.488525390625,
        -0.46923828125,
        -0.44921875,
        -0.42822265625,
        -0.406982421875,
        -0.385009765625,
        -0.36279296875,
        -0.340087890625,
        -0.31689453125,
        -0.293701171875,
        -0.270263671875,
        -0.2469482421875,
        -0.223388671875,
        -0.2001953125,
        -0.1768798828125,
        -0.15380859375,
        -0.131103515625,
        -0.1087646484375,
        -0.08685302734375,
        -0.0654296875,
        -0.0445556640625,
        -0.02471923828125,
        -0.00531005859375,
        0.013427734375,
        0.031005859375,
        0.0472412109375,
        0.0633544921875,
        0.0777587890625,
        0.0909423828125,
        0.103271484375,
        0.11376953125,
        0.123046875,
        0.130859375,
        0.137451171875,
        0.141845703125,
        0.144775390625,
        0.14599609375,
        0.145263671875,
        0.142578125
      ],
      "series_index": 2
    },
    {
      "pattern_id": 2,
      "pattern_start": 0,
      "pattern_width": 51,
      "pattern_values": [
        -0.681640625,
        -0.72509765625,
        -0.7646484375,
        -0.80078125,
        -0.833984375,
        -0.86376953125,
        -0.890625,
        -0.9140625,
        -0.93408203125,
        -0.95166015625,
        -0.96533203125,
        -0.9765625,
        -0.98388671875,
        -0.98876953125,
        -0.990234375,
        -0.9892578125,
        -0.98486328125,
        -0.9775390625,
        -0.96728515625,
        -0.95458984375,
        -0.9384765625,
        -0.91943359375,
        -0.89794921875,
        -0.87353515625,
        -0.84619140625,
        -0.81640625,
        -0.78369140625,
        -0.74853515625,
        -0.71044921875,
        -0.669921875,
        -0.62646484375,
        -0.58056640625,
        -0.5322265625,
        -0.481201171875,
        -0.42724609375,
        -0.371826171875,
        -0.3134765625,
        -0.25244140625,
        -0.18896484375,
        -0.1231689453125,
        -0.05511474609375,
        0.0150146484375,
        0.087890625,
        0.1632080078125,
        0.239501953125,
        0.31884765625,
        0.400390625,
        0.484375,
        0.5703125,
        0.65869140625,
        0.7490234375
      ],
      "series_index": 4
    },
    {
      "pattern_id": 3,
      "pattern_start": 4,
      "pattern_width": 44,
      "pattern_values": [
        -1.744140625,
        -1.599609375,
        -1.466796875,
        -1.3466796875,
        -1.23828125,
        -1.1396484375,
        -1.05078125,
        -0.97265625,
        -0.904296875,
        -0.845703125,
        -0.794921875,
        -0.75341796875,
        -0.72021484375,
        -0.6943359375,
        -0.67626953125,
        -0.66552734375,
        -0.6611328125,
        -0.6630859375,
        -0.67138671875,
        -0.68505859375,
        -0.70361328125,
        -0.7275390625,
        -0.755859375,
        -0.7880859375,
        -0.82470703125,
        -0.8642578125,
        -0.90673828125,
        -0.9521484375,
        -0.99951171875,
        -1.048828125,
        -1.099609375,
        -1.15234375,
        -1.205078125,
        -1.2578125,
        -1.3125,
        -1.365234375,
        -1.41796875,
        -1.46875,
        -1.51953125,
        -1.568359375,
        -1.6142578125,
        -1.658203125,
        -1.6982421875,
        -1.736328125
      ],
      "series_index": 3
    },
    {
      "pattern_id": 4,
      "pattern_start": 21,
      "pattern_width": 122,