{
  "dataset": "REMC",
  "metric": "auc",
  "polynomial_degree": 3,
  "n_patterns": 7,
  "patterns": [
    {
      "pattern_id": 0,
      "pattern_start": 78,
      "pattern_width": 19,
      "pattern_values": [
        -0.49628210067749023,
        -2.630345344543457,
        -4.371068477630615,
        -5.766044616699219,
        -6.862870216369629,
        -7.709139347076416,
        -8.352444648742676,
        -8.840381622314453,
        -9.220544815063477,
        -9.540529251098633,
        -9.847929000854492,
        -10.190336227416992,
        -10.615349769592285,
        -11.170560836791992,
        -11.903563499450684,
        -12.861954689025879,
        -14.093326568603516,
        -15.645275115966797,
        -17.56539535522461
      ],
      "series_index": 0
    },
    {
      "pattern_id": 1,
      "pattern_start": 0,
      "pattern_width": 107,
      "pattern_values": [
        -3.258389472961426,
        -3.1508235931396484,
        -3.0558595657348633,
        -2.9731287956237793,
        -2.9022622108459473,
        -2.8428916931152344,
        -2.794649362564087,
        -2.7571675777435303,
        -2.73007869720459,
        -2.7130136489868164,
        -2.7056047916412354,
        -2.7074835300445557,
        -2.718282699584961,
        -2.7376339435577393,
        -2.765169382095337,
        -2.800520420074463,
        -2.8433194160461426,
        -2.893198251724243,
        -2.9497880935668945,
        -3.0127220153808594,
        -3.081631660461426,
        -3.1561479568481445,
        -3.2359042167663574,
        -3.3205320835113525,
        -3.4096627235412598,
        -3.5029284954071045,
        -3.5999622344970703,
        -3.7003936767578125,
        -3.8038573265075684,
        -3.9099838733673096,
        -4.018404960632324,
        -4.128753185272217,
        -4.240659713745117,
        -4.353757381439209,
        -4.467677593231201,
        -4.582051753997803,
        -4.6965131759643555,
        -4.810693264007568,
        -4.924222946166992,
        -5.0367350578308105,
        -5.147861957550049,
        -5.257234573364258,
        -5.364485740661621,
        -5.469246864318848,
        -5.571149826049805,
        -5.669826507568359,
        -5.764909267425537,
        -5.856030464172363,
        -5.9428205490112305,
        -6.024912357330322,
        -6.101938247680664,
        -6.173529624938965,
        -6.239318370819092,
        -6.298936367034912,
        -6.352015972137451,
        -6.398188591003418,
        -6.437087059020996,
        -6.468342304229736,
        -6.491586685180664,
        -6.506451606750488,
        -6.512569904327393,
        -6.509572982788086,
        -6.497093200683594,
        -6.474761962890625,
        -6.442212104797363,
        -6.399074554443359,
        -6.344980716705322,
        -6.279564380645752,
        -6.202456474304199,
        -6.113288402557373,
        -6.011693000793457,
        -5.897302150726318,
        -5.769747257232666,
        -5.628660678863525,
        -5.4736738204956055,
        -5.304419040679932,
        -5.120528221130371,
        -4.921633720397949,
        -4.707366943359375,
        -4.477359771728516,
        -4.231244087219238,
        -3.9686520099639893,
        -3.689216136932373,
        -3.3925673961639404,
        -3.078336715698242,
        -2.7461602687835693,
        -2.395665168762207,
        -2.02648663520813,
        -1.6382532119750977,
        -1.230600118637085,
        -0.8031578063964844,
        -0.3555598258972168,
        0.1125648021697998,
        0.6015818119049072,
        1.1118602752685547,
        1.6437678337097168,
        2.1976728439331055,
        2.7739439010620117,
        3.3729472160339355,
        3.995051860809326,
        4.640628337860107,
        5.3100409507751465,
        6.003658294677734,
        6.7218499183654785,
        7.464984893798828,
        8.233428001403809,
        9.027549743652344
      ],
      "series_index": 4
    },
    {
      "pattern_id": 2,
      "pattern_start": 3,
      "pattern_width": 123,
      "pattern_values": [
        26.32705307006836,
        25.610984802246094,
        24.912883758544922,
        24.232532501220703,
        23.569713592529297,
        22.924205780029297,
        22.295795440673828,
        21.684261322021484,
        21.089378356933594,
        20.510936737060547,
        19.948713302612305,
        19.40248680114746,
        18.87204360961914,
        18.357162475585938,
        17.857622146606445,
        17.373207092285156,
        16.903697967529297,
        16.448875427246094,
        16.008520126342773,
        15.582412719726562,
        15.17033576965332,
        14.77207088470459,
        14.387397766113281,
        14.016096115112305,
        13.657949447631836,
        13.312738418579102,
        12.980243682861328,
        12.660246849060059,
        12.352529525756836,
        12.05687141418457,
        11.773054122924805,
        11.500860214233398,
        11.240068435668945,
        10.990460395812988,
        10.751819610595703,
        10.523923873901367,
        10.306557655334473,
        10.099498748779297,
        9.902531623840332,
        9.715434074401855,
        9.53799057006836,
        9.369977951049805,
        9.211180686950684,
        9.061380386352539,
        8.920355796813965,
        8.787888526916504,
        8.663762092590332,
        8.547755241394043,
        8.439648628234863,
        8.339224815368652,
        8.246265411376953,
        8.16054916381836,
        8.081859588623047,
        8.009977340698242,
        7.944682598114014,
        7.885756969451904,
        7.832981586456299,
        7.78613805770874,
        7.745007038116455,
        7.709368705749512,
        7.679006099700928,
        7.653698921203613,
        7.633228778839111,
        7.617377281188965,
        7.605924129486084,
        7.598652362823486,
        7.595341205596924,
        7.595773220062256,
        7.599729061126709,
        7.606989860534668,
        7.617336273193359,
        7.630549907684326,
        7.646411895751953,
        7.664702892303467,
        7.685205459594727,
        7.707698822021484,
        7.731965065002441,
        7.757784843444824,
        7.784939765930176,
        7.813211441040039,
        7.842379570007324,
        7.872226238250732,
        7.902533054351807,
        7.933080673217773,
        7.963648796081543,
        7.994019985198975,
        8.02397632598877,
        8.05329704284668,
        8.081764221191406,
        8.109158515930176,
        8.135260581970215,
        8.1598539352417,
        8.182716369628906,
        8.203632354736328,
        8.222379684448242,
        8.238741874694824,
        8.252498626708984,
        8.263433456420898,
        8.271324157714844,
        8.275954246520996,
        8.277103424072266,
        8.274554252624512,
        8.268087387084961,
        8.257482528686523,
        8.242523193359375,
        8.222987174987793,
        8.19865894317627,
        8.169318199157715,
        8.134746551513672,
        8.094722747802734,
        8.049032211303711,
        7.997453689575195,
        7.939768314361572,
        7.87575626373291,
        7.805200099945068,
        7.727880477905273,
        7.64357852935791,
        7.552075386047363,
        7.453153133392334,
        7.346590518951416,
        7.232172012329102,
        7.109675884246826,
        6.978882789611816
      ],
      "series_index": 3
    },
    {
      "pattern_id": 3,
      "pattern_start": 3,
      "pattern_width": 141,