{
  "dataset": "REMC",
  "metric": "auc",
  "polynomial_degree": 3,
  "n_patterns": 8,
  "patterns": [
    {
      "pattern_id": 0,
      "pattern_start": 79,
      "pattern_width": 22,
      "pattern_values": [
        18.742095947265625,
        16.971389770507812,
        15.304178237915039,
        13.738763809204102,
        12.273445129394531,
        10.90652084350586,
        9.636290550231934,
        8.461052894592285,
        7.379105091094971,
        6.388748645782471,
        5.48828125,
        4.676002502441406,
        3.9502110481262207,
        3.3092055320739746,
        2.7512853145599365,
        2.274749994277954,
        1.8778976202011108,
        1.5590271949768066,
        1.3164384365081787,
        1.1484293937683105,
        1.053299903869629,
        1.029348373413086
      ],
      "series_index": 0
    },
    {
      "pattern_id": 1,
      "pattern_start": 0,
      "pattern_width": 76,
      "pattern_values": [
        -13.725354194641113,
        -13.386958122253418,
        -13.060892105102539,
        -12.747034072875977,
        -12.445261001586914,
        -12.155452728271484,
        -11.877484321594238,
        -11.611234664916992,
        -11.356581687927246,
        -11.113402366638184,
        -10.881574630737305,
        -10.660977363586426,
        -10.451484680175781,
        -10.252978324890137,
        -10.065335273742676,
        -9.88843059539795,
        -9.722143173217773,
        -9.566351890563965,
        -9.42093276977539,
        -9.285765647888184,
        -9.160725593566895,
        -9.045690536499023,
        -8.940539360046387,
        -8.8451509475708,
        -8.759400367736816,
        -8.683165550231934,
        -8.616325378417969,
        -8.558757781982422,
        -8.51033878326416,
        -8.470946311950684,
        -8.440460205078125,
        -8.418755531311035,
        -8.405710220336914,
        -8.401203155517578,
        -8.405112266540527,
        -8.417313575744629,
        -8.4376859664917,
        -8.466106414794922,
        -8.502452850341797,
        -8.546603202819824,
        -8.598433494567871,
        -8.657824516296387,
        -8.724651336669922,
        -8.79879379272461,
        -8.880125999450684,
        -8.968528747558594,
        -9.063878059387207,
        -9.16605281829834,
        -9.274930953979492,
        -9.390388488769531,
        -9.512303352355957,
        -9.640554428100586,
        -9.775017738342285,
        -9.915573120117188,
        -10.062095642089844,
        -10.214465141296387,
        -10.37255859375,
        -10.536252975463867,
        -10.705426216125488,
        -10.87995719909668,
        -11.059721946716309,
        -11.244598388671875,
        -11.434464454650879,
        -11.629199028015137,
        -11.828678131103516,
        -12.032779693603516,
        -12.24138069152832,
        -12.454361915588379,
        -12.67159652709961,
        -12.892964363098145,
        -13.118345260620117,
        -13.347612380981445,
        -13.580648422241211,
        -13.817325592041016,
        -14.057525634765625,
        -14.301125526428223
      ],
      "series_index": 4
    },
    {
      "pattern_id": 2,
      "pattern_start": 7,
      "pattern_width": 164,
      "pattern_values": [
        5.850853443145752,
        5.882930755615234,
        5.913949012756348,
        5.943954944610596,
        5.972994327545166,
        6.001112937927246,
        6.028355598449707,
        6.054769515991211,
        6.080397129058838,
        6.105288505554199,
        6.129483222961426,
        6.1530327796936035,
        6.175979137420654,
        6.19836950302124,
        6.220249176025391,
        6.241663455963135,
        6.262657165527344,
        6.28327751159668,
        6.303569316864014,
        6.323577880859375,
        6.343348979949951,
        6.36292839050293,
        6.38236141204834,
        6.401695251464844,
        6.4209723472595215,
        6.440239906311035,
        6.4595441818237305,
        6.478930473327637,
        6.498443603515625,
        6.518129348754883,
        6.538033962249756,
        6.558202266693115,
        6.578680992126465,
        6.599514007568359,
        6.620748519897461,
        6.642428874969482,
        6.6646013259887695,
        6.687311172485352,
        6.710604667663574,
        6.73452615737915,
        6.759122371673584,
        6.784438610076904,
        6.810520172119141,
        6.837412357330322,
        6.865161418914795,
        6.89381217956543,
        6.9234113693237305,
        6.954004287719727,
        6.985635757446289,
        7.018351078033447,
        7.052197456359863,
        7.08721923828125,
        7.123462200164795,
        7.160971641540527,
        7.199794292449951,
        7.2399749755859375,
        7.281558990478516,
        7.324592590332031,
        7.3691205978393555,
        7.415189266204834,
        7.462843418121338,
        7.512129306793213,
        7.5630927085876465,
        7.615777969360352,
        7.670232772827148,
        7.726500034332275,
        7.784628391265869,
        7.84466028213501,
        7.906643867492676,
        7.970622539520264,
        8.036643981933594,
        8.104752540588379,
        8.174994468688965,
        8.247414588928223,
        8.322057723999023,
        8.398971557617188,
        8.478201866149902,
        8.559791564941406,
        8.643787384033203,
        8.730237007141113,
        8.819183349609375,
        8.910672187805176,
        9.00475025177002,
        9.101463317871094,
        9.20085620880127,
        9.302974700927734,
        9.40786361694336,
        9.515568733215332,
        9.626138687133789,
        9.739614486694336,
        9.856043815612793,
        9.975472450256348,
        10.097946166992188,
        10.2235107421875,
        10.352209091186523,
        10.484089851379395,
        10.619197845458984,
        10.75757884979248,
        10.899277687072754,
        11.044339179992676,
        11.192811012268066,
        11.34473705291748,
        11.500164985656738,
        11.659137725830078,
        11.821702003479004,
        11.98790454864502,
        12.15778923034668,
        12.331401824951172,
        12.5087890625,
        12.689996719360352,
        12.875067710876465,
        13.06404972076416,
        13.256988525390625,
        13.453930854797363,
        13.654918670654297,
        13.859999656677246,
        14.069219589233398,
        14.282623291015625,
        14.50025749206543,
        14.722167015075684,
        14.948397636413574,
        15.178994178771973,
        15.4140043258667,
        15.653471946716309,
        15.897440910339355,
        16.145959854125977,
        16.39907455444336,
        16.656827926635742,
        16.919269561767578,
        17.186439514160156,
        17.45838737487793,
        17.73515510559082,
        18.01679229736328,
        18.3033447265625,
        18.5948543548584,
        18.89137077331543,
        19.192935943603516,
        19.499597549438477,
        19.8114013671875,
        20.12839126586914,
        20.45061492919922,
        20.77811622619629,
        21.110939025878906,
        21.449134826660156,
        21.792743682861328,
        22.141815185546875,
        22.49639129638672,
        22.856517791748047,
        23.222244262695312,
        23.593610763549805,
        23.97066879272461,
        24.353458404541016,
        24.742027282714844,
        25.136423110961914,
        25.536691665649414,
        25.942874908447266,
        26.355018615722656,
        26.773170471191406,
        27.197378158569336,
        27.6276798248291,
        28.064128875732422,
        28.50676918029785,
        28.955642700195312,
        29.410799026489258
      ],
      "series_index": 1
    },
    {
      "pattern_id": 3,
      "pattern_start": 4,
      "pattern_width": 58,