{
  "dataset": "REMC",
  "metric": "auc",
  "polynomial_degree": 3,
  "n_patterns": 7,
  "patterns": [
    {
      "pattern_id": 0,
      "pattern_start": 49,
      "pattern_width": 49,
      "pattern_values": [
        -0.91845703125,
        -0.88134765625,
        -0.845703125,
        -0.8115234375,
        -0.77783203125,
        -0.74560546875,
        -0.7138671875,
        -0.68359375,
        -0.6533203125,
        -0.6240234375,
        -0.59521484375,
        -0.56689453125,
        -0.5390625,
        -0.51123046875,
        -0.483642578125,
        -0.456298828125,
        -0.428955078125,
        -0.401611328125,
        -0.3740234375,
        -0.34619140625,
        -0.318115234375,
        -0.28955078125,
        -0.260498046875,
        -0.23095703125,
        -0.20068359375,
        -0.169677734375,
        -0.1376953125,
        -0.1048583984375,
        -0.071044921875,
        -0.035980224609375,
        0.0001888275146484375,
        0.03778076171875,
        0.07647705078125,
        0.1168212890625,
        0.1588134765625,
        0.2021484375,
        0.24755859375,
        0.29443359375,
        0.34375,
        0.39453125,
        0.447265625,
        0.5029296875,
        0.56005859375,
        0.6201171875,
        0.6826171875,
        0.7470703125,
        0.81396484375,
        0.884765625,
        0.95703125
      ],
      "series_index": 0
    },
    {
      "pattern_id": 1,
      "pattern_start": 33,
      "pattern_width": 45,
      "pattern_values": [
        0.73876953125,
        0.62353515625,
        0.517578125,
        0.419189453125,
        0.328369140625,
        0.2454833984375,
        0.1685791015625,
        0.0992431640625,
        0.036407470703125,
        -0.0208740234375,
        -0.07232666015625,
        -0.1187744140625,
        -0.160400390625,
        -0.197509765625,
        -0.23095703125,
        -0.260498046875,
        -0.28662109375,
        -0.31005859375,
        -0.330810546875,
        -0.349609375,
        -0.366455078125,
        -0.382080078125,
        -0.396484375,
        -0.410400390625,
        -0.424072265625,
        -0.437744140625,
        -0.451904296875,
        -0.467041015625,
        -0.4833984375,
        -0.50146484375,
        -0.521484375,
        -0.5439453125,
        -0.56884765625,
        -0.59716796875,
        -0.62890625,
        -0.66455078125,
        -0.70458984375,
        -0.7490234375,
        -0.79833984375,
        -0.85400390625,
        -0.9150390625,
        -0.98193359375,
        -1.0556640625,
        -1.1357421875,
        -1.2236328125
      ],
      "series_index": 2
    },
    {
      "pattern_id": 2,
      "pattern_start": 4,
      "pattern_width": 54,
      "pattern_values": [
        -0.191650390625,
        -0.1260986328125,
        -0.0655517578125,
        -0.0122222900390625,
        0.035797119140625,
        0.0784912109375,
        0.1165771484375,
        0.1490478515625,
        0.17724609375,
        0.2008056640625,
        0.2200927734375,
        0.2354736328125,
        0.2471923828125,
        0.255615234375,
        0.260498046875,
        0.262451171875,
        0.26171875,
        0.258544921875,
        0.253173828125,
        0.24560546875,
        0.236328125,
        0.2255859375,
        0.2135009765625,
        0.200439453125,
        0.1865234375,
        0.1719970703125,
        0.1572265625,
        0.142333984375,
        0.127685546875,
        0.11334228515625,
        0.0997314453125,
        0.08697509765625,
        0.07537841796875,
        0.065185546875,
        0.056549072265625,
        0.0498046875,
        0.045166015625,
        0.042877197265625,
        0.043212890625,
        0.046295166015625,
        0.052490234375,
        0.0621337890625,
        0.07525634765625,
        0.09210205078125,
        0.1129150390625,
        0.13818359375,
        0.1680908203125,
        0.2025146484375,
        0.2425537109375,
        0.287353515625,
        0.33740234375,
        0.392822265625,
        0.455810546875,
        0.52392578125
      ],
      "series_index": 1
    },
    {
      "pattern_id": 3,
      "pattern_start": 11,
      "pattern_width": 185,