{
  "dataset": "REMC",
  "metric": "auc",
  "polynomial_degree": 3,
  "n_patterns": 9,
  "patterns": [
    {
      "pattern_id": 0,
      "pattern_start": 73,
      "pattern_width": 26,
      "pattern_values": [
        -21.10926628112793,
        -18.450910568237305,
        -16.16065216064453,
        -14.216188430786133,
        -12.595210075378418,
        -11.275407791137695,
        -10.234474182128906,
        -9.450105667114258,
        -8.899991989135742,
        -8.5618257522583,
        -8.413301467895508,
        -8.432108879089355,
        -8.595942497253418,
        -8.88249683380127,
        -9.269461631774902,
        -9.734529495239258,
        -10.25539493560791,
        -10.809749603271484,
        -11.375287055969238,
        -11.929698944091797,
        -12.450677871704102,
        -12.915918350219727,
        -13.303110122680664,
        -13.589947700500488,
        -13.75412368774414,
        -13.773331642150879
      ],
      "series_index": 0
    },
    {
      "pattern_id": 1,
      "pattern_start": 3,
      "pattern_width": 50,
      "pattern_values": [
        -4.213504314422607,
        -3.9229187965393066,
        -3.6732256412506104,
        -3.46268892288208,
        -3.28957200050354,
        -3.1521384716033936,
        -3.048651695251465,
        -2.977374792098999,
        -2.9365718364715576,
        -2.924506187438965,
        -2.939441204071045,
        -2.979640245437622,
        -3.0433671474456787,
        -3.128885507583618,
        -3.2344579696655273,
        -3.358348846435547,
        -3.498821973800659,
        -3.654139518737793,
        -3.822566032409668,
        -4.002364635467529,
        -4.191799163818359,
        -4.389132022857666,
        -4.592628479003906,
        -4.8005499839782715,
        -5.011161804199219,
        -5.222726821899414,
        -5.433508396148682,
        -5.6417694091796875,
        -5.845775127410889,
        -6.043787002563477,
        -6.234069347381592,
        -6.414886474609375,
        -6.584500312805176,
        -6.741176128387451,
        -6.883175849914551,
        -7.008763790130615,
        -7.116203308105469,
        -7.2037577629089355,
        -7.269690036773682,
        -7.312265396118164,
        -7.329745769500732,
        -7.320394992828369,
        -7.282476425170898,
        -7.2142534255981445,
        -7.113991737365723,
        -6.979951858520508,
        -6.810398101806641,
        -6.60359525680542,
        -6.357804775238037,
        -6.071290969848633
      ],
      "series_index": 4
    },
    {
      "pattern_id": 2,
      "pattern_start": 3,
      "pattern_width": 103,
      "pattern_values": [
        14.791667938232422,
        14.29798698425293,
        13.822298049926758,
        13.364381790161133,
        12.924023628234863,
        12.501002311706543,
        12.09510326385498,
        11.706106185913086,
        11.333794593811035,
        10.977949142456055,
        10.638355255126953,
        10.31479263305664,
        10.00704288482666,
        9.714890480041504,
        9.438116073608398,
        9.17650318145752,
        8.929832458496094,
        8.69788646697998,
        8.480447769165039,
        8.277298927307129,
        8.08822250366211,
        7.912999629974365,
        7.751412391662598,
        7.603243827819824,
        7.468276023864746,
        7.3462910652160645,
        7.237070083618164,
        7.140397548675537,
        7.056054592132568,
        6.983822822570801,
        6.9234843254089355,
        6.874823093414307,
        6.837619781494141,
        6.811656475067139,
        6.796716213226318,
        6.792580604553223,
        6.799032211303711,
        6.815853118896484,
        6.842826843261719,
        6.879733085632324,
        6.926355838775635,
        6.982476234436035,
        7.047877788543701,
        7.122341156005859,
        7.205650329589844,
        7.297585964202881,
        7.397931098937988,
        7.506467342376709,
        7.6229777336120605,
        7.747243881225586,
        7.879048824310303,
        8.018173217773438,
        8.164401054382324,
        8.317512512207031,
        8.477291107177734,
        8.64352035522461,
        8.815979957580566,
        8.994452476501465,
        9.178722381591797,
        9.368570327758789,
        9.563776969909668,
        9.764126777648926,
        9.969402313232422,
        10.179383277893066,
        10.393854141235352,
        10.61259651184082,
        10.8353910446167,
        11.062023162841797,
        11.29227352142334,
        11.525921821594238,
        11.762754440307617,
        12.002551078796387,
        12.245095252990723,
        12.490166664123535,
        12.737550735473633,
        12.987028121948242,
        13.238382339477539,
        13.491392135620117,
        13.745842933654785,
        14.001517295837402,
        14.258193969726562,
        14.51565933227539,
        14.773693084716797,
        15.032076835632324,
        15.290596008300781,
        15.549030303955078,
        15.807160377502441,
        16.064773559570312,
        16.321645736694336,
        16.577566146850586,
        16.832311630249023,
        17.08566665649414,
        17.33740997314453,
        17.58732795715332,
        17.835201263427734,
        18.080812454223633,
        18.323945999145508,
        18.564380645751953,
        18.801897048950195,
        19.036283493041992,
        19.267316818237305,
        19.494781494140625,
        19.718460083007812
      ],
      "series_index": 1
    },
    {
      "pattern_id": 3,
      "pattern_start": 11,
      "pattern_width": 33,
      "pattern_values": [
        8.25338363647461,
        8.151508331298828,
        8.012423515319824,
        7.8414106369018555,
        7.643748760223389,
        7.424721717834473,
        7.1896071434021,
        6.9436869621276855,
        6.69224214553833,
        6.440553665161133,
        6.193901538848877,
        5.957566261291504,
        5.7368292808532715,
        5.536971569061279,
        5.3632731437683105,
        5.221014499664307,
        5.115477085113525,
        5.051941394805908,
        5.0356879234313965,
        5.071997165679932,
        5.166151523590088,
        5.323429107666016,
        5.549112796783447,
        5.848482131958008,
        6.226818561553955,
        6.689402103424072,
        7.241513729095459,
        7.888434410095215,
        8.635445594787598,
        9.487826347351074,
        10.450858116149902,
        11.529821395874023,
        12.729997634887695
      ],
      "series_index": 3
    },
    {
      "pattern_id": 4,
      "pattern_start": 125,
      "pattern_width": 70,