{
  "dataset": "AZT1D",
  "metric": "rmse",
  "polynomial_degree": 3,
  "n_patterns": 4,
  "patterns": [
    {
      "pattern_id": 0,
      "pattern_start": 1,
      "pattern_width": 4,
      "pattern_values": [
        0.52978515625,
        0.3115234375,
        -0.2783203125,
        -1.8486328125
      ]
    },
    {
      "pattern_id": 1,
      "pattern_start": 22,
      "pattern_width": 1,
      "pattern_values": [
        1.3779296875
      ]
    },
    {
      "pattern_id": 2,
      "pattern_start": 11,
      "pattern_width": 6,
      "pattern_values": [
        0.193603515625,
        0.2017822265625,
        0.065185546875,
        -0.140380859375,
        -0.339599609375,
        -0.456298828125
      ]
    },
    {
      "pattern_id": 3,
      "pattern_start": 10,
      "pattern_width": 6,
      "pattern_values": [
        -0.044677734375,
        -0.0057373046875,
        -0.312744140625,
        -0.66650390625,
        -0.76904296875,
        -0.321044921875
      ]
    }
  ]
}