{
  "patterns": [
    {
      "pattern": [
        8484.325760676344,
        7990.498078791621,
        7574.44163286013,
        7236.156422881875,
        6975.642448856853,
        6792.899710785061,
        6687.928208666503,
        6660.727942501179,
        6711.298912289088,
        6839.641118030228,
        7045.754559724603,
        7329.639237372209
      ],
      "start": 0,
      "width": 12.461062477177284,
      "center": 0,
      "series_idx": 19,
      "control_points": [
        0.8681541892987263,
        0.5688547370170587,
        0.7501998859334975
      ],
      "transform_type": "fft_power",
      "use_relative": false,
      "shift_tolerance": 0.38167967644306927,
      "score": 0.7666098807495741
    },
    {
      "pattern": [
        6505.4446043701655,
        4999.293990368496,
        3712.820458739142,
        2646.024009482102,
        1798.904642597379,
        1171.4623580849711,
        763.6971559448781,
        575.6090361771007
      ],
      "start": 0,
      "width": 8.387504752129544,
      "center": 2,
      "series_idx": 11,
      "control_points": [
        0.6660062092852854,
        0.08823462436042412,
        0.060257714433977275
      ],
      "transform_type": "raw",
      "use_relative": false,
      "shift_tolerance": 0.17549748222703204,
      "score": 0.7921635434412265
    },
    {
      "pattern": [
        347.8102326035812,
        592.1876392183236,
        831.383724460082,
        1065.3984883288565,
        1294.231930824647,
        1517.8840519474534,
        1736.354851697276,
        1949.6443300741148,
        2157.7524870779694,
        2360.67932270884,
        2558.424836966727,
        2750.9890298516298,
        2938.3719013635487,
        3120.5734515024837,
        3297.593680268435
      ],
      "start": 11,
      "width": 15.255635511918028,
      "center": 18,
      "series_idx": 20,
      "control_points": [
        0.036987460005044416,
        0.21358658037956063,
        0.33831569466042255
      ],
      "transform_type": "spectral_entropy",
      "use_relative": false,
      "shift_tolerance": 0.6294906648049262,
      "score": 0.8023850085178875
    },
    {
      "pattern": [
        2503.1529502727994,
        3697.9839841160997
      ],
      "start": 13,
      "width": 2.2822869661100595,
      "center": 14,
      "series_idx": 2,
      "control_points": [
        0.2571614584410073,
        0.8530708201971375,
        0.3792166304654075
      ],
      "transform_type": "raw",
      "use_relative": false,
      "shift_tolerance": 0.4488434713580436,
      "score": 0.8194207836456558
    },
    {
      "pattern": [
        4461.782939795901,
        5992.738039349459,
        6758.346251385546,
        6758.607575904167
      ],
      "start": 21,
      "width": 4.330964268589255,
      "center": 23,
      "series_idx": 17,
      "control_points": [
        0.45724072783730574,
        0.7504641055731772,
        0.6918674810179071
      ],
      "transform_type": "fft_power",
      "use_relative": true,
      "shift_tolerance": 0.652249972371477,
      "score": 0.8245315161839863
    }
  ],
  "fold": 2,
  "n_patterns": 5,
  "performance": {
    "accuracy": 0.7784594410361282,
    "processing_time": 53.160459995269775
  }
}