{
  "patterns": [
    {
      "pattern": [
        2869.6030012148763,
        3437.408493558119,
        3963.9019282773475,
        4449.083305372564,
        4892.952624843767,
        5295.509886690958,
        5656.7550909141355,
        5976.688237513302,
        6255.309326488453,
        6492.618357839592,
        6688.615331566719,
        6843.300247669833,
        6956.6731061489345,
        7028.7339070040225,
        7059.482650235097,
        7048.919335842159,
        6997.043963825208,
        6903.856534184245,
        6769.35704691927,
        6593.545502030281,
        6376.421899517278,
        6117.986239380265,
        5818.238521619237
      ],
      "start": 0,
      "width": 22.50896968162686,
      "center": 5,
      "series_idx": 16,
      "control_points": [
        0.29459530702645614,
        0.9558373335215608,
        0.5958062778551656
      ],
      "transform_type": "derivative",
      "use_relative": true,
      "shift_tolerance": 0.5288866789059818,
      "score": 0.7700170357751278
    },
    {
      "pattern": [
        2753.525066477981,
        4448.223832804626,
        9571.839718268577
      ],
      "start": 18,
      "width": 3.0095970152368956,
      "center": 19,
      "series_idx": 11,
      "control_points": [
        0.2827376368695501,
        0.2807191213681892,
        0.9792466361913174
      ],
      "transform_type": "cumsum",
      "use_relative": false,
      "shift_tolerance": 0.5163080372778719,
      "score": 0.787052810902896
    },
    {
      "pattern": [
        5861.103794998249,
        5743.638323782443,
        5628.623893890375,
        5516.060505322045,
        5405.948158077456,
        5298.286852156603,
        5193.0765875594925,
        5090.317364286118,
        4990.009182336486,
        4892.152041710592,
        4796.745942408435,
        4703.790884430018,
        4613.28686777534,
        4525.233892444402,
        4439.631958437202,
        4356.481065753741,
        4275.78121439402,
        4197.532404358037,
        4121.734635645793,
        4048.387908257289,
        3977.492222192523
      ],
      "start": 0,
      "width": 20.980505135339236,
      "center": 2,
      "series_idx": 17,
      "control_points": [
        0.600185079684006,
        0.4789390706581272,
        0.40776914133459624
      ],
      "transform_type": "wavelet",
      "use_relative": false,
      "shift_tolerance": 0.7023546281574331,
      "score": 0.8040885860306644
    },
    {
      "pattern": [
        4554.518335815153,
        4318.252111597062,
        4105.724423753879,
        3916.9352722856056,
        3751.884657192241,
        3610.572578473786,
        3492.9990361302393,
        3399.164030161602,
        3329.067560567874,
        3282.7096273490533,
        3260.090230505143,
        3261.2093700361415,
        3286.067045942049,
        3334.663258222866,
        3406.998006878591,
        3503.0712919092257,
        3622.8831133147687,
        3766.433471095221,
        3933.7223652505822,
        4124.749795780852,
        4339.515762686032,
        4578.02026596612,
        4840.263305621117
      ],
      "start": 0,
      "width": 22.82173564871111,
      "center": 2,
      "series_idx": 15,
      "control_points": [
        0.4667138955014167,
        0.1878891806390209,
        0.495903505125624
      ],
      "transform_type": "fft_power",
      "use_relative": false,
      "shift_tolerance": 0.4974096037235319,
      "score": 0.8109028960817717
    },
    {
      "pattern": [
        164.77592055431683,
        611.8743044724365,
        1043.2833847034387,
        1459.003161247323,
        1859.0336341040902,
        2243.37480327374,
        2612.0266687562716,
        2964.989230551686,
        3302.2624886599833,
        3623.8464430811623,
        3929.7410938152243,
        4219.946440862168,
        4494.462484221995,
        4753.289223894703,
        4996.426659880295,
        5223.874792178769,
        5435.633620790125,
        5631.703145714364,
        5812.083366951485,
        5976.77428450149,
        6125.775898364377,
        6259.0882085401445,
        6376.711215028796,
        6478.644917830329
      ],
      "start": 0,
      "width": 23.999113125339647,
      "center": 8,
      "series_idx": 3,
      "control_points": [
        0.01829001759623719,
        0.5527369080445854,
        0.6632685499358307
      ],
      "transform_type": "raw",
      "use_relative": false,
      "shift_tolerance": 0.7702553281811687,
      "score": 0.8160136286201022
    },
    {
      "pattern": [
        425.1538827957438,
        783.1785563036739,
        1114.1612284914017,
        1418.1018993589273,
        1695.0005689062516,
        1944.8572371333726,
        2167.6719040402927,
        2363.4445696270095,
        2532.1752338935253,
        2673.863896839838,
        2788.510558465949,
        2876.115218771858,
        2936.677877757565,
        2970.1985354230696,
        2976.6771917683727,
        2956.113846793473,
        2908.5085004983716,
        2833.861152883068,
        2732.1718039475622,
        2603.440453691854,
        2447.6671021159445
      ],
      "start": 0,
      "width": 20.517012286063284,
      "center": 2,
      "series_idx": 19,
      "control_points": [
        0.04488831984363939,
        0.4244321205233949,
        0.2514934312891507
      ],
      "transform_type": "raw",
      "use_relative": true,
      "shift_tolerance": 0.3897819356738103,
      "score": 0.817717206132879
    }
  ],
  "fold": 3,
  "n_patterns": 6,
  "performance": {
    "accuracy": 0.7723244717109747,
    "processing_time": 59.32074427604675
  }
}