{
  "dataset": "MIMIC",
  "metric": "accuracy",
  "polynomial_degree": 3,
  "n_patterns": 3,
  "patterns": [
    {
      "pattern_id": 0,
      "pattern_start": 7,
      "pattern_width": 16,
      "pattern_values": [
        -0.79052734375,
        -0.791015625,
        -0.80029296875,
        -0.81689453125,
        -0.83935546875,
        -0.865234375,
        -0.8935546875,
        -0.92236328125,
        -0.9501953125,
        -0.9755859375,
        -0.99609375,
        -1.0107421875,
        -1.0185546875,
        -1.0166015625,
        -1.00390625,
        -0.978515625
      ],
      "series_index": 27
    },
    {
      "pattern_id": 1,
      "pattern_start": 0,
      "pattern_width": 10,
      "pattern_values": [
        0.259765625,
        -0.1246337890625,
        -0.3330078125,
        -0.405517578125,
        -0.381591796875,
        -0.30126953125,
        -0.2041015625,
        -0.1300048828125,
        -0.1187744140625,
        -0.21044921875
      ],
      "series_index": 19
    },
    {
      "pattern_id": 2,
      "pattern_start": 14,
      "pattern_width": 4,
      "pattern_values": [
        0.41845703125,
        -0.22119140625,
        -0.0377197265625,
        -0.53564453125
      ],
      "series_index": 2
    }
  ]
}