{
  "fold_1": [
    {
      "pattern": [
        4370.735129574373,
        4042.89696018346,
        3750.503989331571,
        3493.5562170187072,
        3272.053643244869,
        3085.9962680100552,
        2935.384091314266,
        2820.217113157501,
        2740.4953335397618,
        2696.2187524610467,
        2687.3873699213573,
        2714.001185920692,
        2776.060200459052,
        2873.5644135364364
      ],
      "start": 0,
      "width": 13.735728917467837,
      "center": 0,
      "series_idx": 16,
      "control_points": [
        0.4479399515565893,
        0.21849025854651125,
        0.29499997584461723
      ],
      "transform_type": "raw",
      "use_relative": true,
      "shift_tolerance": 0.17444117669951092,
      "score": 0.7717206132879046
    },
    {
      "pattern": [
        4963.278677348887,
        4808.695176213353,
        4672.617865980282,
        4555.046746649674,
        4455.981818221528,
        4375.423080695844,
        4313.370534072624,
        4269.824178351866,
        4244.78401353357,
        4238.250039617737,
        4250.222256604367,
        4280.70066449346,
        4329.685263285014,
        4397.176052979033,
        4483.173033575512,
        4587.6762050744555,
        4710.685567475861,
        4852.2011207797295,
        5012.22286498606
      ],
      "start": 2,
      "width": 18.78870797294027,
      "center": 11,
      "series_idx": 16,
      "control_points": [
        0.5084698529460202,
        0.35784275110074615,
        0.5134696320548989
      ],
      "transform_type": "cumsum",
      "use_relative": true,
      "shift_tolerance": 0.28563863670716205,
      "score": 0.778534923339012
    },
    {
      "pattern": [
        1779.9137521069586,
        1676.702591454668,
        1633.1507590496008,
        1649.258254891757,
        1725.0250789811366,
        1860.4512313177393,
        2055.536711901566,
        2310.2815207326157,
        2624.685657810889,
        2998.7491231363856,
        3432.471916709106,
        3925.8540385290494,
        4478.895488596218,
        5091.5962669106075,
        5763.9563734722215,
        6495.975808281059
      ],
      "start": 6,
      "width": 15.951878504014108,
      "center": 13,
      "series_idx": 28,
      "control_points": [
        0.183280648312587,
        0.08135208920457701,
        0.6650389465487272
      ],
      "transform_type": "spectral_entropy",
      "use_relative": false,
      "shift_tolerance": 0.933060919173272,
      "score": 0.7853492333901193
    },
    {
      "pattern": [
        1058.7107633147525,
        2338.283187891436,
        3511.280085671928,
        4577.7014566562275,
        5537.547300844336,
        6390.817618236252,
        7137.512408831976,
        7777.631672631509,
        8311.17540963485,
        8738.143619842,
        9058.536303252955,
        9272.353459867722,
        9379.595089686296
      ],
      "start": 1,
      "width": 13.266811112511622,
      "center": 7,
      "series_idx": 11,
      "control_points": [
        0.10960784239424926,
        0.9265391485946786,
        0.9596083354209554
      ],
      "transform_type": "raw",
      "use_relative": true,
      "shift_tolerance": 0.2638662673278266,
      "score": 0.7921635434412265
    }
  ],
  "fold_2": [
    {
      "pattern": [
        8484.325760676344,
        7990.498078791621,
        7574.44163286013,
        7236.156422881875,
        6975.642448856853,
        6792.899710785061,
        6687.928208666503,
        6660.727942501179,
        6711.298912289088,
        6839.641118030228,
        7045.754559724603,
        7329.639237372209
      ],
      "start": 0,
      "width": 12.461062477177284,
      "center": 0,
      "series_idx": 19,
      "control_points": [
        0.8681541892987263,
        0.5688547370170587,
        0.7501998859334975
      ],
      "transform_type": "fft_power",
      "use_relative": false,
      "shift_tolerance": 0.38167967644306927,
      "score": 0.7666098807495741
    },
    {
      "pattern": [
        6505.4446043701655,
        4999.293990368496,
        3712.820458739142,
        2646.024009482102,
        1798.904642597379,
        1171.4623580849711,
        763.6971559448781,
        575.6090361771007
      ],
      "start": 0,
      "width": 8.387504752129544,
      "center": 2,
      "series_idx": 11,
      "control_points": [
        0.6660062092852854,
        0.08823462436042412,
        0.060257714433977275
      ],
      "transform_type": "raw",
      "use_relative": false,
      "shift_tolerance": 0.17549748222703204,
      "score": 0.7921635434412265
    },
    {
      "pattern": [
        347.8102326035812,
        592.1876392183236,
        831.383724460082,
        1065.3984883288565,
        1294.231930824647,
        1517.8840519474534,
        1736.354851697276,
        1949.6443300741148,
        2157.7524870779694,
        2360.67932270884,
        2558.424836966727,
        2750.9890298516298,
        2938.3719013635487,
        3120.5734515024837,
        3297.593680268435
      ],
      "start": 11,
      "width": 15.255635511918028,
      "center": 18,
      "series_idx": 20,
      "control_points": [
        0.036987460005044416,
        0.21358658037956063,
        0.33831569466042255
      ],
      "transform_type": "spectral_entropy",
      "use_relative": false,
      "shift_tolerance": 0.6294906648049262,
      "score": 0.8023850085178875
    },
    {
      "pattern": [
        2503.1529502727994,
        3697.9839841160997
      ],
      "start": 13,
      "width": 2.2822869661100595,
      "center": 14,
      "series_idx": 2,
      "control_points": [
        0.2571614584410073,
        0.8530708201971375,
        0.3792166304654075
      ],
      "transform_type": "raw",
      "use_relative": false,
      "shift_tolerance": 0.4488434713580436,
      "score": 0.8194207836456558
    },
    {
      "pattern": [
        4461.782939795901,
        5992.738039349459,
        6758.346251385546,
        6758.607575904167
      ],
      "start": 21,
      "width": 4.330964268589255,
      "center": 23,
      "series_idx": 17,
      "control_points": [
        0.45724072783730574,
        0.7504641055731772,
        0.6918674810179071
      ],
      "transform_type": "fft_power",
      "use_relative": true,
      "shift_tolerance": 0.652249972371477,
      "score": 0.8245315161839863
    }
  ],
  "fold_3": [
    {
      "pattern": [
        2869.6030012148763,
        3437.408493558119,
        3963.9019282773475,
        4449.083305372564,
        4892.952624843767,
        5295.509886690958,
        5656.7550909141355,
        5976.688237513302,
        6255.309326488453,
        6492.618357839592,
        6688.615331566719,
        6843.300247669833,
        6956.6731061489345,
        7028.7339070040225,
        7059.482650235097,
        7048.919335842159,
        6997.043963825208,
        6903.856534184245,
        6769.35704691927,
        6593.545502030281,
        6376.421899517278,
        6117.986239380265,
        5818.238521619237
      ],
      "start": 0,
      "width": 22.50896968162686,
      "center": 5,
      "series_idx": 16,
      "control_points": [
        0.29459530702645614,
        0.9558373335215608,
        0.5958062778551656
      ],
      "transform_type": "derivative",
      "use_relative": true,
      "shift_tolerance": 0.5288866789059818,
      "score": 0.7700170357751278
    },
    {
      "pattern": [
        2753.525066477981,
        4448.223832804626,
        9571.839718268577
      ],
      "start": 18,
      "width": 3.0095970152368956,
      "center": 19,
      "series_idx": 11,
      "control_points": [
        0.2827376368695501,
        0.2807191213681892,
        0.9792466361913174
      ],
      "transform_type": "cumsum",
      "use_relative": false,
      "shift_tolerance": 0.5163080372778719,