{
  "patterns": [
    {
      "pattern": [
        4370.735129574373,
        4042.89696018346,
        3750.503989331571,
        3493.5562170187072,
        3272.053643244869,
        3085.9962680100552,
        2935.384091314266,
        2820.217113157501,
        2740.4953335397618,
        2696.2187524610467,
        2687.3873699213573,
        2714.001185920692,
        2776.060200459052,
        2873.5644135364364
      ],
      "start": 0,
      "width": 13.735728917467837,
      "center": 0,
      "series_idx": 16,
      "control_points": [
        0.4479399515565893,
        0.21849025854651125,
        0.29499997584461723
      ],
      "transform_type": "raw",
      "use_relative": true,
      "shift_tolerance": 0.17444117669951092,
      "score": 0.7717206132879046
    },
    {
      "pattern": [
        4963.278677348887,
        4808.695176213353,
        4672.617865980282,
        4555.046746649674,
        4455.981818221528,
        4375.423080695844,
        4313.370534072624,
        4269.824178351866,
        4244.78401353357,
        4238.250039617737,
        4250.222256604367,
        4280.70066449346,
        4329.685263285014,
        4397.176052979033,
        4483.173033575512,
        4587.6762050744555,
        4710.685567475861,
        4852.2011207797295,
        5012.22286498606
      ],
      "start": 2,
      "width": 18.78870797294027,
      "center": 11,
      "series_idx": 16,
      "control_points": [
        0.5084698529460202,
        0.35784275110074615,
        0.5134696320548989
      ],
      "transform_type": "cumsum",
      "use_relative": true,
      "shift_tolerance": 0.28563863670716205,
      "score": 0.778534923339012
    },
    {
      "pattern": [
        1779.9137521069586,
        1676.702591454668,
        1633.1507590496008,
        1649.258254891757,
        1725.0250789811366,
        1860.4512313177393,
        2055.536711901566,
        2310.2815207326157,
        2624.685657810889,
        2998.7491231363856,
        3432.471916709106,
        3925.8540385290494,
        4478.895488596218,
        5091.5962669106075,
        5763.9563734722215,
        6495.975808281059
      ],
      "start": 6,
      "width": 15.951878504014108,
      "center": 13,
      "series_idx": 28,
      "control_points": [
        0.183280648312587,
        0.08135208920457701,
        0.6650389465487272
      ],
      "transform_type": "spectral_entropy",
      "use_relative": false,
      "shift_tolerance": 0.933060919173272,
      "score": 0.7853492333901193
    },
    {
      "pattern": [
        1058.7107633147525,
        2338.283187891436,
        3511.280085671928,
        4577.7014566562275,
        5537.547300844336,
        6390.817618236252,
        7137.512408831976,
        7777.631672631509,
        8311.17540963485,
        8738.143619842,
        9058.536303252955,
        9272.353459867722,
        9379.595089686296
      ],
      "start": 1,
      "width": 13.266811112511622,
      "center": 7,
      "series_idx": 11,
      "control_points": [
        0.10960784239424926,
        0.9265391485946786,
        0.9596083354209554
      ],
      "transform_type": "raw",
      "use_relative": true,
      "shift_tolerance": 0.2638662673278266,
      "score": 0.7921635434412265
    }
  ],
  "fold": 1,
  "n_patterns": 4,
  "performance": {
    "accuracy": 0.7607361963190185,
    "processing_time": 42.49807000160217
  }
}