{
  "dataset": "REMC",
  "metric": "auc",
  "polynomial_degree": 3,
  "n_patterns": 10,
  "patterns": [
    {
      "pattern_id": 0,
      "pattern_start": 52,
      "pattern_width": 45,
      "pattern_values": [
        -1.6005859375,
        -1.4453125,
        -1.3017578125,
        -1.16796875,
        -1.0439453125,
        -0.93017578125,
        -0.82373046875,
        -0.72802734375,
        -0.640625,
        -0.5615234375,
        -0.490234375,
        -0.4267578125,
        -0.370361328125,
        -0.32080078125,
        -0.277587890625,
        -0.24072265625,
        -0.209716796875,
        -0.1842041015625,
        -0.163818359375,
        -0.148193359375,
        -0.1370849609375,
        -0.130126953125,
        -0.126953125,
        -0.127197265625,
        -0.1304931640625,
        -0.1365966796875,
        -0.14501953125,
        -0.155517578125,
        -0.167724609375,
        -0.1812744140625,
        -0.1959228515625,
        -0.21142578125,
        -0.226806640625,
        -0.242431640625,
        -0.257568359375,
        -0.272216796875,
        -0.28564453125,
        -0.2978515625,
        -0.308349609375,
        -0.31640625,
        -0.322998046875,
        -0.325439453125,
        -0.325439453125,
        -0.322021484375,
        -0.314697265625
      ],
      "series_index": 0
    },
    {
      "pattern_id": 1,
      "pattern_start": 8,
      "pattern_width": 91,
      "pattern_values": [
        -1.251953125,
        -1.2265625,
        -1.2041015625,
        -1.181640625,
        -1.16015625,
        -1.1396484375,
        -1.1201171875,
        -1.1015625,
        -1.083984375,
        -1.06640625,
        -1.05078125,
        -1.03515625,
        -1.0205078125,
        -1.005859375,
        -0.9931640625,
        -0.9794921875,
        -0.96728515625,
        -0.955078125,
        -0.943359375,
        -0.93212890625,
        -0.9208984375,
        -0.91015625,
        -0.8994140625,
        -0.88916015625,
        -0.87890625,
        -0.86865234375,
        -0.8583984375,
        -0.84814453125,
        -0.837890625,
        -0.82763671875,
        -0.81689453125,
        -0.80615234375,
        -0.79541015625,
        -0.78369140625,
        -0.7724609375,
        -0.76025390625,
        -0.748046875,
        -0.73486328125,
        -0.7216796875,
        -0.70751953125,
        -0.69287109375,
        -0.677734375,
        -0.66162109375,
        -0.64501953125,
        -0.62744140625,
        -0.60888671875,
        -0.58984375,
        -0.5693359375,
        -0.54833984375,
        -0.52587890625,
        -0.50244140625,
        -0.478271484375,
        -0.45263671875,
        -0.42578125,
        -0.39794921875,
        -0.368408203125,
        -0.337646484375,
        -0.3056640625,
        -0.27197265625,
        -0.237060546875,
        -0.200439453125,
        -0.162353515625,
        -0.12255859375,
        -0.081298828125,
        -0.03778076171875,
        0.0069580078125,
        0.0537109375,
        0.102294921875,
        0.153564453125,
        0.205322265625,
        0.26025390625,
        0.31640625,
        0.375244140625,
        0.43505859375,
        0.4990234375,
        0.5634765625,
        0.63134765625,
        0.7001953125,
        0.7734375,
        0.8466796875,
        0.923828125,
        1.001953125,
        1.0859375,
        1.169921875,
        1.2568359375,
        1.345703125,
        1.439453125,
        1.533203125,
        1.6328125,
        1.732421875,
        1.837890625
      ],
      "series_index": 2
    },
    {
      "pattern_id": 2,
      "pattern_start": 8,
      "pattern_width": 128,
      "pattern_values": [
        -1.166015625,
        -1.142578125,
        -1.119140625,
        -1.09765625,
        -1.076171875,
        -1.056640625,
        -1.037109375,
        -1.01953125,
        -1.001953125,
        -0.986328125,
        -0.97021484375,
        -0.9560546875,
        -0.94287109375,
        -0.9296875,
        -0.91748046875,
        -0.90625,
        -0.89599609375,
        -0.8857421875,
        -0.876953125,
        -0.86865234375,
        -0.861328125,
        -0.85400390625,
        -0.84765625,
        -0.84228515625,
        -0.83740234375,
        -0.8330078125,
        -0.8291015625,
        -0.82568359375,
        -0.8232421875,
        -0.82080078125,
        -0.8193359375,
        -0.81787109375,
        -0.8173828125,
        -0.81689453125,
        -0.8173828125,
        -0.81787109375,
        -0.81884765625,
        -0.8203125,
        -0.82177734375,
        -0.82373046875,
        -0.826171875,
        -0.8291015625,
        -0.83203125,
        -0.8349609375,
        -0.83837890625,
        -0.84228515625,
        -0.84619140625,
        -0.85009765625,
        -0.8544921875,
        -0.85888671875,
        -0.86376953125,
        -0.8681640625,
        -0.873046875,
        -0.8779296875,
        -0.8828125,
        -0.8876953125,
        -0.89306640625,
        -0.89794921875,
        -0.90283203125,
        -0.90771484375,
        -0.91259765625,
        -0.91748046875,
        -0.92236328125,
        -0.9267578125,
        -0.931640625,
        -0.93603515625,
        -0.93994140625,
        -0.94384765625,
        -0.94775390625,
        -0.95166015625,
        -0.955078125,
        -0.9580078125,
        -0.9609375,
        -0.96337890625,
        -0.96533203125,
        -0.96728515625,
        -0.96923828125,
        -0.97021484375,
        -0.97119140625,
        -0.97119140625,
        -0.97119140625,
        -0.970703125,
        -0.9697265625,
        -0.96875,
        -0.966796875,
        -0.96435546875,
        -0.96142578125,
        -0.95751953125,
        -0.95361328125,
        -0.94873046875,
        -0.94384765625,
        -0.9375,
        -0.93115234375,
        -0.923828125,
        -0.916015625,
        -0.9072265625,
        -0.89794921875,
        -0.88818359375,
        -0.876953125,
        -0.865234375,
        -0.85302734375,
        -0.83984375,
        -0.82568359375,
        -0.810546875,
        -0.794921875,
        -0.7783203125,
        -0.76025390625,
        -0.7421875,
        -0.72265625,
        -0.70263671875,
        -0.6806640625,
        -0.658203125,
        -0.634765625,
        -0.61083984375,
        -0.58447265625,
        -0.55810546875,
        -0.5302734375,
        -0.501953125,
        -0.471435546875,
        -0.4404296875,
        -0.408203125,
        -0.37548828125,
        -0.33984375,
        -0.30419921875,
        -0.266845703125,
        -0.229248046875,
        -0.189208984375,
        -0.14794921875
      ],
      "series_index": 3
    },
    {
      "pattern_id": 3,
      "pattern_start": 23,
      "pattern_width": 140,