{
  "dataset": "AZT1D",
  "metric": "rmse",
  "polynomial_degree": 3,
  "n_patterns": 4,
  "patterns": [
    {
      "pattern_id": 0,
      "pattern_start": 3,
      "pattern_width": 1,
      "pattern_values": [
        1.1181640625
      ]
    },
    {
      "pattern_id": 1,
      "pattern_start": 13,
      "pattern_width": 9,
      "pattern_values": [
        1.408203125,
        1.0625,
        0.84521484375,
        0.7470703125,
        0.75830078125,
        0.8701171875,
        1.072265625,
        1.3564453125,
        1.712890625
      ]
    },
    {
      "pattern_id": 2,
      "pattern_start": 3,
      "pattern_width": 15,
      "pattern_values": [
        -1.0146484375,
        -1.0712890625,
        -1.1064453125,
        -1.1181640625,
        -1.10546875,
        -1.06640625,
        -0.99853515625,
        -0.8994140625,
        -0.76806640625,
        -0.6015625,
        -0.39892578125,
        -0.15771484375,
        0.12420654296875,
        0.44775390625,
        0.81640625
      ]
    },
    {
      "pattern_id": 3,
      "pattern_start": 0,
      "pattern_width": 7,
      "pattern_values": [
        -1.146484375,
        -0.7236328125,
        -0.326171875,
        -0.036651611328125,
        0.062042236328125,
        -0.11328125,
        -0.64599609375
      ]
    }
  ]
}