{
  "dataset": "AZT1D",
  "metric": "rmse",
  "polynomial_degree": 3,
  "n_patterns": 1,
  "patterns": [
    {
      "pattern_id": 0,
      "pattern_start": 3,
      "pattern_width": 9,
      "pattern_values": [
        0.73876953125,
        0.70947265625,
        0.52197265625,
        0.264892578125,
        0.026397705078125,
        -0.10491943359375,
        -0.040679931640625,
        0.307373046875,
        1.0283203125
      ]
    }
  ]
}