{
  "dataset": "REMC",
  "metric": "auc",
  "polynomial_degree": 3,
  "n_patterns": 8,
  "patterns": [
    {
      "pattern_id": 0,
      "pattern_start": 6,
      "pattern_width": 101,
      "pattern_values": [
        -0.30712890625,
        -0.315185546875,
        -0.322998046875,
        -0.33056640625,
        -0.338134765625,
        -0.345458984375,
        -0.3525390625,
        -0.359619140625,
        -0.3662109375,
        -0.373046875,
        -0.37939453125,
        -0.3857421875,
        -0.391845703125,
        -0.3974609375,
        -0.4033203125,
        -0.408935546875,
        -0.414306640625,
        -0.41943359375,
        -0.424560546875,
        -0.429443359375,
        -0.434326171875,
        -0.438720703125,
        -0.443115234375,
        -0.447265625,
        -0.451416015625,
        -0.455322265625,
        -0.458984375,
        -0.462646484375,
        -0.4658203125,
        -0.46923828125,
        -0.47216796875,
        -0.47509765625,
        -0.477783203125,
        -0.48046875,
        -0.482666015625,
        -0.48486328125,
        -0.487060546875,
        -0.489013671875,
        -0.49072265625,
        -0.4921875,
        -0.49365234375,
        -0.494873046875,
        -0.495849609375,
        -0.496826171875,
        -0.49755859375,
        -0.498291015625,
        -0.49853515625,
        -0.4990234375,
        -0.4990234375,
        -0.4990234375,
        -0.498779296875,
        -0.498291015625,
        -0.497802734375,
        -0.497314453125,
        -0.496337890625,
        -0.495361328125,
        -0.494140625,
        -0.492919921875,
        -0.491455078125,
        -0.48974609375,
        -0.488037109375,
        -0.486083984375,
        -0.48388671875,
        -0.481689453125,
        -0.479248046875,
        -0.476806640625,
        -0.47412109375,
        -0.47119140625,
        -0.468017578125,
        -0.46484375,
        -0.461669921875,
        -0.458251953125,
        -0.45458984375,
        -0.45068359375,
        -0.44677734375,
        -0.442626953125,
        -0.4384765625,
        -0.43408203125,
        -0.429443359375,
        -0.4248046875,
        -0.419921875,
        -0.414794921875,
        -0.40966796875,
        -0.404541015625,
        -0.39892578125,
        -0.393310546875,
        -0.3876953125,
        -0.3818359375,
        -0.375732421875,
        -0.36962890625,
        -0.36328125,
        -0.35693359375,
        -0.35009765625,
        -0.343505859375,
        -0.33642578125,
        -0.329345703125,
        -0.322265625,
        -0.31494140625,
        -0.307373046875,
        -0.2998046875,
        -0.2919921875
      ],
      "series_index": 2
    },
    {
      "pattern_id": 1,
      "pattern_start": 17,
      "pattern_width": 77,
      "pattern_values": [
        -0.000244140625,
        0.023468017578125,
        0.04632568359375,
        0.06787109375,
        0.08905029296875,
        0.10845947265625,
        0.127197265625,
        0.1456298828125,
        0.162109375,
        0.1778564453125,
        0.19287109375,
        0.20654296875,
        0.219482421875,
        0.2314453125,
        0.2421875,
        0.251708984375,
        0.260498046875,
        0.268310546875,
        0.27490234375,
        0.280517578125,
        0.28515625,
        0.288818359375,
        0.291259765625,
        0.292724609375,
        0.29296875,
        0.292236328125,
        0.29052734375,
        0.287841796875,
        0.283935546875,
        0.279052734375,
        0.27294921875,
        0.265869140625,
        0.257568359375,
        0.2484130859375,
        0.238037109375,
        0.2264404296875,
        0.2138671875,
        0.2001953125,
        0.1854248046875,
        0.1695556640625,
        0.1524658203125,
        0.1343994140625,
        0.11505126953125,
        0.09466552734375,
        0.07318115234375,
        0.050445556640625,
        0.0265960693359375,
        0.0017080307006835938,
        -0.0244293212890625,
        -0.051727294921875,
        -0.0799560546875,
        -0.109619140625,
        -0.140380859375,
        -0.1722412109375,
        -0.2054443359375,
        -0.2393798828125,
        -0.27490234375,
        -0.3115234375,
        -0.349365234375,
        -0.388427734375,
        -0.4287109375,
        -0.47021484375,
        -0.51220703125,
        -0.5556640625,
        -0.60107421875,
        -0.6474609375,
        -0.69482421875,
        -0.74365234375,
        -0.79345703125,
        -0.84423828125,
        -0.89697265625,
        -0.95068359375,
        -1.00390625,
        -1.060546875,
        -1.1181640625,
        -1.17578125,
        -1.236328125
      ],
      "series_index": 0
    },
    {
      "pattern_id": 2,
      "pattern_start": 1,
      "pattern_width": 117,
      "pattern_values": [
        -0.9921875,
        -0.97900390625,
        -0.9658203125,
        -0.953125,
        -0.94091796875,
        -0.92822265625,
        -0.91650390625,
        -0.9052734375,
        -0.8935546875,
        -0.8818359375,
        -0.87109375,
        -0.8603515625,
        -0.84912109375,
        -0.8388671875,
        -0.82861328125,
        -0.818359375,
        -0.80859375,
        -0.79931640625,
        -0.78955078125,
        -0.7802734375,
        -0.771484375,
        -0.7626953125,
        -0.75439453125,
        -0.74609375,
        -0.73779296875,
        -0.7294921875,
        -0.7216796875,
        -0.71435546875,
        -0.70703125,
        -0.69970703125,
        -0.69287109375,
        -0.68603515625,
        -0.67919921875,
        -0.6728515625,
        -0.6669921875,
        -0.66064453125,
        -0.6552734375,
        -0.6494140625,
        -0.64404296875,
        -0.638671875,
        -0.6337890625,
        -0.62890625,
        -0.6240234375,
        -0.61962890625,
        -0.615234375,
        -0.611328125,
        -0.607421875,
        -0.603515625,
        -0.60009765625,
        -0.5966796875,
        -0.59326171875,
        -0.59033203125,
        -0.58740234375,
        -0.58447265625,
        -0.58203125,
        -0.57958984375,
        -0.57763671875,
        -0.57568359375,
        -0.57373046875,
        -0.572265625,
        -0.57080078125,
        -0.5693359375,
        -0.56787109375,
        -0.56689453125,
        -0.56640625,
        -0.5654296875,
        -0.56494140625,
        -0.56494140625,
        -0.564453125,
        -0.564453125,
        -0.564453125,
        -0.56494140625,
        -0.5654296875,
        -0.56591796875,
        -0.56689453125,
        -0.56787109375,
        -0.56884765625,
        -0.56982421875,
        -0.5712890625,
        -0.57275390625,
        -0.57470703125,
        -0.576171875,
        -0.578125,
        -0.58056640625,
        -0.58251953125,
        -0.5849609375,
        -0.58740234375,
        -0.59033203125,
        -0.59326171875,
        -0.59619140625,
        -0.59912109375,
        -0.6025390625,
        -0.60595703125,
        -0.609375,
        -0.61279296875,
        -0.61669921875,
        -0.62060546875,
        -0.625,
        -0.62890625,
        -0.63330078125,
        -0.6376953125,
        -0.64208984375,
        -0.64697265625,
        -0.65185546875,
        -0.65673828125,
        -0.662109375,
        -0.6669921875,
        -0.67236328125,
        -0.677734375,
        -0.68359375,
        -0.68896484375,
        -0.69482421875,
        -0.701171875,
        -0.70703125,
        -0.712890625,
        -0.7197265625,
        -0.7255859375
      ],
      "series_index": 3
    },
    {
      "pattern_id": 3,
      "pattern_start": 0,
      "pattern_width": 167,