{
  "dataset": "REMC",
  "metric": "auc",
  "polynomial_degree": 3,
  "n_patterns": 8,
  "patterns": [
    {
      "pattern_id": 0,
      "pattern_start": 0,
      "pattern_width": 74,
      "pattern_values": [
        -1.509765625,
        -1.513671875,
        -1.515625,
        -1.515625,
        -1.51171875,
        -1.5078125,
        -1.5,
        -1.490234375,
        -1.4794921875,
        -1.466796875,
        -1.4521484375,
        -1.435546875,
        -1.41796875,
        -1.3984375,
        -1.3779296875,
        -1.35546875,
        -1.3330078125,
        -1.30859375,
        -1.283203125,
        -1.2568359375,
        -1.23046875,
        -1.2021484375,
        -1.173828125,
        -1.1455078125,
        -1.1162109375,
        -1.0869140625,
        -1.056640625,
        -1.02734375,
        -0.99755859375,
        -0.96728515625,
        -0.93798828125,
        -0.908203125,
        -0.87939453125,
        -0.8505859375,
        -0.82275390625,
        -0.79541015625,
        -0.7685546875,
        -0.74267578125,
        -0.71728515625,
        -0.693359375,
        -0.67041015625,
        -0.64892578125,
        -0.62841796875,
        -0.609375,
        -0.591796875,
        -0.57568359375,
        -0.5615234375,
        -0.54931640625,
        -0.53857421875,
        -0.52978515625,
        -0.52294921875,
        -0.5185546875,
        -0.51611328125,
        -0.51611328125,
        -0.5185546875,
        -0.5234375,
        -0.53125,
        -0.54150390625,
        -0.5546875,
        -0.5703125,
        -0.58984375,
        -0.6123046875,
        -0.63720703125,
        -0.666015625,
        -0.6982421875,
        -0.7333984375,
        -0.7724609375,
        -0.814453125,
        -0.861328125,
        -0.912109375,
        -0.966796875,
        -1.0244140625,
        -1.087890625,
        -1.154296875
      ],
      "series_index": 2
    },
    {
      "pattern_id": 1,
      "pattern_start": 66,
      "pattern_width": 25,
      "pattern_values": [
        0.490234375,
        0.29150390625,
        0.11822509765625,
        -0.033203125,
        -0.1650390625,
        -0.27880859375,
        -0.3779296875,
        -0.464111328125,
        -0.54052734375,
        -0.60888671875,
        -0.67236328125,
        -0.73291015625,
        -0.79296875,
        -0.85498046875,
        -0.921875,
        -0.99560546875,
        -1.078125,
        -1.173828125,
        -1.2822265625,
        -1.408203125,
        -1.552734375,
        -1.720703125,
        -1.9111328125,
        -2.126953125,
        -2.375
      ],
      "series_index": 0
    },
    {
      "pattern_id": 2,
      "pattern_start": 40,
      "pattern_width": 63,
      "pattern_values": [
        0.422607421875,
        0.415771484375,
        0.409423828125,
        0.40283203125,
        0.3955078125,
        0.388427734375,
        0.381103515625,
        0.37353515625,
        0.364990234375,
        0.357177734375,
        0.34814453125,
        0.338623046875,
        0.32861328125,
        0.318603515625,
        0.30712890625,
        0.295654296875,
        0.282958984375,
        0.26953125,
        0.25537109375,
        0.240234375,
        0.22412109375,
        0.2069091796875,
        0.1888427734375,
        0.169677734375,
        0.1492919921875,
        0.127685546875,
        0.10467529296875,
        0.08056640625,
        0.055084228515625,
        0.0281524658203125,
        -0.0002353191375732422,
        -0.030120849609375,
        -0.061553955078125,
        -0.0946044921875,
        -0.1292724609375,
        -0.165771484375,
        -0.203857421875,
        -0.243896484375,
        -0.28564453125,
        -0.329345703125,
        -0.375,
        -0.422607421875,
        -0.472412109375,
        -0.5244140625,
        -0.57861328125,
        -0.634765625,
        -0.693359375,
        -0.75390625,
        -0.8173828125,
        -0.8828125,
        -0.9501953125,
        -1.021484375,
        -1.0947265625,
        -1.169921875,
        -1.248046875,
        -1.330078125,
        -1.4140625,
        -1.5,
        -1.5908203125,
        -1.6826171875,
        -1.7783203125,
        -1.8759765625,
        -1.9775390625
      ],
      "series_index": 4
    },
    {
      "pattern_id": 3,
      "pattern_start": 4,
      "pattern_width": 38,
      "pattern_values": [
        -1.1875,
        -1.0185546875,
        -0.865234375,
        -0.72607421875,
        -0.6005859375,
        -0.48876953125,
        -0.390869140625,
        -0.303955078125,
        -0.22900390625,
        -0.1654052734375,
        -0.1114501953125,
        -0.06744384765625,
        -0.0322265625,
        -0.005523681640625,
        0.0135955810546875,
        0.0255889892578125,
        0.0311431884765625,
        0.030914306640625,
        0.0255279541015625,
        0.015625,
        0.001850128173828125,
        -0.0151824951171875,
        -0.0347900390625,
        -0.056396484375,
        -0.079345703125,
        -0.102783203125,
        -0.1265869140625,
        -0.1495361328125,
        -0.1715087890625,
        -0.19140625,
        -0.208984375,
        -0.2232666015625,
        -0.2337646484375,
        -0.23974609375,
        -0.24072265625,
        -0.236328125,
        -0.224853515625,
        -0.20703125
      ],
      "series_index": 1
    },
    {
      "pattern_id": 4,
      "pattern_start": 74,
      "pattern_width": 93,
      "pattern_values": [
        -1.4375,
        -1.390625,
        -1.345703125,
        -1.302734375,
        -1.26171875,
        -1.2216796875,
        -1.1845703125,
        -1.1474609375,
        -1.11328125,
        -1.080078125,
        -1.0478515625,
        -1.017578125,
        -0.98876953125,
        -0.96044921875,
        -0.93408203125,
        -0.908203125,
        -0.88427734375,
        -0.86083984375,
        -0.8388671875,
        -0.8173828125,
        -0.79736328125,
        -0.77783203125,
        -0.75927734375,
        -0.7412109375,
        -0.72412109375,
        -0.7080078125,
        -0.6923828125,
        -0.67724609375,
        -0.66259765625,
        -0.6484375,
        -0.634765625,
        -0.6220703125,
        -0.60888671875,
        -0.59619140625,
        -0.583984375,
        -0.57177734375,
        -0.56005859375,
        -0.5478515625,
        -0.5361328125,
        -0.5244140625,
        -0.5126953125,
        -0.50048828125,
        -0.48828125,
        -0.47607421875,
        -0.463623046875,
        -0.45068359375,
        -0.4375,
        -0.423828125,
        -0.409912109375,
        -0.395263671875,
        -0.38037109375,
        -0.36474609375,
        -0.348388671875,
        -0.33154296875,
        -0.313720703125,
        -0.29541015625,
        -0.27587890625,
        -0.255859375,
        -0.234619140625,
        -0.21240234375,
        -0.1893310546875,
        -0.1650390625,
        -0.1397705078125,
        -0.11322021484375,
        -0.08551025390625,
        -0.056396484375,
        -0.0260009765625,
        0.00555419921875,
        0.03875732421875,
        0.07342529296875,
        0.10986328125,
        0.1474609375,
        0.1871337890625,
        0.2275390625,
        0.270751953125,
        0.31494140625,
        0.361572265625,
        0.4091796875,
        0.4599609375,
        0.51171875,
        0.56591796875,
        0.62158203125,
        0.6806640625,
        0.740234375,
        0.8037109375,
        0.86767578125,
        0.935546875,
        1.0048828125,
        1.0771484375,
        1.1513671875,
        1.228515625,
        1.306640625,
        1.390625
      ],
      "series_index": 1
    },
    {
      "pattern_id": 5,
      "pattern_start": 99,
      "pattern_width": 66,