{
  "dataset": "AZT1D",
  "metric": "rmse",
  "polynomial_degree": 3,
  "n_patterns": 3,
  "patterns": [
    {
      "pattern_id": 0,
      "pattern_start": 0,
      "pattern_width": 24,
      "pattern_values": [
        0.5087890625,
        0.401123046875,
        0.29931640625,
        0.2027587890625,
        0.111328125,
        0.0251312255859375,
        -0.056121826171875,
        -0.13232421875,
        -0.203369140625,
        -0.269775390625,
        -0.331298828125,
        -0.38818359375,
        -0.4404296875,
        -0.488037109375,
        -0.53125,
        -0.5703125,
        -0.60498046875,
        -0.6357421875,
        -0.66162109375,
        -0.68408203125,
        -0.70263671875,
        -0.71728515625,
        -0.728515625,
        -0.7353515625
      ]
    },
    {
      "pattern_id": 1,
      "pattern_start": 21,
      "pattern_width": 3,
      "pattern_values": [
        -0.822265625,
        -0.33544921875,
        0.7109375
      ]
    },
    {
      "pattern_id": 2,
      "pattern_start": 10,
      "pattern_width": 3,
      "pattern_values": [
        -0.61962890625,
        0.11737060546875,
        1.6689453125
      ]
    }
  ]
}