{
  "dataset": "AZT1D",
  "metric": "rmse",
  "polynomial_degree": 3,
  "n_patterns": 3,
  "patterns": [
    {
      "pattern_id": 0,
      "pattern_start": 0,
      "pattern_width": 24,
      "pattern_values": [
        -0.7392578125,
        -0.71875,
        -0.6806640625,
        -0.62646484375,
        -0.56005859375,
        -0.483642578125,
        -0.39892578125,
        -0.3095703125,
        -0.2169189453125,
        -0.124267578125,
        -0.033966064453125,
        0.05157470703125,
        0.1297607421875,
        0.1981201171875,
        0.25390625,
        0.294921875,
        0.318603515625,
        0.322265625,
        0.30322265625,
        0.259521484375,
        0.1884765625,
        0.08758544921875,
        -0.04595947265625,
        -0.21484375
      ]
    },
    {
      "pattern_id": 1,
      "pattern_start": 19,
      "pattern_width": 3,
      "pattern_values": [
        0.40087890625,
        -0.82080078125,
        -0.74853515625
      ]
    },
    {
      "pattern_id": 2,
      "pattern_start": 13,
      "pattern_width": 6,
      "pattern_values": [
        -0.186279296875,
        -0.6025390625,
        -0.71923828125,
        -0.78662109375,
        -1.052734375,
        -1.7666015625
      ]
    }
  ]
}