{
  "dataset": "AZT1D",
  "metric": "rmse",
  "polynomial_degree": 3,
  "n_patterns": 4,
  "patterns": [
    {
      "pattern_id": 0,
      "pattern_start": 3,
      "pattern_width": 18,
      "pattern_values": [
        2.009765625,
        1.552734375,
        1.177734375,
        0.876953125,
        0.64404296875,
        0.47119140625,
        0.3505859375,
        0.275634765625,
        0.2388916015625,
        0.2332763671875,
        0.25146484375,
        0.2861328125,
        0.330322265625,
        0.37646484375,
        0.41748046875,
        0.446044921875,
        0.454833984375,
        0.4375
      ]
    },
    {
      "pattern_id": 1,
      "pattern_start": 0,
      "pattern_width": 7,
      "pattern_values": [
        0.3447265625,
        0.6943359375,
        0.7939453125,
        0.82421875,
        0.96533203125,
        1.3974609375,
        2.302734375
      ]
    },
    {
      "pattern_id": 2,
      "pattern_start": 11,
      "pattern_width": 4,
      "pattern_values": [
        1.9658203125,
        0.658203125,
        0.0733642578125,
        -0.476318359375
      ]
    },
    {
      "pattern_id": 3,
      "pattern_start": 15,
      "pattern_width": 2,
      "pattern_values": [
        -0.27392578125,
        -1.892578125
      ]
    }
  ]
}