{
  "dataset": "REMC",
  "metric": "auc",
  "polynomial_degree": 3,
  "n_patterns": 11,
  "patterns": [
    {
      "pattern_id": 0,
      "pattern_start": 75,
      "pattern_width": 22,
      "pattern_values": [
        -20.084117889404297,
        -17.27558708190918,
        -14.94484806060791,
        -13.054831504821777,
        -11.568466186523438,
        -10.448685646057129,
        -9.658416748046875,
        -9.160591125488281,
        -8.918137550354004,
        -8.893988609313965,
        -9.051072120666504,
        -9.35231876373291,
        -9.760661125183105,
        -10.239026069641113,
        -10.750343322753906,
        -11.257546424865723,
        -11.723563194274902,
        -12.111324310302734,
        -12.383761405944824,
        -12.503800392150879,
        -12.434375762939453,
        -12.138416290283203
      ],
      "series_index": 0
    },
    {
      "pattern_id": 1,
      "pattern_start": 0,
      "pattern_width": 79,
      "pattern_values": [
        5.3388519287109375,
        5.256301403045654,
        5.185812950134277,
        5.127132892608643,
        5.080008506774902,
        5.044187068939209,
        5.019414901733398,
        5.005439281463623,
        5.0020060539245605,
        5.00886344909668,
        5.025757789611816,
        5.052435874938965,
        5.088644504547119,
        5.134130954742432,
        5.18864107131958,
        5.251923084259033,
        5.323723793029785,
        5.403789043426514,
        5.491865634918213,
        5.587701797485352,
        5.691043853759766,
        5.801638126373291,
        5.919231414794922,
        6.0435709953308105,
        6.174404621124268,
        6.311477184295654,
        6.454537391662598,
        6.603331089019775,
        6.757606029510498,
        6.917108058929443,
        7.081584930419922,
        7.2507829666137695,
        7.4244489669799805,
        7.602329730987549,
        7.784173488616943,
        7.969725131988525,
        8.158732414245605,
        8.350943565368652,
        8.546102523803711,
        8.743958473205566,
        8.944257736206055,
        9.146746635437012,
        9.35117244720459,
        9.557283401489258,
        9.764822959899902,
        9.973542213439941,
        10.183184623718262,
        10.393498420715332,
        10.604229927062988,
        10.815126419067383,
        11.025936126708984,
        11.236405372619629,
        11.44627857208252,
        11.655303955078125,
        11.863229751586914,
        12.069801330566406,
        12.27476692199707,
        12.477871894836426,
        12.678864479064941,
        12.877490997314453,
        13.073497772216797,
        13.266631126403809,
        13.456640243530273,
        13.643269538879395,
        13.826268196105957,
        14.00538158416748,
        14.1803560256958,
        14.350940704345703,
        14.516880989074707,
        14.677923202514648,
        14.833815574645996,
        14.98430347442627,
        15.129135131835938,
        15.26805591583252,
        15.400814056396484,
        15.5271577835083,
        15.646830558776855,
        15.759580612182617,
        15.865155220031738
      ],
      "series_index": 4
    },
    {
      "pattern_id": 2,
      "pattern_start": 13,
      "pattern_width": 106,
      "pattern_values": [
        -14.379962921142578,
        -14.483757019042969,
        -14.572750091552734,
        -14.647309303283691,
        -14.70779800415039,
        -14.754584312438965,
        -14.788030624389648,
        -14.808504104614258,
        -14.816370010375977,
        -14.811993598937988,
        -14.79574203491211,
        -14.767977714538574,
        -14.729068756103516,
        -14.679378509521484,
        -14.61927318572998,
        -14.549118041992188,
        -14.469280242919922,
        -14.380121231079102,
        -14.282011032104492,
        -14.175313949584961,
        -14.06039047241211,
        -13.937613487243652,
        -13.807344436645508,
        -13.669949531555176,
        -13.525793075561523,
        -13.375243186950684,
        -13.21866226196289,
        -13.056415557861328,
        -12.888872146606445,
        -12.716395378112793,
        -12.539349555969238,
        -12.358102798461914,
        -12.173018455505371,
        -11.984460830688477,
        -11.792798042297363,
        -11.598395347595215,
        -11.401616096496582,
        -11.202827453613281,
        -11.00239372253418,
        -10.800681114196777,
        -10.598055839538574,
        -10.394881248474121,
        -10.191524505615234,
        -9.988350868225098,
        -9.785724639892578,
        -9.584012031555176,
        -9.38357925415039,
        -9.184789657592773,
        -8.988011360168457,
        -8.793607711791992,
        -8.601944923400879,
        -8.4133882522583,
        -8.228303909301758,
        -8.047056198120117,
        -7.870010852813721,
        -7.69753360748291,
        -7.529989719390869,
        -7.3677449226379395,
        -7.2111639976501465,
        -7.060613632202148,
        -6.916457653045654,
        -6.779062271118164,
        -6.6487932205200195,
        -6.526015758514404,
        -6.411095142364502,
        -6.304396629333496,
        -6.2062859535217285,
        -6.117129325866699,
        -6.037290573120117,
        -5.967136383056641,
        -5.907031059265137,
        -5.857341289520264,
        -5.818431377410889,
        -5.79066801071167,
        -5.774415493011475,
        -5.770040512084961,
        -5.777906894683838,
        -5.7983808517456055,
        -5.831828594207764,
        -5.87861442565918,
        -5.939104080200195,
        -6.013663291931152,
        -6.102657318115234,
        -6.206451416015625,
        -6.325410842895508,
        -6.459901809692383,
        -6.610289573669434,
        -6.776939392089844,
        -6.960216522216797,
        -7.160485744476318,
        -7.378113746643066,
        -7.613466262817383,
        -7.86690616607666,
        -8.138802528381348,
        -8.429518699645996,
        -8.739419937133789,
        -9.068872451782227,
        -9.418241500854492,
        -9.787891387939453,
        -10.17818832397461,
        -10.589498519897461,
        -11.022188186645508,
        -11.476619720458984,
        -11.953160285949707,
        -12.452177047729492,
        -12.974031448364258
      ],
      "series_index": 2
    },
    {
      "pattern_id": 3,
      "pattern_start": 8,
      "pattern_width": 56,