{
  "dataset": "REMC",
  "metric": "auc",
  "polynomial_degree": 3,
  "n_patterns": 6,
  "patterns": [
    {
      "pattern_id": 0,
      "pattern_start": 29,
      "pattern_width": 168,
      "pattern_values": [
        -1.8857421875,
        -1.8583984375,
        -1.83203125,
        -1.8056640625,
        -1.7802734375,
        -1.75390625,
        -1.73046875,
        -1.705078125,
        -1.681640625,
        -1.658203125,
        -1.63671875,
        -1.6142578125,
        -1.5927734375,
        -1.5712890625,
        -1.55078125,
        -1.5302734375,
        -1.51171875,
        -1.4921875,
        -1.4736328125,
        -1.455078125,
        -1.4365234375,
        -1.419921875,
        -1.40234375,
        -1.38671875,
        -1.3701171875,
        -1.35546875,
        -1.33984375,
        -1.3251953125,
        -1.310546875,
        -1.296875,
        -1.283203125,
        -1.2705078125,
        -1.2578125,
        -1.24609375,
        -1.2333984375,
        -1.22265625,
        -1.2109375,
        -1.2001953125,
        -1.189453125,
        -1.1787109375,
        -1.169921875,
        -1.16015625,
        -1.1513671875,
        -1.142578125,
        -1.1337890625,
        -1.1259765625,
        -1.1181640625,
        -1.1103515625,
        -1.1025390625,
        -1.095703125,
        -1.08984375,
        -1.0830078125,
        -1.0771484375,
        -1.0712890625,
        -1.0654296875,
        -1.060546875,
        -1.0556640625,
        -1.05078125,
        -1.0458984375,
        -1.0419921875,
        -1.0380859375,
        -1.0341796875,
        -1.0302734375,
        -1.0263671875,
        -1.0234375,
        -1.0205078125,
        -1.017578125,
        -1.015625,
        -1.0126953125,
        -1.0107421875,
        -1.0087890625,
        -1.0068359375,
        -1.0048828125,
        -1.0029296875,
        -1.001953125,
        -1.0,
        -0.99951171875,
        -0.99853515625,
        -0.99755859375,
        -0.99658203125,
        -0.99609375,
        -0.99560546875,
        -0.9951171875,
        -0.99462890625,
        -0.99462890625,
        -0.99462890625,
        -0.994140625,
        -0.994140625,
        -0.99462890625,
        -0.99462890625,
        -0.99462890625,
        -0.9951171875,
        -0.99560546875,
        -0.99560546875,
        -0.99609375,
        -0.99658203125,
        -0.9970703125,
        -0.99755859375,
        -0.998046875,
        -0.99853515625,
        -0.9990234375,
        -0.99951171875,
        -1.0,
        -1.0009765625,
        -1.0009765625,
        -1.001953125,
        -1.001953125,
        -1.001953125,
        -1.0029296875,
        -1.0029296875,
        -1.0029296875,
        -1.0029296875,
        -1.00390625,
        -1.00390625,
        -1.00390625,
        -1.0029296875,
        -1.0029296875,
        -1.0029296875,
        -1.0029296875,
        -1.001953125,
        -1.0009765625,
        -1.0009765625,
        -1.0,
        -0.9990234375,
        -0.99755859375,
        -0.99658203125,
        -0.9951171875,
        -0.99365234375,
        -0.9921875,
        -0.98974609375,
        -0.98779296875,
        -0.98583984375,
        -0.9833984375,
        -0.98095703125,
        -0.97802734375,
        -0.97509765625,
        -0.97216796875,
        -0.96875,
        -0.96533203125,
        -0.96142578125,
        -0.95703125,
        -0.953125,
        -0.94873046875,
        -0.94384765625,
        -0.93896484375,
        -0.93359375,
        -0.92822265625,
        -0.9228515625,
        -0.91650390625,
        -0.91015625,
        -0.90380859375,
        -0.89697265625,
        -0.89013671875,
        -0.8818359375,
        -0.87451171875,
        -0.8662109375,
        -0.8583984375,
        -0.84912109375,
        -0.84033203125,
        -0.8310546875,
        -0.82177734375,
        -0.8115234375,
        -0.80078125,
        -0.7900390625,
        -0.779296875,
        -0.76806640625,
        -0.75634765625,
        -0.74365234375
      ],
      "series_index": 0
    },
    {
      "pattern_id": 1,
      "pattern_start": 0,
      "pattern_width": 83,
      "pattern_values": [
        -2.544921875,
        -2.4453125,
        -2.3515625,
        -2.259765625,
        -2.173828125,
        -2.091796875,
        -2.01171875,
        -1.9365234375,
        -1.865234375,
        -1.796875,
        -1.7314453125,
        -1.671875,
        -1.61328125,
        -1.55859375,
        -1.505859375,
        -1.45703125,
        -1.4111328125,
        -1.3681640625,
        -1.328125,
        -1.2900390625,
        -1.255859375,
        -1.22265625,
        -1.193359375,
        -1.166015625,
        -1.140625,
        -1.1171875,
        -1.0966796875,
        -1.078125,
        -1.0615234375,
        -1.046875,
        -1.0341796875,
        -1.0224609375,
        -1.013671875,
        -1.005859375,
        -0.99951171875,
        -0.99462890625,
        -0.9912109375,
        -0.9892578125,
        -0.98828125,
        -0.98828125,
        -0.98974609375,
        -0.9921875,
        -0.99560546875,
        -0.99951171875,
        -1.00390625,
        -1.009765625,
        -1.015625,
        -1.0224609375,
        -1.029296875,
        -1.037109375,
        -1.044921875,
        -1.052734375,
        -1.060546875,
        -1.068359375,
        -1.0771484375,
        -1.0849609375,
        -1.0927734375,
        -1.099609375,
        -1.107421875,
        -1.11328125,
        -1.1201171875,
        -1.125,
        -1.1298828125,
        -1.134765625,
        -1.1376953125,
        -1.140625,
        -1.1416015625,
        -1.142578125,
        -1.1416015625,
        -1.1396484375,
        -1.13671875,
        -1.1318359375,
        -1.1259765625,
        -1.119140625,
        -1.109375,
        -1.099609375,
        -1.0869140625,
        -1.072265625,
        -1.0556640625,
        -1.037109375,
        -1.017578125,
        -0.994140625,
        -0.9697265625
      ],
      "series_index": 2
    },
    {
      "pattern_id": 2,
      "pattern_start": 4,
      "pattern_width": 152,