{
  "dataset": "REMC",
  "metric": "auc",
  "polynomial_degree": 3,
  "n_patterns": 10,
  "patterns": [
    {
      "pattern_id": 0,
      "pattern_start": 82,
      "pattern_width": 16,
      "pattern_values": [
        8.504752159118652,
        7.728048801422119,
        7.058410167694092,
        6.482517719268799,
        5.9870524406433105,
        5.558694839477539,
        5.184126853942871,
        4.850028038024902,
        4.5430803298950195,
        4.249964714050293,
        3.957362174987793,
        3.651953935623169,
        3.320420503616333,
        2.9494431018829346,
        2.525702953338623,
        2.0358810424804688
      ],
      "series_index": 0
    },
    {
      "pattern_id": 1,
      "pattern_start": 48,
      "pattern_width": 59,
      "pattern_values": [
        9.54100227355957,
        8.408675193786621,
        7.317673683166504,
        6.267154693603516,
        5.256278991699219,
        4.284208297729492,
        3.3500993251800537,
        2.453113555908203,
        1.592411756515503,
        0.767155647277832,
        -0.02349865436553955,
        -0.7803897261619568,
        -1.5043556690216064,
        -2.1962392330169678,
        -2.8568789958953857,
        -3.487114429473877,
        -4.087786674499512,
        -4.659735202789307,
        -5.203799724578857,
        -5.720820426940918,
        -6.2116379737854,
        -6.6770920753479,
        -7.118022441864014,
        -7.535268306732178,
        -7.929670333862305,
        -8.302069664001465,
        -8.653304100036621,
        -8.98421573638916,
        -9.295642852783203,
        -9.58842658996582,
        -9.863407135009766,
        -10.12142276763916,
        -10.363314628601074,
        -10.589922904968262,
        -10.802087783813477,
        -11.000648498535156,
        -11.186444282531738,
        -11.360318183898926,
        -11.523106575012207,
        -11.675652503967285,
        -11.818792343139648,
        -11.953371047973633,
        -12.08022403717041,
        -12.20019245147705,
        -12.314118385314941,
        -12.422840118408203,
        -12.52719783782959,
        -12.628031730651855,
        -12.726181030273438,
        -12.822487831115723,
        -12.917789459228516,
        -13.01292610168457,
        -13.108739852905273,
        -13.206068992614746,
        -13.305754661560059,
        -13.408638000488281,
        -13.51555347442627,
        -13.627347946166992,
        -13.744855880737305
      ],
      "series_index": 2
    },
    {
      "pattern_id": 2,
      "pattern_start": 0,
      "pattern_width": 88,
      "pattern_values": [
        -5.9370808601379395,
        -6.298892974853516,
        -6.639535427093506,
        -6.959569931030273,
        -7.259559631347656,
        -7.54006290435791,
        -7.801640033721924,
        -8.044855117797852,
        -8.270267486572266,
        -8.478437423706055,
        -8.669926643371582,
        -8.845294952392578,
        -9.005107879638672,
        -9.149922370910645,
        -9.28030014038086,
        -9.39680290222168,
        -9.499991416931152,
        -9.59042739868164,
        -9.668670654296875,
        -9.735281944274902,
        -9.790823936462402,
        -9.835857391357422,
        -9.870941162109375,
        -9.89664077758789,
        -9.91351318359375,
        -9.922120094299316,
        -9.92302417755127,
        -9.91678524017334,
        -9.90396499633789,
        -9.885124206542969,
        -9.860822677612305,
        -9.831624031066895,
        -9.798087120056152,
        -9.760774612426758,
        -9.720246315002441,
        -9.677063941955566,
        -9.63178825378418,
        -9.584980010986328,
        -9.537200927734375,
        -9.48901081085205,
        -9.440973281860352,
        -9.393647193908691,
        -9.347593307495117,
        -9.303375244140625,
        -9.261550903320312,
        -9.22268295288086,
        -9.187333106994629,
        -9.156061172485352,
        -9.129427909851074,
        -9.107994079589844,
        -9.092323303222656,
        -9.082975387573242,
        -9.080510139465332,
        -9.085490226745605,
        -9.09847640991211,
        -9.120028495788574,
        -9.150708198547363,
        -9.191076278686523,
        -9.241693496704102,
        -9.303123474121094,
        -9.375924110412598,
        -9.460658073425293,
        -9.557887077331543,
        -9.668170928955078,
        -9.792070388793945,
        -9.930147171020508,
        -10.082962036132812,
        -10.251076698303223,
        -10.435050010681152,
        -10.635446548461914,
        -10.852825164794922,
        -11.087746620178223,
        -11.340774536132812,
        -11.612464904785156,
        -11.9033842086792,
        -12.214090347290039,
        -12.545146942138672,
        -12.897110939025879,
        -13.270545959472656,
        -13.666013717651367,
        -14.084074020385742,
        -14.525289535522461,
        -14.990218162536621,
        -15.479423522949219,
        -15.993467330932617,
        -16.532909393310547,
        -17.098308563232422,
        -17.690229415893555
      ],
      "series_index": 4
    },
    {
      "pattern_id": 3,
      "pattern_start": 8,
      "pattern_width": 102,