{
  "dataset": "REMC",
  "metric": "auc",
  "polynomial_degree": 3,
  "n_patterns": 7,
  "patterns": [
    {
      "pattern_id": 0,
      "pattern_start": 48,
      "pattern_width": 48,
      "pattern_values": [
        0.404052734375,
        0.476806640625,
        0.5439453125,
        0.60595703125,
        0.6630859375,
        0.71337890625,
        0.75927734375,
        0.80029296875,
        0.8369140625,
        0.86865234375,
        0.89599609375,
        0.91943359375,
        0.9384765625,
        0.95361328125,
        0.96533203125,
        0.9736328125,
        0.97802734375,
        0.9794921875,
        0.978515625,
        0.97412109375,
        0.96728515625,
        0.9580078125,
        0.9462890625,
        0.9326171875,
        0.91650390625,
        0.89892578125,
        0.8798828125,
        0.859375,
        0.83740234375,
        0.81494140625,
        0.791015625,
        0.76611328125,
        0.7412109375,
        0.71533203125,
        0.68994140625,
        0.6640625,
        0.638671875,
        0.61279296875,
        0.587890625,
        0.56396484375,
        0.54052734375,
        0.517578125,
        0.49658203125,
        0.4765625,
        0.4580078125,
        0.441162109375,
        0.426025390625,
        0.413330078125
      ],
      "series_index": 0
    },
    {
      "pattern_id": 1,
      "pattern_start": 17,
      "pattern_width": 171,
      "pattern_values": [
        -1.1884765625,
        -1.15234375,
        -1.1181640625,
        -1.0849609375,
        -1.05078125,
        -1.0185546875,
        -0.98486328125,
        -0.95361328125,
        -0.9228515625,
        -0.89306640625,
        -0.86328125,
        -0.833984375,
        -0.806640625,
        -0.7783203125,
        -0.7509765625,
        -0.72509765625,
        -0.69775390625,
        -0.67236328125,
        -0.6474609375,
        -0.623046875,
        -0.599609375,
        -0.576171875,
        -0.55322265625,
        -0.53125,
        -0.509765625,
        -0.488525390625,
        -0.4677734375,
        -0.44677734375,
        -0.427001953125,
        -0.40771484375,
        -0.38916015625,
        -0.370849609375,
        -0.35302734375,
        -0.33544921875,
        -0.318603515625,
        -0.30224609375,
        -0.2861328125,
        -0.2705078125,
        -0.25439453125,
        -0.23974609375,
        -0.2254638671875,
        -0.21142578125,
        -0.19775390625,
        -0.184326171875,
        -0.171630859375,
        -0.1590576171875,
        -0.146484375,
        -0.134765625,
        -0.12322998046875,
        -0.11212158203125,
        -0.101318359375,
        -0.090576171875,
        -0.0804443359375,
        -0.0704345703125,
        -0.06085205078125,
        -0.051605224609375,
        -0.0423583984375,
        -0.033660888671875,
        -0.0252227783203125,
        -0.0169830322265625,
        -0.0090789794921875,
        -0.00140380859375,
        0.00621795654296875,
        0.01342010498046875,
        0.02044677734375,
        0.0271759033203125,
        0.033782958984375,
        0.040130615234375,
        0.04632568359375,
        0.052276611328125,
        0.05804443359375,
        0.063720703125,
        0.06915283203125,
        0.0743408203125,
        0.07952880859375,
        0.08447265625,
        0.08929443359375,
        0.093994140625,
        0.09857177734375,
        0.10296630859375,
        0.1072998046875,
        0.11151123046875,
        0.1156005859375,
        0.11962890625,
        0.12359619140625,
        0.12744140625,
        0.1312255859375,
        0.135009765625,
        0.138671875,
        0.1422119140625,
        0.145751953125,
        0.1492919921875,
        0.15283203125,
        0.1563720703125,
        0.1597900390625,
        0.163330078125,
        0.166748046875,
        0.1702880859375,
        0.1737060546875,
        0.17724609375,
        0.1807861328125,
        0.184326171875,
        0.18798828125,
        0.191650390625,
        0.1953125,
        0.1990966796875,
        0.2030029296875,
        0.2069091796875,
        0.2109375,
        0.215087890625,
        0.21923828125,
        0.2236328125,
        0.22802734375,
        0.2325439453125,
        0.2371826171875,
        0.2421875,
        0.2470703125,
        0.252197265625,
        0.257568359375,
        0.262939453125,
        0.2685546875,
        0.2744140625,
        0.2802734375,
        0.28662109375,
        0.292724609375,
        0.299560546875,
        0.306396484375,
        0.313232421875,
        0.320556640625,
        0.328125,
        0.335693359375,
        0.343505859375,
        0.351806640625,
        0.36083984375,
        0.369384765625,
        0.37841796875,
        0.3876953125,
        0.3974609375,
        0.4072265625,
        0.41748046875,
        0.427978515625,
        0.43896484375,
        0.449951171875,
        0.46142578125,
        0.473876953125,
        0.486083984375,
        0.49853515625,
        0.51123046875,
        0.52490234375,
        0.53857421875,
        0.552734375,
        0.5673828125,
        0.58154296875,
        0.59716796875,
        0.61279296875,
        0.62939453125,
        0.64599609375,
        0.6630859375,
        0.6806640625,
        0.6982421875,
        0.71630859375,
        0.7353515625,
        0.75439453125,
        0.77392578125,
        0.79443359375,
        0.81640625,
        0.8369140625,
        0.859375,
        0.880859375,
        0.90380859375,
        0.9267578125
      ],
      "series_index": 1
    },
    {
      "pattern_id": 2,
      "pattern_start": 4,
      "pattern_width": 92,
      "pattern_values": [
        -0.09600830078125,
        -0.07452392578125,
        -0.05426025390625,
        -0.03570556640625,
        -0.01812744140625,
        -0.00164794921875,
        0.01348876953125,
        0.02764892578125,
        0.04034423828125,
        0.05157470703125,
        0.06207275390625,
        0.07159423828125,
        0.08001708984375,
        0.08721923828125,
        0.09307861328125,
        0.098388671875,
        0.10260009765625,
        0.10565185546875,
        0.10791015625,
        0.109375,
        0.109619140625,
        0.1092529296875,
        0.10809326171875,
        0.1058349609375,
        0.102783203125,
        0.09912109375,
        0.09466552734375,
        0.08929443359375,
        0.08349609375,
        0.0767822265625,
        0.0694580078125,
        0.061614990234375,
        0.05303955078125,
        0.043853759765625,
        0.03424072265625,
        0.02392578125,
        0.0131072998046875,
        0.0019073486328125,
        -0.00989532470703125,
        -0.0220794677734375,
        -0.034759521484375,
        -0.04779052734375,
        -0.06121826171875,
        -0.07501220703125,
        -0.089111328125,
        -0.10357666015625,
        -0.1182861328125,
        -0.13330078125,
        -0.1485595703125,
        -0.1639404296875,
        -0.1796875,
        -0.1954345703125,
        -0.21142578125,
        -0.2275390625,
        -0.2437744140625,
        -0.260009765625,
        -0.2763671875,
        -0.292724609375,
        -0.30908203125,
        -0.325439453125,
        -0.341796875,
        -0.358154296875,
        -0.374267578125,
        -0.390380859375,
        -0.40625,
        -0.422119140625,
        -0.437744140625,
        -0.453125,
        -0.46826171875,
        -0.4833984375,
        -0.498046875,
        -0.51220703125,
        -0.5263671875,
        -0.5400390625,
        -0.55322265625,
        -0.56640625,
        -0.5791015625,
        -0.5908203125,
        -0.6025390625,
        -0.61376953125,
        -0.62451171875,
        -0.63427734375,
        -0.64404296875,
        -0.6533203125,
        -0.66162109375,
        -0.66943359375,
        -0.67626953125,
        -0.6826171875,
        -0.6884765625,
        -0.69384765625,
        -0.6982421875,
        -0.70166015625
      ],