{
  "dataset": "AZT1D",
  "metric": "rmse",
  "polynomial_degree": 3,
  "n_patterns": 4,
  "patterns": [
    {
      "pattern_id": 0,
      "pattern_start": 1,
      "pattern_width": 17,
      "pattern_values": [
        1.1337890625,
        1.0595703125,
        0.99755859375,
        0.94677734375,
        0.908203125,
        0.8828125,
        0.87109375,
        0.8740234375,
        0.89208984375,
        0.92578125,
        0.97607421875,
        1.0439453125,
        1.12890625,
        1.232421875,
        1.35546875,
        1.4990234375,
        1.662109375
      ]
    },
    {
      "pattern_id": 1,
      "pattern_start": 19,
      "pattern_width": 3,
      "pattern_values": [
        -1.2841796875,
        -0.859375,
        -0.84228515625
      ]
    },
    {
      "pattern_id": 2,
      "pattern_start": 1,
      "pattern_width": 6,
      "pattern_values": [
        0.207275390625,
        -0.26708984375,
        -0.23095703125,
        0.1251220703125,
        0.611328125,
        1.03515625
      ]
    },
    {
      "pattern_id": 3,
      "pattern_start": 9,
      "pattern_width": 14,
      "pattern_values": [
        1.1357421875,
        0.90234375,
        0.70947265625,
        0.54931640625,
        0.414794921875,
        0.29833984375,
        0.1922607421875,
        0.08892822265625,
        -0.0192718505859375,
        -0.1400146484375,
        -0.281005859375,
        -0.44970703125,
        -0.6533203125,
        -0.89990234375
      ]
    }
  ]
}