{
  "dataset": "AZT1D",
  "metric": "rmse",
  "polynomial_degree": 3,
  "n_patterns": 4,
  "patterns": [
    {
      "pattern_id": 0,
      "pattern_start": 1,
      "pattern_width": 22,
      "pattern_values": [
        -2.546875,
        -2.15234375,
        -1.8056640625,
        -1.50390625,
        -1.244140625,
        -1.021484375,
        -0.83203125,
        -0.671875,
        -0.53759765625,
        -0.425048828125,
        -0.330078125,
        -0.2490234375,
        -0.177734375,
        -0.1123046875,
        -0.04901123046875,
        0.01629638671875,
        0.0875244140625,
        0.1685791015625,
        0.262939453125,
        0.375,
        0.5087890625,
        0.66796875
      ]
    },
    {
      "pattern_id": 1,
      "pattern_start": 9,
      "pattern_width": 6,
      "pattern_values": [
        0.40625,
        0.314697265625,
        0.41259765625,
        0.69384765625,
        1.1513671875,
        1.77734375
      ]
    },
    {
      "pattern_id": 2,
      "pattern_start": 1,
      "pattern_width": 3,
      "pattern_values": [
        1.0078125,
        0.463134765625,
        0.78076171875
      ]
    },
    {
      "pattern_id": 3,
      "pattern_start": 21,
      "pattern_width": 2,
      "pattern_values": [
        -2.27734375,
        0.10205078125
      ]
    }
  ]
}