{
  "dataset": "AZT1D",
  "metric": "rmse",
  "polynomial_degree": 3,
  "n_patterns": 4,
  "patterns": [
    {
      "pattern_id": 0,
      "pattern_start": 1,
      "pattern_width": 4,
      "pattern_values": [
        -0.62646484375,
        -0.469482421875,
        -0.137451171875,
        0.83984375
      ]
    },
    {
      "pattern_id": 1,
      "pattern_start": 6,
      "pattern_width": 12,
      "pattern_values": [
        -0.084716796875,
        0.209228515625,
        0.4404296875,
        0.61376953125,
        0.73779296875,
        0.8173828125,
        0.8603515625,
        0.873046875,
        0.86181640625,
        0.8330078125,
        0.7939453125,
        0.7509765625
      ]
    },
    {
      "pattern_id": 2,
      "pattern_start": 5,
      "pattern_width": 18,
      "pattern_values": [
        1.48828125,
        1.08203125,
        0.7470703125,
        0.47412109375,
        0.2568359375,
        0.0870361328125,
        -0.04327392578125,
        -0.1412353515625,
        -0.214599609375,
        -0.270751953125,
        -0.317626953125,
        -0.36279296875,
        -0.413330078125,
        -0.4775390625,
        -0.5625,
        -0.6767578125,
        -0.82666015625,
        -1.0205078125
      ]
    },
    {
      "pattern_id": 3,
      "pattern_start": 15,
      "pattern_width": 6,
      "pattern_values": [
        -0.12939453125,
        -0.310546875,
        -0.470703125,
        -0.7958984375,
        -1.4736328125,
        -2.689453125
      ]
    }
  ]
}