{
  "dataset": "AZT1D",
  "metric": "rmse",
  "polynomial_degree": 3,
  "n_patterns": 3,
  "patterns": [
    {
      "pattern_id": 0,
      "pattern_start": 1,
      "pattern_width": 5,
      "pattern_values": [
        1.1083984375,
        0.15087890625,
        0.10968017578125,
        0.2890625,
        -0.00750732421875
      ]
    },
    {
      "pattern_id": 1,
      "pattern_start": 8,
      "pattern_width": 8,
      "pattern_values": [
        -0.498046875,
        -0.020721435546875,
        0.362548828125,
        0.63427734375,
        0.7783203125,
        0.77783203125,
        0.6162109375,
        0.27734375
      ]
    },
    {
      "pattern_id": 2,
      "pattern_start": 16,
      "pattern_width": 7,
      "pattern_values": [
        0.0400390625,
        -0.0804443359375,
        -0.21826171875,
        -0.298828125,
        -0.2471923828125,
        0.011566162109375,
        0.552734375
      ]
    }
  ]
}