{
  "dataset": "REMC",
  "metric": "auc",
  "polynomial_degree": 3,
  "n_patterns": 9,
  "patterns": [
    {
      "pattern_id": 0,
      "pattern_start": 12,
      "pattern_width": 85,
      "pattern_values": [
        0.440673828125,
        0.4169921875,
        0.394775390625,
        0.374267578125,
        0.3544921875,
        0.336181640625,
        0.31884765625,
        0.302978515625,
        0.2880859375,
        0.273681640625,
        0.260498046875,
        0.24853515625,
        0.237060546875,
        0.226318359375,
        0.216796875,
        0.207763671875,
        0.199462890625,
        0.191650390625,
        0.1845703125,
        0.17822265625,
        0.1719970703125,
        0.166259765625,
        0.1610107421875,
        0.1561279296875,
        0.151611328125,
        0.1473388671875,
        0.1431884765625,
        0.1392822265625,
        0.135498046875,
        0.1317138671875,
        0.1279296875,
        0.12432861328125,
        0.1204833984375,
        0.1165771484375,
        0.11248779296875,
        0.10821533203125,
        0.10369873046875,
        0.098876953125,
        0.09375,
        0.088134765625,
        0.0821533203125,
        0.07568359375,
        0.06866455078125,
        0.061065673828125,
        0.0528564453125,
        0.0439453125,
        0.034332275390625,
        0.023956298828125,
        0.0127716064453125,
        0.000728607177734375,
        -0.0122222900390625,
        -0.0261077880859375,
        -0.041046142578125,
        -0.057037353515625,
        -0.07403564453125,
        -0.09228515625,
        -0.111572265625,
        -0.1322021484375,
        -0.154052734375,
        -0.1773681640625,
        -0.2017822265625,
        -0.2279052734375,
        -0.25537109375,
        -0.284423828125,
        -0.31494140625,
        -0.34716796875,
        -0.380615234375,
        -0.416259765625,
        -0.45361328125,
        -0.492919921875,
        -0.533203125,
        -0.576171875,
        -0.62060546875,
        -0.66796875,
        -0.7158203125,
        -0.7666015625,
        -0.8203125,
        -0.87548828125,
        -0.931640625,
        -0.9912109375,
        -1.0537109375,
        -1.1181640625,
        -1.18359375,
        -1.2529296875,
        -1.3251953125
      ],
      "series_index": 0
    },
    {
      "pattern_id": 1,
      "pattern_start": 1,
      "pattern_width": 88,
      "pattern_values": [
        -0.90234375,
        -0.89599609375,
        -0.8896484375,
        -0.8828125,
        -0.8759765625,
        -0.86962890625,
        -0.86328125,
        -0.85595703125,
        -0.84912109375,
        -0.8427734375,
        -0.8359375,
        -0.8291015625,
        -0.82275390625,
        -0.81640625,
        -0.8095703125,
        -0.8037109375,
        -0.7978515625,
        -0.7919921875,
        -0.78662109375,
        -0.78076171875,
        -0.77587890625,
        -0.77099609375,
        -0.7666015625,
        -0.7626953125,
        -0.7587890625,
        -0.75537109375,
        -0.75244140625,
        -0.75,
        -0.748046875,
        -0.74609375,
        -0.7451171875,
        -0.74462890625,
        -0.744140625,
        -0.74462890625,
        -0.74609375,
        -0.74755859375,
        -0.75,
        -0.7529296875,
        -0.75634765625,
        -0.7607421875,
        -0.76611328125,
        -0.771484375,
        -0.7783203125,
        -0.78564453125,
        -0.7939453125,
        -0.802734375,
        -0.8125,
        -0.8232421875,
        -0.8349609375,
        -0.84765625,
        -0.86083984375,
        -0.87548828125,
        -0.89111328125,
        -0.9072265625,
        -0.9248046875,
        -0.943359375,
        -0.962890625,
        -0.98388671875,
        -1.005859375,
        -1.0283203125,
        -1.052734375,
        -1.078125,
        -1.10546875,
        -1.1328125,
        -1.162109375,
        -1.1923828125,
        -1.2236328125,
        -1.2568359375,
        -1.291015625,
        -1.328125,
        -1.365234375,
        -1.4033203125,
        -1.443359375,
        -1.484375,
        -1.5283203125,
        -1.572265625,
        -1.6181640625,
        -1.666015625,
        -1.71484375,
        -1.765625,
        -1.818359375,
        -1.873046875,
        -1.9287109375,
        -1.986328125,
        -2.044921875,
        -2.10546875,
        -2.16796875,
        -2.232421875
      ],
      "series_index": 2
    },
    {
      "pattern_id": 2,
      "pattern_start": 7,
      "pattern_width": 173,