{
  "dataset": "REMC",
  "metric": "auc",
  "polynomial_degree": 3,
  "n_patterns": 9,
  "patterns": [
    {
      "pattern_id": 0,
      "pattern_start": 52,
      "pattern_width": 64,
      "pattern_values": [
        0.5527143478393555,
        1.3027243614196777,
        1.9977059364318848,
        2.6392078399658203,
        3.228776454925537,
        3.767958164215088,
        4.258301734924316,
        4.701353073120117,
        5.098662853240967,
        5.451775550842285,
        5.762239456176758,
        6.031602382659912,
        6.261411666870117,
        6.453214645385742,
        6.608558654785156,
        6.72899055480957,
        6.816059112548828,
        6.871311187744141,
        6.896294116973877,
        6.892556190490723,
        6.861642837524414,
        6.805103302001953,
        6.724484920501709,
        6.621334552764893,
        6.497199535369873,
        6.353627681732178,
        6.192166328430176,
        6.0143632888793945,
        5.821765422821045,
        5.6159210205078125,
        5.39837646484375,
        5.170679569244385,
        4.934378147125244,
        4.691019058227539,
        4.442151069641113,
        4.189320087432861,
        3.9340744018554688,
        3.6779613494873047,
        3.42252779006958,
        3.1693217754364014,
        2.9198906421661377,
        2.6757819652557373,
        2.4385433197021484,
        2.209721326828003,
        1.9908643960952759,
        1.7835195064544678,
        1.5892343521118164,
        1.4095561504364014,
        1.2460319995880127,
        1.1002106666564941,
        0.9736377000808716,
        0.8678622245788574,
        0.784430980682373,
        0.7248915433883667,
        0.6907913684844971,
        0.6836776733398438,
        0.7050981521606445,
        0.7565999031066895,
        0.8397312164306641,
        0.9560379981994629,
        1.1070690155029297,
        1.2943720817565918,
        1.519493579864502,
        1.7839813232421875
      ],
      "series_index": 0
    },
    {
      "pattern_id": 1,
      "pattern_start": 0,
      "pattern_width": 110,
      "pattern_values": [
        -11.808103561401367,
        -12.004598617553711,
        -12.186285018920898,
        -12.353462219238281,
        -12.506423950195312,
        -12.645464897155762,
        -12.770879745483398,
        -12.882965087890625,
        -12.982015609741211,
        -13.06832504272461,
        -13.142193794250488,
        -13.203911781311035,
        -13.253774642944336,
        -13.292078018188477,
        -13.31911849975586,
        -13.335190773010254,
        -13.340587615966797,
        -13.335610389709473,
        -13.320549011230469,
        -13.295698165893555,
        -13.261356353759766,
        -13.217817306518555,
        -13.165375709533691,
        -13.104327201843262,
        -13.034967422485352,
        -12.957592010498047,
        -12.8724946975708,
        -12.779972076416016,
        -12.680315971374512,
        -12.57382583618164,
        -12.460796356201172,
        -12.341520309448242,
        -12.216296195983887,
        -12.085415840148926,
        -11.949175834655762,
        -11.807870864868164,
        -11.661797523498535,
        -11.511250495910645,
        -11.356524467468262,
        -11.197916030883789,
        -11.035717010498047,
        -10.870226860046387,
        -10.701737403869629,
        -10.530545234680176,
        -10.356945991516113,
        -10.181234359741211,
        -10.003705978393555,
        -9.824654579162598,
        -9.644377708435059,
        -9.463170051574707,
        -9.281323432922363,
        -9.099137306213379,
        -8.916905403137207,
        -8.734922409057617,
        -8.553483963012695,
        -8.372884750366211,
        -8.193422317504883,
        -8.015387535095215,
        -7.839079856872559,
        -7.664791584014893,
        -7.4928202629089355,
        -7.323459148406982,
        -7.157004356384277,
        -6.99375057220459,
        -6.833993434906006,
        -6.678028106689453,
        -6.526150226593018,
        -6.378653526306152,
        -6.235835552215576,
        -6.097989082336426,
        -5.9654107093811035,
        -5.838395595550537,
        -5.717238426208496,
        -5.602234363555908,
        -5.493679046630859,
        -5.3918681144714355,
        -5.297095775604248,
        -5.209657669067383,
        -5.129848480224609,
        -5.057964324951172,
        -4.99429988861084,
        -4.939150333404541,
        -4.8928117752075195,
        -4.855578422546387,
        -4.82774543762207,
        -4.809607982635498,
        -4.801462173461914,
        -4.80360221862793,
        -4.816324234008789,
        -4.839921951293945,
        -4.874692916870117,
        -4.920929908752441,
        -4.978929042816162,
        -5.048986434936523,
        -5.1313958168029785,
        -5.2264533042907715,
        -5.334454536437988,
        -5.455693244934082,
        -5.590465545654297,
        -5.739067554473877,
        -5.901792049407959,
        -6.078936576843262,
        -6.270794868469238,
        -6.477663040161133,
        -6.699835777282715,
        -6.93760871887207,
        -7.191277503967285,
        -7.461134910583496,
        -7.747478008270264,
        -8.050602912902832
      ],
      "series_index": 2
    },
    {
      "pattern_id": 2,
      "pattern_start": 0,
      "pattern_width": 73,
      "pattern_values": [
        22.962846755981445,
        22.221105575561523,
        21.499229431152344,
        20.796968460083008,
        20.114063262939453,
        19.450260162353516,
        18.805309295654297,
        18.178955078125,
        17.570940017700195,
        16.981014251708984,
        16.40892219543457,
        15.854410171508789,
        15.31722640991211,
        14.797113418579102,
        14.293818473815918,
        13.807087898254395,
        13.336668014526367,
        12.882305145263672,
        12.443744659423828,
        12.020732879638672,
        11.613015174865723,
        11.220338821411133,
        10.842450141906738,
        10.479092597961426,
        10.13001537322998,
        9.794961929321289,
        9.47368049621582,
        9.165915489196777,
        8.871415138244629,
        8.589922904968262,
        8.321186065673828,
        8.064949989318848,
        7.820961952209473,
        7.5889668464660645,
        7.368711471557617,
        7.159941673278809,
        6.962403297424316,
        6.775842666625977,
        6.600006103515625,
        6.434638500213623,
        6.279487609863281,
        6.134298324584961,
        5.998816967010498,
        5.872790336608887,
        5.75596284866333,
        5.6480817794799805,
        5.548893451690674,
        5.4581427574157715,
        5.375576019287109,
        5.30094051361084,
        5.233981132507324,
        5.17444372177124,
        5.122075080871582,
        5.0766215324401855,
        5.037827968597412,
        5.005441665649414,
        4.979207515716553,
        4.958873271942139,
        4.944182872772217,
        4.9348835945129395,
        4.930721282958984,
        4.9314422607421875,
        4.936792373657227,
        4.9465179443359375,
        4.96036434173584,
        4.978078365325928,
        4.999405384063721,
        5.024091720581055,
        5.051882743835449,
        5.082526683807373,
        5.115767478942871,
        5.151352405548096,
        5.189026832580566
      ],
      "series_index": 4
    },
    {
      "pattern_id": 3,
      "pattern_start": 6,
      "pattern_width": 75,