{
  "dataset": "REMC",
  "metric": "auc",
  "polynomial_degree": 3,
  "n_patterns": 7,
  "patterns": [
    {
      "pattern_id": 0,
      "pattern_start": 0,
      "pattern_width": 75,
      "pattern_values": [
        2.146355628967285,
        2.3269333839416504,
        2.499622106552124,
        2.66493558883667,
        2.8233907222747803,
        2.9755008220672607,
        3.1217825412750244,
        3.2627501487731934,
        3.398918390274048,
        3.5308027267456055,
        3.6589183807373047,
        3.7837791442871094,
        3.90590238571167,
        4.025801181793213,
        4.143990993499756,
        4.260987281799316,
        4.377304553985596,
        4.493459224700928,
        4.609964370727539,
        4.727336406707764,
        4.8460893630981445,
        4.966739654541016,
        5.08980131149292,
        5.215789318084717,
        5.345219135284424,
        5.4786057472229,
        5.616464614868164,
        5.759310722351074,
        5.907658100128174,
        6.062021732330322,
        6.2229180335998535,
        6.390861511230469,
        6.566366672515869,
        6.7499494552612305,
        6.942124366760254,
        7.143406391143799,
        7.354310512542725,
        7.575352191925049,
        7.807046413421631,
        8.049907684326172,
        8.304450988769531,
        8.57119369506836,
        8.85064697265625,
        9.143328666687012,
        9.449753761291504,
        9.77043628692627,
        10.105889320373535,
        10.456632614135742,
        10.8231782913208,
        11.20604133605957,
        11.605737686157227,
        12.022783279418945,
        12.45768928527832,
        12.910975456237793,
        13.383153915405273,
        13.874740600585938,
        14.386250495910645,
        14.91819953918457,
        15.471101760864258,
        16.04547119140625,
        16.641826629638672,
        17.260677337646484,
        17.902542114257812,
        18.56793785095215,
        19.257375717163086,
        19.971370697021484,
        20.71044158935547,
        21.475101470947266,
        22.2658634185791,
        23.0832462310791,
        23.92776107788086,
        24.799924850463867,
        25.700254440307617,
        26.629262924194336,
        27.58746337890625
      ],
      "series_index": 4
    },
    {
      "pattern_id": 1,
      "pattern_start": 31,
      "pattern_width": 65,
      "pattern_values": [
        7.451063632965088,
        6.699449062347412,
        6.001025199890137,
        5.354297637939453,
        4.757770538330078,
        4.209949493408203,
        3.7093396186828613,
        3.2544455528259277,
        2.843773365020752,
        2.4758267402648926,
        2.14911150932312,
        1.8621330261230469,
        1.6133956909179688,
        1.4014054536819458,
        1.2246664762496948,
        1.0816843509674072,
        0.9709640741348267,
        0.891010582447052,
        0.8403291702270508,
        0.8174247145652771,
        0.8208025097846985,
        0.8489672541618347,
        0.9004243016242981,
        0.9736787676811218,
        1.0672357082366943,
        1.1796000003814697,
        1.309277057647705,
        1.4547715187072754,
        1.6145888566970825,
        1.7872339487075806,
        1.9712116718292236,
        2.165027618408203,
        2.3671865463256836,
        2.576193332672119,
        2.7905538082122803,
        3.0087718963623047,
        3.229353904724121,
        3.4508039951324463,
        3.6716275215148926,
        3.890329360961914,
        4.1054158210754395,
        4.315390110015869,
        4.518758296966553,
        4.714025020599365,
        4.899696350097656,
        5.074276447296143,
        5.236269950866699,
        5.384183883666992,
        5.516520977020264,
        5.6317877769470215,
        5.728489398956299,
        5.805129528045654,
        5.860215187072754,
        5.89224910736084,
        5.8997392654418945,
        5.881187915802002,
        5.835102081298828,
        5.759986877441406,
        5.6543450355529785,
        5.516684055328369,
        5.345509052276611,
        5.139322280883789,
        4.896632194519043,
        4.61594295501709,
        4.295757293701172
      ],
      "series_index": 0
    },
    {
      "pattern_id": 2,
      "pattern_start": 4,
      "pattern_width": 192,