{
  "dataset": "REMC",
  "metric": "auc",
  "polynomial_degree": 3,
  "n_patterns": 9,
  "patterns": [
    {
      "pattern_id": 0,
      "pattern_start": 10,
      "pattern_width": 86,
      "pattern_values": [
        -1.0634765625,
        -1.00390625,
        -0.9462890625,
        -0.89013671875,
        -0.8369140625,
        -0.7861328125,
        -0.73681640625,
        -0.689453125,
        -0.6435546875,
        -0.599609375,
        -0.5576171875,
        -0.517578125,
        -0.4794921875,
        -0.44287109375,
        -0.4072265625,
        -0.373779296875,
        -0.34228515625,
        -0.311767578125,
        -0.282958984375,
        -0.255126953125,
        -0.229248046875,
        -0.2044677734375,
        -0.18115234375,
        -0.158935546875,
        -0.137939453125,
        -0.118408203125,
        -0.09967041015625,
        -0.082275390625,
        -0.06573486328125,
        -0.0504150390625,
        -0.035980224609375,
        -0.02239990234375,
        -0.009857177734375,
        0.00189208984375,
        0.01284027099609375,
        0.02294921875,
        0.03240966796875,
        0.04119873046875,
        0.049285888671875,
        0.05682373046875,
        0.06378173828125,
        0.0701904296875,
        0.076171875,
        0.0816650390625,
        0.08685302734375,
        0.09161376953125,
        0.0960693359375,
        0.10028076171875,
        0.104248046875,
        0.10809326171875,
        0.1116943359375,
        0.115234375,
        0.1187744140625,
        0.1221923828125,
        0.125732421875,
        0.1292724609375,
        0.133056640625,
        0.1368408203125,
        0.140869140625,
        0.14501953125,
        0.149658203125,
        0.1544189453125,
        0.15966796875,
        0.165283203125,
        0.1712646484375,
        0.177734375,
        0.184814453125,
        0.192626953125,
        0.20068359375,
        0.2095947265625,
        0.21923828125,
        0.2293701171875,
        0.24072265625,
        0.252685546875,
        0.26513671875,
        0.27880859375,
        0.29345703125,
        0.30908203125,
        0.325927734375,
        0.34375,
        0.3623046875,
        0.38232421875,
        0.403076171875,
        0.42578125,
        0.44921875,
        0.474365234375
      ],
      "series_index": 0
    },
    {
      "pattern_id": 1,
      "pattern_start": 14,
      "pattern_width": 72,
      "pattern_values": [
        0.2191162109375,
        0.169677734375,
        0.122802734375,
        0.0777587890625,
        0.0340576171875,
        -0.007080078125,
        -0.04656982421875,
        -0.084228515625,
        -0.1199951171875,
        -0.1531982421875,
        -0.185546875,
        -0.2158203125,
        -0.2440185546875,
        -0.27099609375,
        -0.29638671875,
        -0.319580078125,
        -0.341552734375,
        -0.36181640625,
        -0.38037109375,
        -0.3974609375,
        -0.413330078125,
        -0.42724609375,
        -0.43994140625,
        -0.451171875,
        -0.4609375,
        -0.469482421875,
        -0.4765625,
        -0.482421875,
        -0.487060546875,
        -0.490234375,
        -0.4921875,
        -0.4931640625,
        -0.492919921875,
        -0.491455078125,
        -0.48876953125,
        -0.485107421875,
        -0.48046875,
        -0.474609375,
        -0.468017578125,
        -0.460205078125,
        -0.45166015625,
        -0.442138671875,
        -0.431640625,
        -0.420166015625,
        -0.408203125,
        -0.395263671875,
        -0.381591796875,
        -0.366943359375,
        -0.351806640625,
        -0.336181640625,
        -0.319580078125,
        -0.302490234375,
        -0.28466796875,
        -0.2666015625,
        -0.24755859375,
        -0.228271484375,
        -0.208251953125,
        -0.188232421875,
        -0.16748046875,
        -0.1461181640625,
        -0.12493896484375,
        -0.10308837890625,
        -0.0806884765625,
        -0.0587158203125,
        -0.035888671875,
        -0.01300048828125,
        0.010009765625,
        0.0333251953125,
        0.0570068359375,
        0.080322265625,
        0.103759765625,
        0.1275634765625
      ],
      "series_index": 2
    },
    {
      "pattern_id": 2,
      "pattern_start": 36,
      "pattern_width": 78,
      "pattern_values": [
        -0.238525390625,
        -0.240478515625,
        -0.240966796875,
        -0.23974609375,
        -0.2373046875,
        -0.233642578125,
        -0.22802734375,
        -0.221435546875,
        -0.212890625,
        -0.20361328125,
        -0.193359375,
        -0.1817626953125,
        -0.16943359375,
        -0.1556396484375,
        -0.141357421875,
        -0.1260986328125,
        -0.110107421875,
        -0.09381103515625,
        -0.07611083984375,
        -0.05853271484375,
        -0.0401611328125,
        -0.021392822265625,
        -0.002227783203125,
        0.0169677734375,
        0.03668212890625,
        0.056640625,
        0.0765380859375,
        0.09661865234375,
        0.11651611328125,
        0.136474609375,
        0.1561279296875,
        0.17578125,
        0.195068359375,
        0.2139892578125,
        0.2325439453125,
        0.250732421875,
        0.268310546875,
        0.28515625,
        0.301513671875,
        0.31689453125,
        0.331787109375,
        0.345703125,
        0.358642578125,
        0.370849609375,
        0.3818359375,
        0.3916015625,
        0.400390625,
        0.407958984375,
        0.4140625,
        0.4189453125,
        0.422119140625,
        0.424072265625,
        0.42431640625,
        0.4228515625,
        0.419921875,
        0.415283203125,
        0.40869140625,
        0.400390625,
        0.39013671875,
        0.377685546875,
        0.36279296875,
        0.34619140625,
        0.32763671875,
        0.306640625,
        0.283203125,
        0.2568359375,
        0.2286376953125,
        0.1982421875,
        0.1650390625,
        0.12890625,
        0.089599609375,
        0.04833984375,
        0.004150390625,
        -0.04296875,
        -0.09326171875,
        -0.147216796875,
        -0.203369140625,
        -0.262939453125
      ],
      "series_index": 4
    },
    {
      "pattern_id": 3,
      "pattern_start": 62,
      "pattern_width": 66,
      "pattern_values": [
        -0.8583984375,
        -0.796875,
        -0.73876953125,
        -0.68359375,
        -0.63037109375,
        -0.5810546875,
        -0.53369140625,
        -0.48974609375,
        -0.44775390625,
        -0.40771484375,
        -0.370361328125,
        -0.334228515625,
        -0.300537109375,
        -0.2685546875,
        -0.23828125,
        -0.20947265625,
        -0.1817626953125,
        -0.1551513671875,
        -0.1300048828125,
        -0.105712890625,
        -0.0823974609375,
        -0.059478759765625,
        -0.037353515625,
        -0.0155792236328125,
        0.0057525634765625,
        0.0270538330078125,
        0.04815673828125,
        0.06951904296875,
        0.0909423828125,
        0.11279296875,
        0.135009765625,
        0.157958984375,
        0.181640625,
        0.2060546875,
        0.2315673828125,
        0.25830078125,
        0.2861328125,
        0.315185546875,
        0.345947265625,
        0.37841796875,
        0.41259765625,
        0.44873046875,
        0.48681640625,
        0.52734375,
        0.56982421875,
        0.61474609375,
        0.662109375,
        0.71240234375,
        0.765625,
        0.82177734375,
        0.88134765625,
        0.943359375,
        1.0087890625,
        1.078125,
        1.150390625,
        1.228515625,
        1.3076171875,
        1.392578125,
        1.48046875,
        1.5732421875,
        1.669921875,
        1.771484375,
        1.87890625,
        1.990234375,
        2.10546875,
        2.2265625
      ],
      "series_index": 0
    },
    {
      "pattern_id": 4,
      "pattern_start": 10,
      "pattern_width": 188,