{
  "dataset": "REMC",
  "metric": "auc",
  "polynomial_degree": 3,
  "n_patterns": 8,
  "patterns": [
    {
      "pattern_id": 0,
      "pattern_start": 6,
      "pattern_width": 58,
      "pattern_values": [
        -0.564453125,
        -0.63232421875,
        -0.6953125,
        -0.751953125,
        -0.80322265625,
        -0.85009765625,
        -0.8916015625,
        -0.9287109375,
        -0.9609375,
        -0.98828125,
        -1.01171875,
        -1.03125,
        -1.0458984375,
        -1.056640625,
        -1.064453125,
        -1.068359375,
        -1.0693359375,
        -1.0673828125,
        -1.0615234375,
        -1.052734375,
        -1.0419921875,
        -1.0283203125,
        -1.01171875,
        -0.99365234375,
        -0.9736328125,
        -0.951171875,
        -0.92724609375,
        -0.90185546875,
        -0.875,
        -0.8466796875,
        -0.8173828125,
        -0.787109375,
        -0.755859375,
        -0.724609375,
        -0.6923828125,
        -0.66015625,
        -0.62744140625,
        -0.5947265625,
        -0.56298828125,
        -0.53125,
        -0.499755859375,
        -0.46923828125,
        -0.439453125,
        -0.41064453125,
        -0.3828125,
        -0.3564453125,
        -0.331787109375,
        -0.30908203125,
        -0.287841796875,
        -0.2685546875,
        -0.251220703125,
        -0.236328125,
        -0.22412109375,
        -0.21435546875,
        -0.207275390625,
        -0.203857421875,
        -0.20263671875,
        -0.205078125
      ],
      "series_index": 2
    },
    {
      "pattern_id": 1,
      "pattern_start": 28,
      "pattern_width": 61,
      "pattern_values": [
        -2.19140625,
        -2.09375,
        -1.998046875,
        -1.9072265625,
        -1.8203125,
        -1.7373046875,
        -1.65625,
        -1.580078125,
        -1.5078125,
        -1.4375,
        -1.37109375,
        -1.30859375,
        -1.2490234375,
        -1.1923828125,
        -1.1376953125,
        -1.0869140625,
        -1.0390625,
        -0.99365234375,
        -0.95068359375,
        -0.91064453125,
        -0.87255859375,
        -0.83740234375,
        -0.80419921875,
        -0.7734375,
        -0.74462890625,
        -0.7177734375,
        -0.693359375,
        -0.67041015625,
        -0.6494140625,
        -0.6298828125,
        -0.6123046875,
        -0.59619140625,
        -0.58154296875,
        -0.568359375,
        -0.55615234375,
        -0.54541015625,
        -0.5361328125,
        -0.52734375,
        -0.52001953125,
        -0.51318359375,
        -0.50732421875,
        -0.50244140625,
        -0.49755859375,
        -0.49365234375,
        -0.490234375,
        -0.487060546875,
        -0.484375,
        -0.481689453125,
        -0.479248046875,
        -0.477294921875,
        -0.474853515625,
        -0.47216796875,
        -0.469482421875,
        -0.466796875,
        -0.462890625,
        -0.459228515625,
        -0.45458984375,
        -0.4501953125,
        -0.444580078125,
        -0.437744140625,
        -0.430908203125
      ],
      "series_index": 0
    },
    {
      "pattern_id": 2,
      "pattern_start": 19,
      "pattern_width": 84,
      "pattern_values": [
        -0.759765625,
        -0.77587890625,
        -0.7900390625,
        -0.8037109375,
        -0.81396484375,
        -0.8232421875,
        -0.8310546875,
        -0.8369140625,
        -0.841796875,
        -0.8447265625,
        -0.8466796875,
        -0.84716796875,
        -0.8466796875,
        -0.8447265625,
        -0.841796875,
        -0.837890625,
        -0.83203125,
        -0.826171875,
        -0.8193359375,
        -0.8115234375,
        -0.802734375,
        -0.7939453125,
        -0.7841796875,
        -0.7734375,
        -0.7626953125,
        -0.7509765625,
        -0.7392578125,
        -0.72705078125,
        -0.71435546875,
        -0.70166015625,
        -0.68896484375,
        -0.67578125,
        -0.66259765625,
        -0.6494140625,
        -0.63671875,
        -0.62353515625,
        -0.61083984375,
        -0.5986328125,
        -0.58642578125,
        -0.57470703125,
        -0.5634765625,
        -0.552734375,
        -0.54248046875,
        -0.53271484375,
        -0.5234375,
        -0.51513671875,
        -0.5078125,
        -0.5009765625,
        -0.495361328125,
        -0.490478515625,
        -0.48681640625,
        -0.484130859375,
        -0.482421875,
        -0.482177734375,
        -0.483154296875,
        -0.4853515625,
        -0.489013671875,
        -0.494140625,
        -0.5009765625,
        -0.5087890625,
        -0.5185546875,
        -0.5302734375,
        -0.54296875,
        -0.55810546875,
        -0.57470703125,
        -0.59375,
        -0.6142578125,
        -0.63720703125,
        -0.662109375,
        -0.689453125,
        -0.71826171875,
        -0.75,
        -0.78369140625,
        -0.82080078125,
        -0.85888671875,
        -0.900390625,
        -0.9443359375,
        -0.99072265625,
        -1.0390625,
        -1.091796875,
        -1.146484375,
        -1.2041015625,
        -1.265625,
        -1.328125
      ],
      "series_index": 3
    },
    {
      "pattern_id": 3,
      "pattern_start": 29,
      "pattern_width": 136,