{
  "dataset": "REMC",
  "metric": "auc",
  "polynomial_degree": 3,
  "n_patterns": 10,
  "patterns": [
    {
      "pattern_id": 0,
      "pattern_start": 1,
      "pattern_width": 97,
      "pattern_values": [
        0.11181640625,
        0.0498046875,
        -0.0078125,
        -0.064453125,
        -0.11865234375,
        -0.16943359375,
        -0.217529296875,
        -0.26416015625,
        -0.307373046875,
        -0.35009765625,
        -0.388916015625,
        -0.42578125,
        -0.4609375,
        -0.49365234375,
        -0.5234375,
        -0.5517578125,
        -0.578125,
        -0.6025390625,
        -0.625,
        -0.6455078125,
        -0.66357421875,
        -0.6796875,
        -0.69482421875,
        -0.70751953125,
        -0.71875,
        -0.72802734375,
        -0.736328125,
        -0.7421875,
        -0.74658203125,
        -0.74951171875,
        -0.75146484375,
        -0.75146484375,
        -0.75,
        -0.7470703125,
        -0.7431640625,
        -0.7373046875,
        -0.73046875,
        -0.72265625,
        -0.71337890625,
        -0.703125,
        -0.69140625,
        -0.6787109375,
        -0.6650390625,
        -0.650390625,
        -0.634765625,
        -0.6181640625,
        -0.60107421875,
        -0.58251953125,
        -0.5634765625,
        -0.54345703125,
        -0.52294921875,
        -0.50146484375,
        -0.479736328125,
        -0.45703125,
        -0.43408203125,
        -0.41015625,
        -0.385986328125,
        -0.361328125,
        -0.336181640625,
        -0.31103515625,
        -0.28515625,
        -0.259033203125,
        -0.232421875,
        -0.2060546875,
        -0.1793212890625,
        -0.15234375,
        -0.125244140625,
        -0.098388671875,
        -0.0709228515625,
        -0.044036865234375,
        -0.01702880859375,
        0.0101318359375,
        0.03692626953125,
        0.0638427734375,
        0.08978271484375,
        0.1163330078125,
        0.1429443359375,
        0.167724609375,
        0.193115234375,
        0.218017578125,
        0.242431640625,
        0.266357421875,
        0.289794921875,
        0.3125,
        0.3349609375,
        0.3564453125,
        0.377197265625,
        0.39794921875,
        0.417724609375,
        0.43603515625,
        0.453857421875,
        0.47119140625,
        0.48681640625,
        0.501953125,
        0.5166015625,
        0.529296875,
        0.54150390625
      ],
      "series_index": 0
    },
    {
      "pattern_id": 1,
      "pattern_start": 15,
      "pattern_width": 82,
      "pattern_values": [
        -0.458251953125,
        -0.41162109375,
        -0.368408203125,
        -0.326171875,
        -0.286865234375,
        -0.2490234375,
        -0.213623046875,
        -0.1796875,
        -0.147216796875,
        -0.1180419921875,
        -0.0889892578125,
        -0.06298828125,
        -0.037353515625,
        -0.0140380859375,
        0.0084228515625,
        0.0294189453125,
        0.0487060546875,
        0.067138671875,
        0.084228515625,
        0.100341796875,
        0.115234375,
        0.129638671875,
        0.142822265625,
        0.1552734375,
        0.1669921875,
        0.177978515625,
        0.1885986328125,
        0.198486328125,
        0.2080078125,
        0.217041015625,
        0.225830078125,
        0.2344970703125,
        0.242919921875,
        0.251220703125,
        0.259521484375,
        0.267822265625,
        0.276123046875,
        0.284912109375,
        0.293701171875,
        0.302734375,
        0.3125,
        0.322509765625,
        0.3330078125,
        0.34423828125,
        0.35595703125,
        0.36865234375,
        0.3818359375,
        0.396240234375,
        0.411376953125,
        0.427734375,
        0.445068359375,
        0.46337890625,
        0.483154296875,
        0.50390625,
        0.5263671875,
        0.55029296875,
        0.57568359375,
        0.6025390625,
        0.63134765625,
        0.66162109375,
        0.693359375,
        0.7275390625,
        0.76318359375,
        0.8017578125,
        0.8408203125,
        0.88330078125,
        0.92724609375,
        0.97412109375,
        1.0234375,
        1.07421875,
        1.12890625,
        1.1845703125,
        1.244140625,
        1.3046875,
        1.3701171875,
        1.4384765625,
        1.5078125,
        1.58203125,
        1.6572265625,
        1.7373046875,
        1.818359375,
        1.9052734375
      ],
      "series_index": 2
    },
    {
      "pattern_id": 2,
      "pattern_start": 21,
      "pattern_width": 94,
      "pattern_values": [
        -0.7060546875,
        -0.6806640625,
        -0.6572265625,
        -0.6357421875,
        -0.6162109375,
        -0.59912109375,
        -0.5830078125,
        -0.568359375,
        -0.5556640625,
        -0.544921875,
        -0.53564453125,
        -0.52685546875,
        -0.5205078125,
        -0.515625,
        -0.51171875,
        -0.509765625,
        -0.5087890625,
        -0.5087890625,
        -0.51025390625,
        -0.51318359375,
        -0.5166015625,
        -0.521484375,
        -0.52734375,
        -0.5341796875,
        -0.54150390625,
        -0.55029296875,
        -0.5595703125,
        -0.56982421875,
        -0.5810546875,
        -0.5927734375,
        -0.60546875,
        -0.6181640625,
        -0.6318359375,
        -0.64599609375,
        -0.66064453125,
        -0.67578125,
        -0.69140625,
        -0.70703125,
        -0.72314453125,
        -0.73974609375,
        -0.75634765625,
        -0.7734375,
        -0.7900390625,
        -0.8076171875,
        -0.82470703125,
        -0.841796875,
        -0.85888671875,
        -0.87548828125,
        -0.892578125,
        -0.9091796875,
        -0.92578125,
        -0.94189453125,
        -0.95751953125,
        -0.97314453125,
        -0.98828125,
        -1.0029296875,
        -1.017578125,
        -1.03125,
        -1.0439453125,
        -1.056640625,
        -1.068359375,
        -1.0791015625,
        -1.0888671875,
        -1.0986328125,
        -1.107421875,
        -1.115234375,
        -1.1220703125,
        -1.1279296875,
        -1.1328125,
        -1.13671875,
        -1.138671875,
        -1.140625,
        -1.140625,
        -1.1396484375,
        -1.1376953125,
        -1.1337890625,
        -1.12890625,
        -1.1220703125,
        -1.1142578125,
        -1.10546875,
        -1.09375,
        -1.0810546875,
        -1.0673828125,
        -1.05078125,
        -1.033203125,
        -1.013671875,
        -0.9921875,
        -0.96875,
        -0.94384765625,
        -0.9169921875,
        -0.8876953125,
        -0.8564453125,
        -0.8232421875,
        -0.7880859375
      ],
      "series_index": 4
    },
    {
      "pattern_id": 3,
      "pattern_start": 77,
      "pattern_width": 13,
      "pattern_values": [
        -1.6982421875,
        -1.44921875,
        -1.2373046875,
        -1.0615234375,
        -0.91845703125,
        -0.80712890625,
        -0.72509765625,
        -0.67041015625,
        -0.64013671875,
        -0.63330078125,
        -0.6474609375,
        -0.68017578125,
        -0.7294921875
      ],
      "series_index": 0
    },
    {
      "pattern_id": 4,
      "pattern_start": 150,
      "pattern_width": 48,