{
  "dataset": "AZT1D",
  "metric": "rmse",
  "polynomial_degree": 3,
  "n_patterns": 2,
  "patterns": [
    {
      "pattern_id": 0,
      "pattern_start": 2,
      "pattern_width": 2,
      "pattern_values": [
        -0.181396484375,
        -0.031005859375
      ]
    },
    {
      "pattern_id": 1,
      "pattern_start": 4,
      "pattern_width": 19,
      "pattern_values": [
        0.75927734375,
        0.45556640625,
        0.2005615234375,
        -0.0111083984375,
        -0.181884765625,
        -0.3173828125,
        -0.42041015625,
        -0.4951171875,
        -0.5458984375,
        -0.57666015625,
        -0.59130859375,
        -0.59375,
        -0.587890625,
        -0.578125,
        -0.568359375,
        -0.56201171875,
        -0.56396484375,
        -0.57763671875,
        -0.60693359375
      ]
    }
  ]
}