{
  "dataset": "REMC",
  "metric": "auc",
  "polynomial_degree": 3,
  "n_patterns": 7,
  "patterns": [
    {
      "pattern_id": 0,
      "pattern_start": 82,
      "pattern_width": 15,
      "pattern_values": [
        -1.293869972229004,
        1.4418020248413086,
        3.304380416870117,
        4.463693141937256,
        5.089568138122559,
        5.351832389831543,
        5.420313835144043,
        5.464840412139893,
        5.655239105224609,
        6.161337852478027,
        7.1529645919799805,
        8.799945831298828,
        11.272110939025879,
        14.739286422729492,
        19.371299743652344
      ],
      "series_index": 0
    },
    {
      "pattern_id": 1,
      "pattern_start": 0,
      "pattern_width": 115,
      "pattern_values": [
        19.57952308654785,
        19.167720794677734,
        18.76487922668457,
        18.370939254760742,
        17.985851287841797,
        17.60955047607422,
        17.241992950439453,
        16.883115768432617,
        16.532867431640625,
        16.191192626953125,
        15.858034133911133,
        15.53333854675293,
        15.21705150604248,
        14.909114837646484,
        14.609477043151855,
        14.318081855773926,
        14.034873008728027,
        13.759795188903809,
        13.49279499053955,
        13.233816146850586,
        12.982802391052246,
        12.739701271057129,
        12.50445556640625,
        12.277010917663574,
        12.057312965393066,
        11.845305442810059,
        11.6409330368042,
        11.44414234161377,
        11.254877090454102,
        11.073081970214844,
        10.898699760437012,
        10.731679916381836,
        10.571964263916016,
        10.4194974899292,
        10.274226188659668,
        10.13609504699707,
        10.005046844482422,
        9.88102912902832,
        9.763984680175781,
        9.653860092163086,
        9.550599098205566,
        9.454146385192871,
        9.364447593688965,
        9.281447410583496,
        9.205090522766113,
        9.135320663452148,
        9.072084426879883,
        9.015326499938965,
        8.964991569519043,
        8.921024322509766,
        8.883370399475098,
        8.851972579956055,
        8.826778411865234,
        8.807730674743652,
        8.794774055480957,
        8.787856101989746,
        8.786918640136719,
        8.791908264160156,
        8.80276870727539,
        8.81944751739502,
        8.841885566711426,
        8.870030403137207,
        8.903827667236328,
        8.943220138549805,
        8.988152503967285,
        9.038570404052734,
        9.094420433044434,
        9.155644416809082,
        9.222188949584961,
        9.293998718261719,
        9.371018409729004,
        9.453192710876465,
        9.540467262268066,
        9.632786750793457,
        9.730093955993652,
        9.832338333129883,
        9.939460754394531,
        10.051406860351562,
        10.168121337890625,
        10.28955078125,
        10.41563892364502,
        10.546330451965332,
        10.681570053100586,
        10.82130241394043,
        10.965474128723145,
        11.114028930664062,
        11.266912460327148,
        11.424067497253418,
        11.585440635681152,
        11.750975608825684,
        11.920619010925293,
        12.094313621520996,
        12.27200698852539,
        12.453640937805176,
        12.63916301727295,
        12.828516006469727,
        13.021645545959473,
        13.218497276306152,
        13.419014930725098,
        13.62314510345459,
        13.830830574035645,
        14.042016983032227,
        14.2566499710083,
        14.474672317504883,
        14.69603157043457,
        14.920670509338379,
        15.14853572845459,
        15.379570960998535,
        15.613719940185547,
        15.850929260253906,
        16.091144561767578,
        16.33431053161621,
        16.58036994934082,
        16.829269409179688,
        17.080951690673828
      ],
      "series_index": 2
    },
    {
      "pattern_id": 2,
      "pattern_start": 7,
      "pattern_width": 57,
      "pattern_values": [
        -11.03797721862793,
        -11.165651321411133,
        -11.263015747070312,
        -11.331979751586914,
        -11.374454498291016,
        -11.392354011535645,
        -11.38758659362793,
        -11.362067222595215,
        -11.317705154418945,
        -11.256414413452148,
        -11.180105209350586,
        -11.090689659118652,
        -10.990078926086426,
        -10.880186080932617,
        -10.762920379638672,
        -10.640196800231934,
        -10.513925552368164,
        -10.386017799377441,
        -10.258384704589844,
        -10.132940292358398,
        -10.01159381866455,
        -9.896258354187012,
        -9.788846015930176,
        -9.691267967224121,
        -9.605435371398926,
        -9.533260345458984,
        -9.476655006408691,
        -9.437531471252441,
        -9.417799949645996,
        -9.419373512268066,
        -9.44416332244873,
        -9.494081497192383,
        -9.571038246154785,
        -9.676947593688965,
        -9.813719749450684,
        -9.983267784118652,
        -10.187500953674316,
        -10.428333282470703,
        -10.70767593383789,
        -11.027440071105957,
        -11.389537811279297,
        -11.795882225036621,
        -12.248382568359375,
        -12.748950958251953,
        -13.299500465393066,
        -13.901942253112793,
        -14.558187484741211,
        -15.270149230957031,
        -16.039737701416016,
        -16.868865966796875,
        -17.759443283081055,
        -18.71338653564453,
        -19.732601165771484,
        -20.819000244140625,
        -21.97450065612793,
        -23.201007843017578,
        -24.500436782836914
      ],
      "series_index": 3
    },
    {
      "pattern_id": 3,
      "pattern_start": 134,
      "pattern_width": 65,
      "pattern_values": [
        14.02707576751709,
        13.736027717590332,
        13.454203605651855,
        13.181658744812012,
        12.918444633483887,
        12.664618492126465,
        12.420233726501465,
        12.185346603393555,
        11.960009574890137,
        11.744277954101562,
        11.538208961486816,
        11.341853141784668,
        11.155267715454102,
        10.978507041931152,
        10.811624526977539,
        10.654677391052246,
        10.507716178894043,
        10.370800018310547,
        10.243980407714844,
        10.127312660217285,
        10.020853042602539,
        9.924654006958008,
        9.83877182006836,
        9.763260841369629,
        9.698174476623535,
        9.64356803894043,
        9.599496841430664,
        9.566015243530273,
        9.54317855834961,
        9.531038284301758,
        9.529653549194336,
        9.539074897766113,
        9.55936050415039,
        9.590563774108887,
        9.632736206054688,
        9.685937881469727,
        9.750219345092773,
        9.825637817382812,
        9.912246704101562,
        10.010099411010742,
        10.11925220489502,
        10.239760398864746,
        10.37167739868164,
        10.515058517456055,
        10.66995620727539,
        10.83642864227295,
        11.0145263671875,
        11.204309463500977,
        11.405827522277832,
        11.61913776397705,
        11.844295501708984,
        12.081351280212402,
        12.330364227294922,
        12.591387748718262,
        12.864476203918457,
        13.149682998657227,
        13.447064399719238,
        13.756673812866211,
        14.078568458557129,
        14.412798881530762,
        14.75942325592041,
        15.118494987487793,
        15.490067481994629,
        15.874197959899902,
        16.270938873291016
      ],
      "series_index": 3
    },
    {
      "pattern_id": 4,
      "pattern_start": 5,
      "pattern_width": 192,