{
  "subject_id": "23",
  "patterns": [
    {
      "pattern": [
        0.2721028010875348,
        0.55529246280398,
        0.7154544414655752,
        0.7739655111823565,
        0.7522024460643597,
        0.671542020221621,
        0.5539321347695126,
        0.434456611946139,
        0.36133519511233764,
        0.38335875463428226,
        0.5493181608781463,
        0.9080042842101028
      ],
      "start": 11,
      "width": 12,
      "series_idx": 0,
      "control_points": [
        0.2721028010875348,
        0.9171228078796522,
        0.7510845450512866,
        0.04393025776921322,
        0.9080042842101028
      ]
    },
    {
      "pattern": [
        0.1289756994422334,
        0.2129034215382141,
        0.27807611022334966,
        0.3266888093144379,
        0.36093656262827645,
        0.38301441398166325,
        0.3951174071913959,
        0.39944058607427224,
        0.39817899444708993,
        0.3935276761266468,
        0.3876816749297407,
        0.3828360346731693,
        0.3808779481673906,
        0.382463204197504,
        0.3879397405422692,
        0.3976554949804456,
        0.411958405290793,
        0.43119640925207087,
        0.455717444643039,
        0.4858694492424568,
        0.5220003608290841,
        0.5644581171816803,
        0.6135906560790051
      ],
      "start": 0,
      "width": 23,
      "series_idx": 1,
      "control_points": [
        0.1289756994422334,
        0.47377773971235376,
        0.318395372070998,
        0.42077565483832746,
        0.6135906560790051
      ]
    },
    {
      "pattern": [
        0.7830333437333292,
        0.43536006536581023,
        0.35791495129452705,
        0.37205516880102235,
        0.3395135238759249,
        0.2835253773462088,
        0.2677017287479343
      ],
      "start": 11,
      "width": 7,
      "series_idx": 1,
      "control_points": [
        0.7830333437333292,
        0.24069837231153962,
        0.502641420512041,
        0.24223946186846784,
        0.2677017287479343
      ]
    },
    {
      "pattern": [
        0.9002467796206133,
        0.8947076970686035,
        0.8024473992094657,
        0.6449087426789926,
        0.4459505801979696,
        0.2390957488271544,
        0.06028308171229696
      ],
      "start": 10,
      "width": 7,
      "series_idx": 0,
      "control_points": [
        0.9002467796206133,
        0.9452159236007649,
        0.7106619957323067,
        0.21309505565059186,
        0.06028308171229696
      ]
    },
    {
      "pattern": [
        0.9710549047286596,
        0.91082601484288,
        0.8607968033172482,
        0.8204206447972313,
        0.7891509139282977,
        0.7664409853559142,
        0.7517442337255487,
        0.7445140336826684,
        0.7442037598727416,
        0.750266786941235,
        0.7621564895336166,
        0.7790006323281176,
        0.798624540134025,
        0.8185279277933892,
        0.8362105101482618,
        0.8491720020406928,
        0.8549121183127334,
        0.8509305738064342,
        0.8347270833638459,
        0.8038013618270193,
        0.7556531240380054
      ],
      "start": 3,
      "width": 21,
      "series_idx": 1,
      "control_points": [
        0.9710549047286596,
        0.7526851130041117,
        0.6741556533776898,
        0.9476295383749747,
        0.7556531240380054
      ]
    },
    {
      "pattern": [
        0.7720028785834844,
        0.7416009083925479,
        0.7031050059464441,
        0.6579425233846989,
        0.6075408128468374,
        0.5533272264723852,
        0.4967291164008683,
        0.43917383477181166,
        0.38208873372474095,
        0.32690116539918174,
        0.27503848193465985,
        0.22792803547070056,
        0.18670959273215723,
        0.15137257878519444,
        0.1216188332813047,
        0.09715019587198027,
        0.07766850620871373,
        0.06287560394299736,
        0.05247332872632356,
        0.0461635202101848,
        0.04364801804607345,
        0.0446286618854819,
        0.04880729137990257
      ],
      "start": 0,
      "width": 23,
      "series_idx": 1,
      "control_points": [
        0.7720028785834844,
        0.6771124051883886,
        0.10330632114558891,
        0.02798709440323588,
        0.04880729137990257
      ]
    }
  ]
}