{
  "patterns": [
    {
      "pattern": [
        106.99299515374582,
        167.05328773682032,
        213.6913657476871,
        246.9072291863462,
        266.70087805279763,
        273.0723123470414,
        266.02153206907747
      ],
      "start": 0,
      "width": 7.12134811895596,
      "center": 2,
      "series_idx": 0,
      "control_points": [
        0.2674824878843646,
        0.768267986903202,
        0.6650538301726937
      ],
      "transform_type": "wavelet",
      "use_relative": false,
      "shift_tolerance": 0.017275791721282664,
      "score": 22.071135182739784
    },
    {
      "pattern": [
        79.48620670007958,
        115.79449524182075,
        151.07715410235042,
        185.33418328166863,
        218.56558277977527,
        250.77135259667048,
        281.95149273235415,
        312.1060031868263,
        341.2348839600871,
        369.33813505213624
      ],
      "start": 8,
      "width": 9.873548223308756,
      "center": 12,
      "series_idx": 1,
      "control_points": [
        0.19871551675019894,
        0.6129529298016019,
        0.9233453376303407
      ],
      "transform_type": "raw",
      "use_relative": false,
      "shift_tolerance": 0.38698821576422315,
      "score": 20.845702329131868
    },
    {
      "pattern": [
        264.5088707007269,
        245.27387240981207,
        228.38558679568,
        213.84401385833092,
        201.64915359776484,
        191.80100601398172,
        184.2995711069814,
        179.1448488767641,
        176.33683932332968,
        175.8755424466782,
        177.76095824680965,
        181.99308672372405,
        188.57192787742136,
        197.4974817079016
      ],
      "start": 3,
      "width": 13.857466535715462,
      "center": 9,
      "series_idx": 1,
      "control_points": [
        0.6612721767518173,
        0.32963641402558874,
        0.493743704269754
      ],
      "transform_type": "raw",
      "use_relative": false,
      "shift_tolerance": 0.28746301113628797,
      "score": 20.44896319739828
    },
    {
      "pattern": [
        285.02198075967027,
        260.9990363768542,
        207.9707238979261,
        125.93704332288604
      ],
      "start": 10,
      "width": 3.52541551281225,
      "center": 11,
      "series_idx": 0,
      "control_points": [
        0.7125549518991756,
        0.6768539756438251,
        0.3148426083072151
      ],
      "transform_type": "cumsum",
      "use_relative": true,
      "shift_tolerance": 0.3282564534735231,
      "score": 19.09962276006371
    },
    {
      "pattern": [
        189.00715386015622,
        176.7845965089814,
        166.4797333862807,
        158.09256449205418,
        151.62308982630182,
        147.0713093890236,
        144.43722318021958,
        143.72083119988974,
        144.922133448034,
        148.04112992465244,
        153.07782062974505,
        160.0322055633118,
        168.90428472535274,
        179.69405811586782,
        192.40152573485705,
        207.02668758232048,
        223.569543658258,
        242.03009396266975,
        262.40833849555565,
        284.70427725691565,
        308.9179102467499,
        335.0492374650583,
        363.0982589118408
      ],
      "start": 0,
      "width": 23.304050064094213,
      "center": 0,
      "series_idx": 2,
      "control_points": [
        0.4725178846503906,
        0.11002926185156278,
        0.9077456472796019
      ],
      "transform_type": "wavelet",
      "use_relative": false,
      "shift_tolerance": 0.021839337023842276,
      "score": 18.666764898628916
    },
    {
      "pattern": [
        365.3061321118686,
        49.58402037561352
      ],
      "start": 21,
      "width": 2.3869823152553176,
      "center": 22,
      "series_idx": 0,
      "control_points": [
        0.9132653302796715,
        0.5929354460090436,
        0.1239600509390338
      ],
      "transform_type": "spectral_entropy",
      "use_relative": false,
      "shift_tolerance": 0.31978922457744,
      "score": 18.18508334067117
    },
    {
      "pattern": [
        329.9973011351712,
        305.31519159691453,
        283.5598397190082,
        264.73124550145235,
        248.82940894424684,
        235.85433004739164,
        225.80600881088685,
        218.68444523473244,
        214.4896393189284,
        213.22159106347476,
        214.88030046837144,
        219.46576753361856,
        226.97799225921597,
        237.41697464516386,
        250.78271469146202,
        267.0752123981106,
        286.29446776510963,
        308.44048079245897,
        333.5132514801587
      ],
      "start": 2,
      "width": 18.9523387927056,
      "center": 11,
      "series_idx": 0,
      "control_points": [
        0.824993252837928,
        0.23671976454821125,
        0.8337831287003967
      ],
      "transform_type": "raw",
      "use_relative": true,
      "shift_tolerance": 0.3723676094420316,
      "score": 17.64709636912605
    },
    {
      "pattern": [
        4.812824443842797,
        39.746178170500954,
        56.27663864112176,
        54.40420585570522,
        34.12887981425132
      ],
      "start": 4,
      "width": 5.305436316401641,
      "center": 6,
      "series_idx": 0,
      "control_points": [
        0.012032061109606994,
        0.23270606288299117,
        0.08532219953562831
      ],
      "transform_type": "derivative",
      "use_relative": false,
      "shift_tolerance": 0.20173435229878714,
      "score": 17.429871882383186
    },
    {
      "pattern": [
        332.8317356728656,
        307.9800380734772,
        284.2639651374857,
        261.6835168648908,
        240.23869325569285,
        219.92949430989165,
        200.75592002748715,
        182.71797040847952,
        165.8156454528686,
        150.0489451606545,
        135.41786953183717,
        121.92241856641661,
        109.56259226439285,
        98.33839062576585,
        88.24981365053561
      ],
      "start": 12,
      "width": 14.750149704300512,
      "center": 19,
      "series_idx": 0,
      "control_points": [
        0.8320793391821639,
        0.387237915388146,
        0.22062453412633903
      ],
      "transform_type": "raw",
      "use_relative": false,
      "shift_tolerance": 0.63514023521985,
      "score": 17.04517255462288
    },
    {
      "pattern": [
        208.8464048822873,
        205.57150198795196,
        201.90102463942807,
        197.83497283671562,
        193.3733465798147,
        188.51614586872526,
        183.26337070344732,
        177.61502108398085,
        171.57109701032581,
        165.13159848248222,
        158.2965255004502,
        151.0658780642296,
        143.4396561738205,
        135.41785982922286,
        127.00048903043677,
        118.18754377746205,
        108.97902407029889,
        99.37492990894718,
        89.37526129340694,
        78.9800182236782,
        68.1892006997609,
        57.00280872165512,
        45.4208422893608
      ],
      "start": 0,
      "width": 23.403040057256195,
      "center": 2,
      "series_idx": 1,
      "control_points": [
        0.5221160122057182,
        0.43749533135658797,
        0.113552105723402
      ],
      "transform_type": "cumsum",
      "use_relative": true,
      "shift_tolerance": 0.20898882048031886,
      "score": 16.838400761711615
    },
    {
      "pattern": [
        13.898838919876354,
        86.30026513673663,
        133.54451595932383,
        155.63159138763797,
        152.56149142167908,
        124.33421606144712,
        70.94976530694204
      ],
      "start": 14,
      "width": 7.114362335762191,
      "center": 17,
      "series_idx": 0,
      "control_points": [
        0.03474709729969089,
        0.6720972016546669,
        0.17737441326735512
      ],
      "transform_type": "cumsum",
      "use_relative": true,
      "shift_tolerance": 0.10794292648876576,