{
  "patterns": [
    {
      "pattern": [
        79.34343146534624,
        74.76013496113481,
        69.77409883915014,
        64.3853230993922,
        58.59380774186097,
        52.39955276655649,
        45.80255817347875,
        38.80282396262774,
        31.400350134003467,
        23.595136687605923
      ],
      "start": 16,
      "width": 10.39848660511136,
      "center": 21,
      "series_idx": 0,
      "control_points": [
        0.19835857866336562,
        0.14906190334096175,
        0.058987841719014805
      ],
      "transform_type": "raw",
      "use_relative": false,
      "shift_tolerance": 0.1451771091277192,
      "score": 20.682694745997388
    },
    {
      "pattern": [
        200.68800218482065,
        124.70775592635202,
        85.80655493709544
      ],
      "start": 4,
      "width": 3.2250868380468,
      "center": 5,
      "series_idx": 1,
      "control_points": [
        0.5017200054620516,
        0.26542058322936496,
        0.21451638734273862
      ],
      "transform_type": "wavelet",
      "use_relative": false,
      "shift_tolerance": 0.3733972567177669,
      "score": 19.963988996819342
    },
    {
      "pattern": [
        374.92680891012384,
        328.737806590434,
        288.00108610048113,
        252.71664744026535,
        222.88449060978667,
        198.50461560904492,
        179.57702243804025,
        166.10171109677262,
        158.07868158524207,
        155.50793390344856,
        158.38946805139207,
        166.72328402907263,
        180.50938183649026
      ],
      "start": 4,
      "width": 12.842410953797696,
      "center": 10,
      "series_idx": 0,
      "control_points": [
        0.9373170222753097,
        0.2035898737569336,
        0.45127345459122564
      ],
      "transform_type": "cumsum",
      "use_relative": true,
      "shift_tolerance": 0.7314466339968158,
      "score": 19.355829282036694
    },
    {
      "pattern": [
        389.59554597896084,
        377.18365862295,
        364.3171883550167,
        350.996135175161,
        337.2204990833827,
        322.99028007968207,
        308.3054781640589,
        293.16609333651337,
        277.5721255970452,
        261.5235749456546,
        245.02044138234166,
        228.0627249071062,
        210.65042551994827,
        192.78354322086784,
        174.462078009865,
        155.68602988693965,
        136.45539885209183,
        116.7701849053216,
        96.63038804662885,
        76.03600827601366,
        54.98704559347598,
        33.483499999015876,
        11.525371492633305
      ],
      "start": 0,
      "width": 22.546437411748833,
      "center": 5,
      "series_idx": 2,
      "control_points": [
        0.9739888649474021,
        0.6389124776960383,
        0.02881342873158326
      ],
      "transform_type": "cumsum",
      "use_relative": false,
      "shift_tolerance": 0.6490923955144255,
      "score": 18.829448067995408
    },
    {
      "pattern": [
        218.46181674482867,
        276.6942946045697,
        328.4781517916649,
        373.81338830611446
      ],
      "start": 5,
      "width": 4.442498165735756,
      "center": 7,
      "series_idx": 0,
      "control_points": [
        0.5461545418620717,
        0.7766174975973109,
        0.9345334707652861
      ],
      "transform_type": "derivative",
      "use_relative": false,
      "shift_tolerance": 0.2858290541448928,
      "score": 17.999064849669352
    },
    {
      "pattern": [
        29.383721668982655,
        54.0246984531384,
        72.5591471967037,
        84.98706789967855,
        91.30846056206296,
        91.52332518385693,
        85.63166176506046,
        73.63347030567353,
        55.52875080569615
      ],
      "start": 8,
      "width": 8.874789731016048,
      "center": 12,
      "series_idx": 0,
      "control_points": [
        0.07345930417245664,
        0.3504017122169663,
        0.13882187701424037
      ],
      "transform_type": "derivative",
      "use_relative": true,
      "shift_tolerance": 0.28291497236321206,
      "score": 17.057335952242738
    },
    {
      "pattern": [
        298.0806332718774,
        243.12060343093074,
        195.8070064100812,
        156.13984220932872,
        124.11911082867348,
        99.74481226811535,
        83.01694652765435
      ],
      "start": 14,
      "width": 7.315818487384073,
      "center": 17,
      "series_idx": 0,
      "control_points": [
        0.7452015831796934,
        0.304327236297229,
        0.2075423663191359
      ],
      "transform_type": "cumsum",
      "use_relative": true,
      "shift_tolerance": 0.1558340331984818,
      "score": 16.536015919413746
    },
    {
      "pattern": [
        103.12106600034208,
        120.21763085933821,
        147.80241780970692,
        185.8754268514482,
        234.43665798456203,
        293.4861112090485,
        363.0237865249075
      ],
      "start": 8,
      "width": 7.318545150619951,
      "center": 11,
      "series_idx": 0,
      "control_points": [
        0.2578026650008552,
        0.346696068600679,
        0.9075594663122688
      ],
      "transform_type": "raw",
      "use_relative": true,
      "shift_tolerance": 0.2365396146003938,
      "score": 16.00987011083407
    },
    {
      "pattern": [
        312.39189151063783,
        251.75209237050703,
        195.43580569124182,
        143.4430314728421,
        95.77376971530795,
        52.42802041863936,
        13.405783582836307
      ],
      "start": 10,
      "width": 7.11246022645463,
      "center": 13,
      "series_idx": 0,
      "control_points": [
        0.7809797287765946,
        0.3099680634973677,
        0.033514458957090765
      ],
      "transform_type": "raw",
      "use_relative": false,
      "shift_tolerance": 0.3915616256128618,
      "score": 15.510626690134261
    },
    {
      "pattern": [
        134.83780960656574,
        118.41766426493014,
        106.11989303608347,
        97.94449592002577,
        93.89147291675705,
        93.96082402627732,
        98.15254924858655,
        106.46664858368477,
        118.90312203157194,
        135.46196959224807,
        156.1431912657132,
        180.94678705196733,
        209.8727569510104,
        242.9211009628424
      ],
      "start": 0,
      "width": 13.587621996173839,
      "center": 1,
      "series_idx": 1,
      "control_points": [
        0.3370945240164144,
        0.036772872548424984,
        0.607302752407106
      ],
      "transform_type": "cumsum",
      "use_relative": false,
      "shift_tolerance": 0.23868837378968666,
      "score": 15.20877862268372
    }
  ],
  "subject_id": "15",
  "n_patterns": 10,
  "performance": {
    "rmse": 17.120310140466827,
    "processing_time": 230.46702909469604
  }
}