{
  "patterns": [
    {
      "pattern": [
        282.9889442509617,
        287.43450473394824,
        290.7486007962503,
        292.9312324378682,
        293.9823996588017,
        293.9021024590509,
        292.69034083861584,
        290.34711479749654,
        286.8724243356928,
        282.26626945320476,
        276.52865015003255,
        269.65956642617596,
        261.65901828163504,
        252.52700571640983,
        242.26352873050035,
        230.8685873239065,
        218.3421814966284,
        204.68431124866598,
        189.89497658001926,
        173.97417749068825,
        156.92191398067288,
        138.73818604997328,
        119.42299369858935
      ],
      "start": 0,
      "width": 23.484090371202303,
      "center": 1,
      "series_idx": 0,
      "control_points": [
        0.8323204242675345,
        0.9944504819928716,
        0.3512440991134981
      ],
      "transform_type": "derivative",
      "use_relative": false,
      "shift_tolerance": 0.8535512481561461,
      "score": 19.92784051651596
    },
    {
      "pattern": [
        294.89172430579436,
        177.60573339711127,
        132.27419327964054,
        158.89710395338224
      ],
      "start": 20,
      "width": 4.290902987869345,
      "center": 22,
      "series_idx": 0,
      "control_points": [
        0.8673286008993951,
        0.1911673524981189,
        0.4673444233923007
      ],
      "transform_type": "raw",
      "use_relative": true,
      "shift_tolerance": 0.3186215011716684,
      "score": 18.779741018686885
    },
    {
      "pattern": [
        31.6300257787162,
        87.17043444062428,
        138.8319168468081,
        186.61447299726763,
        230.5181028920029,
        270.54280653101387,
        306.68858391430064,
        338.95543504186315
      ],
      "start": 13,
      "width": 8.309389133666805,
      "center": 17,
      "series_idx": 0,
      "control_points": [
        0.0930294875844594,
        0.6847340501262116,
        0.9969277501231268
      ],
      "transform_type": "derivative",
      "use_relative": true,
      "shift_tolerance": 0.3210161800789832,
      "score": 17.657350487042137
    },
    {
      "pattern": [
        41.64843412623333,
        80.68906518103724,
        114.84426269322135,
        144.11402666278568,
        168.49835708973018,
        187.9972539740549,
        202.61071731575979,
        212.33874711484498,
        217.18134337131033,
        217.13850608515588,
        212.21023525638162,
        202.39653088498758,
        187.69739297097374,
        168.11282151434014,
        143.64281651508668
      ],
      "start": 7,
      "width": 14.669280067665545,
      "center": 14,
      "series_idx": 1,
      "control_points": [
        0.12249539448892158,
        0.9765643203206763,
        0.4224788721031961
      ],
      "transform_type": "raw",
      "use_relative": false,
      "shift_tolerance": 0.6150842918133125,
      "score": 16.813000539445685
    },
    {
      "pattern": [
        125.58570422538871,
        109.19674131456446,
        95.70117576754217,
        85.09900758432178,
        77.39023676490338,
        72.57486330928693,
        70.65288721747241,
        71.62430848945985,
        75.48912712524924,
        82.24734312484058,
        91.89895648823388
      ],
      "start": 0,
      "width": 10.565936590092296,
      "center": 3,
      "series_idx": 0,
      "control_points": [
        0.3693697183099668,
        0.10708057724047808,
        0.2702910484948055
      ],
      "transform_type": "fft_power",
      "use_relative": false,
      "shift_tolerance": 0.7209664399192076,
      "score": 16.604556257129357
    },
    {
      "pattern": [
        25.220159935149972,
        225.99799632434718,
        246.73506235495984
      ],
      "start": 13,
      "width": 3.147137390913617,
      "center": 14,
      "series_idx": 0,
      "control_points": [
        0.07417694098573521,
        0.9294658279518809,
        0.725691359867529
      ],
      "transform_type": "derivative",
      "use_relative": false,
      "shift_tolerance": 0.29452729744519635,
      "score": 15.789550123125158
    },
    {
      "pattern": [
        0.5091857169013129,
        46.91732620280333,
        97.18762186810777,
        151.32007271281464,
        209.31467873692387,
        271.17143994043556,
        336.8903563233497
      ],
      "start": 15,
      "width": 6.725032098873158,
      "center": 18,
      "series_idx": 0,
      "control_points": [
        0.0014976050497097436,
        0.3939422776632463,
        0.9908539891863226
      ],
      "transform_type": "cumsum",
      "use_relative": true,
      "shift_tolerance": 0.3329970021498798,
      "score": 15.23159857975542
    },
    {
      "pattern": [
        25.18020328003696,
        59.18707818560134,
        90.65906725667712,
        119.59617049326432,
        145.9983878953629,
        169.86571946297286,
        191.19816519609424,
        209.99572509472705,
        226.25839915887124,
        239.98618738852684,
        251.17908978369383,
        259.8371063443722,
        265.960237070562,
        269.5484819622632,
        270.60184101947584,
        269.12031424219987
      ],
      "start": 10,
      "width": 15.739164422310433,
      "center": 17,
      "series_idx": 2,
      "control_points": [
        0.07405942141187341,
        0.8521693733855942,
        0.7915303360064702
      ],
      "transform_type": "derivative",
      "use_relative": false,
      "shift_tolerance": 0.5474995403855387,
      "score": 14.826860445694237
    }
  ],
  "subject_id": "18",
  "n_patterns": 8,
  "performance": {
    "rmse": 15.741521133281028,
    "processing_time": 152.8731849193573
  }
}