{
  "subject_id": "22",
  "patterns": [
    {
      "pattern": [
        0.28321016394483967,
        0.4509694694535516,
        0.5573997426125292,
        0.613215234542079,
        0.6291301963625077,
        0.615858879194122,
        0.5841155341572284,
        0.5446144123721335,
        0.5080697649591441,
        0.48519584303856694,
        0.4842922431431383,
        0.5039999434553137,
        0.5405452675699787,
        0.5901545390820186,
        0.6490540815863187,
        0.7134702186777646,
        0.7796292739512413,
        0.8437575710016345,
        0.9020814334238294
      ],
      "start": 5,
      "width": 19,
      "series_idx": 0,
      "control_points": [
        0.28321016394483967,
        0.8891958801158838,
        0.1559986587668636,
        0.7395901745046567,
        0.9020814334238294
      ]
    },
    {
      "pattern": [
        0.8971278369965643,
        0.6660495816426646,
        0.5013052080735263,
        0.3944397704434302,
        0.33699832290665704,
        0.3205259196174879,
        0.33656761473020363,
        0.37662987833816436,
        0.4313317471335526,
        0.49040482440737376,
        0.543542129389712,
        0.5804366813106518,
        0.5907814994002775,
        0.5642696028886732
      ],
      "start": 0,
      "width": 14,
      "series_idx": 1,
      "control_points": [
        0.8971278369965643,
        0.3184902286854934,
        0.2144910011926163,
        0.6690840833711981,
        0.5642696028886732
      ]
    },
    {
      "pattern": [
        0.01276830577370311,
        0.1714448707922035,
        0.27442130743430465,
        0.33278246544340967,
        0.35761319456292145,
        0.35999834453624296,
        0.35102276510677727,
        0.34177130601792727,
        0.3433288170130959,
        0.36643405991822753,
        0.4138657744577181,
        0.4804426782544145,
        0.5606374010137052,
        0.6489225724409788,
        0.739770822241624,
        0.8276547801210291,
        0.9070470757845827,
        0.9724203389376731
      ],
      "start": 4,
      "width": 18,
      "series_idx": 2,
      "control_points": [
        0.01276830577370311,
        0.5517294466170114,
        0.02124683858505938,
        0.8122766835608726,
        0.9724203389376731
      ]
    },
    {
      "pattern": [
        0.6059286669823135,
        0.5379778097388032,
        0.569280408272827,
        0.6387959720520416,
        0.6806875172529481,
        0.6099320868874237,
        0.3367102306761893
      ],
      "start": 2,
      "width": 7,
      "series_idx": 0,
      "control_points": [
        0.6059286669823135,
        0.46800425167258825,
        0.6730372599827702,
        0.741105116570038,
        0.3367102306761893
      ]
    },
    {
      "pattern": [
        0.01074120360410788,
        0.4567968491342468,
        0.6772799795203992,
        0.7293686796355139,
        0.6702410343525392,
        0.5567067649513686,
        0.4371032300716331,
        0.3512954257126998,
        0.33877998428088096,
        0.4390535381824894
      ],
      "start": 12,
      "width": 10,
      "series_idx": 1,
      "control_points": [
        0.01074120360410788,
        0.8775931006937803,
        0.702730344758814,
        0.18430314462685024,
        0.4390535381824894
      ]
    },
    {
      "pattern": [
        0.830575095982094,
        0.7078066206877672,
        0.5975648428361785,
        0.4978021017713856,
        0.40647073683744656,
        0.32152308737841945,
        0.24109033854456846,
        0.1674171290288937,
        0.10686155106713215,
        0.06596054270122649,
        0.05125104197311952,
        0.06926998692475392
      ],
      "start": 2,
      "width": 12,
      "series_idx": 1,
      "control_points": [
        0.830575095982094,
        0.5927654037746877,
        0.26410413018822915,
        0.0022393838369184696,
        0.06926998692475392
      ]
    },
    {
      "pattern": [
        0.7487811687134879,
        0.4564006975292277,
        0.30933693344912033,
        0.27704691705795104,
        0.3289876889405043,
        0.4346162896815647,
        0.5631953928144039,
        0.6832102036662412,
        0.7629515605127826,
        0.7707103016297346,
        0.6747772652928035
      ],
      "start": 4,
      "width": 11,
      "series_idx": 0,
      "control_points": [
        0.7487811687134879,
        0.12341481670002885,
        0.3381793336678487,
        0.9386916746905325,
        0.6747772652928035
      ]
    },
    {
      "pattern": [
        0.5246719682337446,
        0.46342829126874335,
        0.40514096067566563,
        0.3662233708913171,
        0.36308891635250373,
        0.41215099149603085,
        0.5165053774269783,
        0.6259774019235218,
        0.6770747794321115,
        0.6063052243991975,
        0.35017645127122987
      ],
      "start": 7,
      "width": 11,
      "series_idx": 1,
      "control_points": [
        0.5246719682337446,
        0.42925410378036466,
        0.12627630766625508,
        0.9667972468712485,
        0.35017645127122987
      ]
    },
    {
      "pattern": [
        0.7379157891323788,
        0.8054273523498291,
        0.8635387022505323,
        0.88956798697745,
        0.8755083509898346,
        0.8720529240120977,
        0.944569832084941
      ],
      "start": 11,
      "width": 7,
      "series_idx": 1,
      "control_points": [
        0.7379157891323788,
        0.8025668417225232,
        0.9717138625236851,
        0.8122773811399069,
        0.944569832084941
      ]
    },
    {
      "pattern": [
        0.9267143409633176,
        0.7013871677829481,
        0.5438446116652653,
        0.44551178112805556,
        0.3978137846891045,
        0.39217573086619795,
        0.41894988392849786,
        0.4641971311506713,
        0.5129055155587614,
        0.5500630801788116,
        0.5606578680368649
      ],
      "start": 4,
      "width": 11,
      "series_idx": 0,
      "control_points": [
        0.9267143409633176,
        0.4899180428425654,
        0.25265468447523853,
        0.5734755116717493,
        0.5606578680368649
      ]
    },
    {
      "pattern": [
        0.63026931415912,
        0.35100909020708765,
        0.20963094528206794,
        0.1790447619246215,
        0.23216042267530865,
        0.3414500439447685,
        0.469317121155448,
        0.5680965287416019,
        0.5896853750075636,
        0.48598076825766645
      ],
      "start": 7,
      "width": 10,
      "series_idx": 1,
      "control_points": [
        0.63026931415912,
        0.09442236023109205,
        0.13629077865858913,
        0.7595592139922397,
        0.48598076825766645
      ]
    },
    {
      "pattern": [
        0.5865987713362957,
        0.5015325744625275,
        0.5176941873060913,
        0.5954926299280191,
        0.6917840297548532,
        0.7598716215786468
      ],
      "start": 3,
      "width": 6,
      "series_idx": 0,
      "control_points": [
        0.5865987713362957,
        0.46257743479644364,
        0.5075854201823572,
        0.7278977813936277,
        0.7598716215786468
      ]
    }
  ]
}