{
  "subject_id": "2",
  "patterns": [
    {
      "pattern": [
        0.40620180967623415,
        0.4507663019932613,
        0.5127235643877655,
        0.5812515270953447,
        0.645528120351597,
        0.69473127439212,
        0.7180389194525121,
        0.7084459178622958,
        0.6742148603266925,
        0.6274252696448485,
        0.5801566686159101,
        0.5444885800390232,
        0.5325005267133344
      ],
      "start": 10,
      "width": 13,
      "series_idx": 0,
      "control_points": [
        0.40620180967623415,
        0.47072331105654325,
        0.938344391919711,
        0.5247435829140834,
        0.5325005267133344
      ]
    },
    {
      "pattern": [
        0.4125035591989311,
        0.5490334564104918,
        0.6428946821058447,
        0.700350734948542,
        0.7276651136021359,
        0.7311013167301788,
        0.7169228429962231,
        0.691393191063821,
        0.6607758595965249,
        0.6313343472578866,
        0.6093321527114591,
        0.6008132106699419,
        0.6067714849764247,
        0.6231509686043887,
        0.6456760905764617,
        0.6700712799152716,
        0.6920609656434465,
        0.7073695767836146,
        0.7117215423584037,
        0.7008412913904418,
        0.6704532529023571,
        0.6162818559167773
      ],
      "start": 1,
      "width": 22,
      "series_idx": 2,
      "control_points": [
        0.4125035591989311,
        0.9723357897002354,
        0.29374299659665615,
        0.8524907888771897,
        0.6162818559167773
      ]
    },
    {
      "pattern": [
        0.651062206494657,
        0.8586623450942782,
        0.8007881260001989,
        0.6214922080104478,
        0.5371604657125106,
        0.8365119894833289
      ],
      "start": 4,
      "width": 6,
      "series_idx": 1,
      "control_points": [
        0.651062206494657,
        0.973817675581272,
        0.7726992511167926,
        0.34611102192272936,
        0.8365119894833289
      ]
    },
    {
      "pattern": [
        0.1785511660639329,
        0.40240628624804087,
        0.5356291986073741,
        0.596538438125785,
        0.6034525397871259,
        0.574690038575249,
        0.5285694694740065,
        0.4832262375145876,
        0.4525837588169302,
        0.4463534605897204,
        0.4740636400889814,
        0.5452425945707364,
        0.6694186212910083,
        0.8561200175058203
      ],
      "start": 3,
      "width": 14,
      "series_idx": 0,
      "control_points": [
        0.1785511660639329,
        0.7749855379835658,
        0.4334646539346696,
        0.37698296073640314,
        0.8561200175058203
      ]
    },
    {
      "pattern": [
        0.5503005635333214,
        0.3903241150363314,
        0.3509704729843008,
        0.3823799771953164,
        0.4346929674874652,
        0.45804978367883414,
        0.41889370446963303,
        0.3488797640885643,
        0.2959659356464531,
        0.3081101922541251,
        0.4332705070224054
      ],
      "start": 3,
      "width": 11,
      "series_idx": 2,
      "control_points": [
        0.5503005635333214,
        0.1554543327886979,
        0.7864490931900552,
        0.1038466155465283,
        0.4332705070224054
      ]
    },
    {
      "pattern": [
        0.5778187258470415,
        0.4017519407121489,
        0.27618159416728266,
        0.20086865551265776,
        0.17557409404848914,
        0.20022171892967452,
        0.27848065596881283,
        0.41776534763620404,
        0.6256530762568313,
        0.9097211241556772
      ],
      "start": 4,
      "width": 10,
      "series_idx": 0,
      "control_points": [
        0.5778187258470415,
        0.2757267038522904,
        0.014007077569014453,
        0.4226951716862532,
        0.9097211241556772
      ]
    },
    {
      "pattern": [
        0.45911304262775854,
        0.32588098661786213,
        0.23350156509241735,
        0.17802028523460428,
        0.15548265422760285,
        0.1619341792545931,
        0.19342036749875502,
        0.2459867261432687,
        0.3156787623713141,
        0.3983487941644211,
        0.4854057878661705,
        0.5638153581821929,
        0.620349930616469,
        0.6417819306729801,
        0.6148837838557066,
        0.5264279156686297,
        0.36318675161573,
        0.11193271720098855
      ],
      "start": 6,
      "width": 18,
      "series_idx": 2,
      "control_points": [
        0.45911304262775854,
        0.020012852975304474,
        0.2209174561760215,
        0.9609967569682721,
        0.11193271720098855
      ]
    },
    {
      "pattern": [
        0.9024460946447037,
        0.616962592501651,
        0.45152912227709047,
        0.3810482792077526,
        0.38042265853036744,
        0.42455485548166555,
        0.4883474652983771,
        0.5467030832172323,
        0.5752428627771603,
        0.5661147984676655,
        0.5279937257288272,
        0.47027303830292344,
        0.40234612993223234,
        0.33360639435903244,
        0.2734472253256017,
        0.23126201657421833
      ],
      "start": 1,
      "width": 16,
      "series_idx": 1,
      "control_points": [
        0.9024460946447037,
        0.017760295419564892,
        0.9699031347523253,
        0.3064297599815523,
        0.23126201657421833
      ]
    }
  ]
}