{
  "subject_id": "16",
  "patterns": [
    {
      "pattern": [
        0.5706516393169059,
        0.7149712027760108,
        0.7654805343431412,
        0.7618698318041811,
        0.7438292929450142,
        0.7490470134890334,
        0.7691627417223339,
        0.7497678784937137,
        0.6344517225894798,
        0.36680357279593856
      ],
      "start": 11,
      "width": 10,
      "series_idx": 0,
      "control_points": [
        0.5706516393169059,
        0.877333757317486,
        0.5895700929931024,
        0.9107301435100772,
        0.36680357279593856
      ]
    },
    {
      "pattern": [
        0.3482496263563021,
        0.34141610380477466,
        0.33157217352597945,
        0.31936355849304243,
        0.30543598167909014,
        0.29043516605724856,
        0.2750068346006441,
        0.25979671028240287,
        0.2454505160756513,
        0.23261397495351546,
        0.22193280988912156,
        0.21403582821311906,
        0.2094841746862496,
        0.20882207842677805,
        0.21259376855296924,
        0.221343474183088,
        0.23561542443539912,
        0.2559538484281675,
        0.28290297527965785,
        0.31700703410813513,
        0.358810254031864
      ],
      "start": 3,
      "width": 21,
      "series_idx": 2,
      "control_points": [
        0.3482496263563021,
        0.33120603403346416,
        0.17524782604131747,
        0.20602955344038715,
        0.358810254031864
      ]
    },
    {
      "pattern": [
        0.8471147593733637,
        0.8536702942113464,
        0.8344281084569968,
        0.7929026928737781,
        0.7326085382251535,
        0.6570601352745862,
        0.5704109851605835,
        0.4915118276476598,
        0.4539106411263374,
        0.49179441436218196,
        0.6393501361207595,
        0.9307647951676356
      ],
      "start": 9,
      "width": 12,
      "series_idx": 2,
      "control_points": [
        0.8471147593733637,
        0.8849288948080868,
        0.6649923678399258,
        0.24374184571068727,
        0.9307647951676356
      ]
    },
    {
      "pattern": [
        0.5203275767636366,
        0.4591540741670266,
        0.425392243044333,
        0.41449841355695916,
        0.4219289158663084,
        0.443140080133784,
        0.4735882365207893,
        0.5087297151887279,
        0.5440208462990028,
        0.5749179600130175,
        0.5968773864921757,
        0.6053554558978802,
        0.597144446765511,
        0.5743804311263542,
        0.5405354293856715,
        0.4990814619487252,
        0.4534905492207777,
        0.407234711607091,
        0.3637859695129273,
        0.3266163433435489,
        0.2991978535042178,
        0.28500252040019636,
        0.2875023644367467
      ],
      "start": 1,
      "width": 23,
      "series_idx": 1,
      "control_points": [
        0.5203275767636366,
        0.2402166286267132,
        0.9688601652908904,
        0.2434848643830268,
        0.2875023644367467
      ]
    },
    {
      "pattern": [
        0.8898487309230878,
        0.9090196706794255,
        0.8997113534138192,
        0.8683092843806433,
        0.8211989688342712,
        0.7647659120290778,
        0.7056458269730032,
        0.6562292050060105,
        0.6346613158000859,
        0.6593376367807816,
        0.7486536453736503,
        0.9210048190042438
      ],
      "start": 10,
      "width": 12,
      "series_idx": 1,
      "control_points": [
        0.8898487309230878,
        0.955003692624162,
        0.7337605964067696,
        0.5176704187479588,
        0.9210048190042438
      ]
    },
    {
      "pattern": [
        0.9737384889647036,
        0.6068060691075934,
        0.446964698560274,
        0.4366265723226601,
        0.5182038853946662,
        0.6341088327762071,
        0.7277003887990318,
        0.764113452427081,
        0.7302588472564865,
        0.6139941762152147,
        0.4031770422312319,
        0.08566504823250504
      ],
      "start": 0,
      "width": 12,
      "series_idx": 0,
      "control_points": [
        0.9737384889647036,
        0.07600304319264146,
        0.949377265939767,
        0.7729943460099299,
        0.08566504823250504
      ]
    },
    {
      "pattern": [
        0.19236062474507176,
        0.25271761268318843,
        0.2369724074774039,
        0.221304780090483,
        0.2525272551348778,
        0.25998337182178827,
        0.14364942301210135
      ],
      "start": 8,
      "width": 7,
      "series_idx": 0,
      "control_points": [
        0.19236062474507176,
        0.3161619662427273,
        0.10691875691804012,
        0.3552196402831245,
        0.14364942301210135
      ]
    },
    {
      "pattern": [
        0.13323893734180228,
        0.44347759232582307,
        0.461555664761431,
        0.4545302915094909,
        0.5818443063733216,
        0.5724833309260585,
        0.04781868368329009
      ],
      "start": 11,
      "width": 7,
      "series_idx": 1,
      "control_points": [
        0.13323893734180228,
        0.6785769292203176,
        0.09159975474951582,
        0.9563447273186144,
        0.04781868368329009
      ]
    },
    {
      "pattern": [
        0.8964297993539011,
        0.6403129140183041,
        0.45866051083366344,
        0.3425316348389637,
        0.28298533107318985,
        0.2710806445753266,
        0.29787662038435864,
        0.35443230353927074,
        0.43169875967993027,
        0.5181435282665064,
        0.5997506225794703,
        0.6623960765001753,
        0.691955923909975,
        0.6743061986902229,
        0.595322934722273,
        0.44088216588747875
      ],
      "start": 8,
      "width": 16,
      "series_idx": 0,
      "control_points": [
        0.8964297993539011,
        0.1556061875253669,
        0.2378109097177662,
        0.9330759408235588,
        0.44088216588747875
      ]
    },
    {
      "pattern": [
        0.25112402947301843,
        0.4492927006614694,
        0.5360411606543003,
        0.5386418284512008,
        0.4843671230518605,
        0.4004894634559692,
        0.31441371171400134,
        0.256590920044475,
        0.2605183308339528,
        0.35982562951978175,
        0.5881425015393089,
        0.9790986323298806
      ],
      "start": 12,
      "width": 12,
      "series_idx": 0,
      "control_points": [
        0.25112402947301843,
        0.7332349318587521,
        0.29897271549417753,
        0.09270826423977307,
        0.9790986323298806
      ]
    },
    {
      "pattern": [
        0.5479223989446322,
        0.3364352239961667,
        0.23981847711292997,
        0.18324651285599952,
        0.12464749779855462,
        0.1529648465621815,
        0.3898957857805684
      ],
      "start": 9,
      "width": 7,
      "series_idx": 0,
      "control_points": [
        0.5479223989446322,
        0.25405812815057804,
        0.2354178070749239,
        0.008092309123572228,
        0.3898957857805684
      ]
    },
    {
      "pattern": [
        0.5340562164395701,
        0.4350344570258159,
        0.43474194837225055,
        0.48695110301744227,
        0.5454343334999594,
        0.5639640523583702,
        0.5109495329033584,
        0.41334749153406997,
        0.31275150542176644,
        0.25075515173770924,
        0.26895200765315974
      ],
      "start": 9,
      "width": 11,
      "series_idx": 2,
      "control_points": [
        0.5340562164395701,
        0.2610635820823601,
        0.9230519652147792,
        0.14868869692156264,
        0.26895200765315974
      ]
    },
    {
      "pattern": [
        0.5929325482242263,
        0.31491314811537546,
        0.2859217931448722,
        0.38242775429922554,
        0.4809003025649443,
        0.48804752476895885,
        0.4315327710998842,
        0.3692582075867567,
        0.35912600025861274
      ],
      "start": 10,
      "width": 9,
      "series_idx": 1,