{
  "patterns": [
    {
      "pattern": [
        33.33870122258652,
        39.62989191609924,
        45.343191819026984,
        50.478600931369755,
        55.036119253127524,
        59.015746784300326,
        62.41748352488815,
        65.24132947489097,
        67.48728463430882,
        69.1553490031417,
        70.24552258138958,
        70.75780536905249,
        70.69219736613043,
        70.04869857262337,
        68.82730898853133,
        67.0280286138543,
        64.65085744859232,
        61.69579549274533,
        58.16284274631336
      ],
      "start": 1,
      "width": 18.87409584964855,
      "center": 10,
      "series_idx": 2,
      "control_points": [
        0.0833467530564663,
        0.23139981505458365,
        0.1454071068657834
      ],
      "transform_type": "derivative",
      "use_relative": false,
      "shift_tolerance": 0.7096772199810892,
      "score": 25.62677576231953
    },
    {
      "pattern": [
        94.47982790614545,
        116.8436063584976,
        138.2519315598849,
        158.70480351030733,
        178.2022222097649,
        196.74418765825757,
        214.33069985578535,
        230.9617588023483,
        246.6373644979464,
        261.3575169425796,
        275.12221613624797,
        287.9314620789514,
        299.78525477069,
        310.68359421146374,
        320.62648040127266,
        329.61391334011665,
        337.6458930279958
      ],
      "start": 7,
      "width": 16.789487897775516,
      "center": 15,
      "series_idx": 0,
      "control_points": [
        0.2361995697653636,
        0.6930296713220555,
        0.8441147325699895
      ],
      "transform_type": "derivative",
      "use_relative": false,
      "shift_tolerance": 0.37090491731598907,
      "score": 24.14256048756798
    },
    {
      "pattern": [
        380.89586078954176,
        381.4960408706885,
        381.0270569548173,
        379.488909041928,
        376.8815971320208,
        373.2051212250955,
        368.45948132115234,
        362.64467742019104,
        355.7607095222118,
        347.80757762721464,
        338.78528173519936,
        328.6938218461662,
        317.533197960115,
        305.3034100770458,
        292.0044581969586,
        277.6363423198534,
        262.1990624457302,
        245.692618574589,
        228.11701070642977
      ],
      "start": 0,
      "width": 18.50202027961176,
      "center": 1,
      "series_idx": 1,
      "control_points": [
        0.9522396519738544,
        0.9777717987661085,
        0.5702925267660744
      ],
      "transform_type": "fft_power",
      "use_relative": false,
      "shift_tolerance": 0.18670475496743982,
      "score": 22.94741409178824
    },
    {
      "pattern": [
        57.88538114114408,
        91.245727142916,
        121.74235644138545,
        149.37526903655248,
        174.144464928417,
        196.04994411697908,
        215.09170660223873,
        231.26975238419593,
        244.58408146285063,
        255.0346938382029,
        262.6215895102527,
        267.34476847900004,
        269.20423074444494,
        268.19997630658736,
        264.33200516542735,
        257.60031732096485,
        248.0049127731999,
        235.54579152213248
      ],
      "start": 12,
      "width": 17.752977391622487,
      "center": 20,
      "series_idx": 0,
      "control_points": [
        0.1447134528528602,
        0.8840477953631022,
        0.5888644788053312
      ],
      "transform_type": "cumsum",
      "use_relative": false,
      "shift_tolerance": 0.9690373934594496,
      "score": 21.687652832378788
    },
    {
      "pattern": [
        246.15363175336188,
        161.82522072434452,
        136.8549549937797,
        171.24283456166748
      ],
      "start": 12,
      "width": 4.43086689155118,
      "center": 14,
      "series_idx": 0,
      "control_points": [
        0.6153840793834047,
        0.18785601558999088,
        0.4281070864041687
      ],
      "transform_type": "raw",
      "use_relative": true,
      "shift_tolerance": 0.3331824463133013,
      "score": 20.5804176895564
    },
    {
      "pattern": [
        69.98350908852599,
        133.39860269612387,
        184.30873579494707,
        222.71390838499562,
        248.61412046626947,
        262.00937203876873,
        262.89966310249326
      ],
      "start": 15,
      "width": 6.767071491941551,
      "center": 18,
      "series_idx": 0,
      "control_points": [
        0.174958772721315,
        0.6974655766862039,
        0.6572491577562332
      ],
      "transform_type": "derivative",
      "use_relative": true,
      "shift_tolerance": 0.306539213678385,
      "score": 19.96708149803637
    },
    {
      "pattern": [
        58.439814937452496,
        78.72997897626672,
        97.61729547309504,
        115.10176442793747,
        131.18338584079402,
        145.86215971166465,
        159.13808604054938,
        171.0111648274482,
        181.48139607236115,
        190.5487797752882,
        198.21331593622932,
        204.4750045551846,
        209.33384563215392,
        212.78983916713736,
        214.8429851601349,
        215.49328361114655,
        214.7407345201723,
        212.58533788721215
      ],
      "start": 4,
      "width": 18.075907643487405,
      "center": 13,
      "series_idx": 1,
      "control_points": [
        0.14609953734363124,
        0.5921707783020338,
        0.5314633447180304
      ],
      "transform_type": "cumsum",
      "use_relative": true,
      "shift_tolerance": 0.8583635721654398,
      "score": 19.181494654941297
    },
    {
      "pattern": [
        184.24878654733706,
        194.64654672773364,
        203.06036976796506,
        209.49025566803115,
        213.93620442793213,
        216.39821604766774,
        216.87629052723824,
        215.3704278666434,
        211.8806280658835,
        206.40689112495832,
        198.94921704386783,
        189.50760582261213,
        178.08205746119123,
        164.6725719596051,
        149.27914931785372,
        131.90178953593718,
        112.54049261385536,
        91.1952585516083,
        67.86608734919606,
        42.55297900661854,
        15.255933523875859
      ],
      "start": 0,
      "width": 21.18493201324287,
      "center": 5,
      "series_idx": 0,
      "control_points": [
        0.46062196636834263,
        0.745365185130323,
        0.03813983380968965
      ],
      "transform_type": "raw",
      "use_relative": true,
      "shift_tolerance": 0.7481348771128152,
      "score": 19.053979564037363
    },
    {
      "pattern": [
        388.29701291865297,
        314.90486622437595,
        198.00327964511638
      ],
      "start": 16,
      "width": 3.3864046675227435,
      "center": 17,
      "series_idx": 0,
      "control_points": [
        0.9707425322966324,
        0.841648965417168,
        0.495008199112791
      ],
      "transform_type": "raw",
      "use_relative": false,
      "shift_tolerance": 0.23919212242491028,
      "score": 18.32879818795589
    },
    {
      "pattern": [
        399.5227440850348,
        330.58879999200104,
        274.53929943097603,
        231.37424240195986,
        201.09362890495254,
        183.69745893995398
      ],
      "start": 7,
      "width": 6.128308217438296,
      "center": 10,
      "series_idx": 0,
      "control_points": [
        0.9988068602125869,
        0.5277058235935982,
        0.45924364734988493
      ],
      "transform_type": "raw",
      "use_relative": false,
      "shift_tolerance": 0.33717757464070086,
      "score": 17.7270645447658
    },
    {
      "pattern": [
        282.97349332612214,
        208.02111177458661,
        143.47498424451416,
        89.33511073590472,
        45.601491248758286
      ],
      "start": 3,
      "width": 5.172762608274418,
      "center": 5,
      "series_idx": 0,
      "control_points": [
        0.7074337333153053,
        0.3066561905039703,
        0.11400372812189571
      ],