{
  "patterns": [
    {
      "pattern": [
        145.0129994702879,
        174.81097859943992,
        200.63372401830696,
        222.4812357268889,
        240.3535137251858,
        254.25055801319758,
        264.1723685909243,
        270.11894545836594,
        272.0902886155226,
        270.08639806239415,
        264.1072737989806,
        254.152915825282,
        240.22332414129835
      ],
      "start": 13,
      "width": 12.744822977936149,
      "center": 19,
      "series_idx": 0,
      "control_points": [
        0.42401461833417514,
        0.9816566531463611,
        0.7024073805301121
      ],
      "transform_type": "raw",
      "use_relative": false,
      "shift_tolerance": 0.35800907070948035,
      "score": 19.34862783200015
    },
    {
      "pattern": [
        165.61295247226647,
        164.96555814649358,
        164.6451494496628,
        164.65172638177404,
        164.9852889428273,
        165.6458371328226,
        166.63337095175996,
        167.94789039963933,
        169.58939547646077,
        171.55788618222425,
        173.8533625169297,
        176.47582448057727
      ],
      "start": 8,
      "width": 11.903604235819103,
      "center": 13,
      "series_idx": 2,
      "control_points": [
        0.48424839904171485,
        0.47120781637697423,
        0.5160111826917464
      ],
      "transform_type": "derivative",
      "use_relative": false,
      "shift_tolerance": 0.9784533988253914,
      "score": 18.49258479536698
    },
    {
      "pattern": [
        64.10044794264726,
        70.36451811819714,
        72.42587421471026,
        70.28451623218663,
        63.940444170626265,
        53.39365803002913,
        38.64415781039524
      ],
      "start": 10,
      "width": 7.171247358518981,
      "center": 13,
      "series_idx": 0,
      "control_points": [
        0.18742821035861773,
        0.26080915084167255,
        0.11299461348068784
      ],
      "transform_type": "raw",
      "use_relative": true,
      "shift_tolerance": 0.34901213042783746,
      "score": 17.37610240167672
    },
    {
      "pattern": [
        251.09962002446528,
        202.09502491443158,
        165.1342454268501,
        140.21728156172063,
        127.34413331904321,
        126.51480069881792,
        137.72928370104472,
        160.98758232572357,
        196.28969657285458,
        243.63562644243768
      ],
      "start": 6,
      "width": 10.037492637014338,
      "center": 11,
      "series_idx": 0,
      "control_points": [
        0.7342094152762143,
        0.010176482101744488,
        0.7123848726387066
      ],
      "transform_type": "derivative",
      "use_relative": true,
      "shift_tolerance": 0.19173607940608187,
      "score": 16.40056918678542
    },
    {
      "pattern": [
        22.15732144351998,
        29.093740647740887,
        61.47860359402023,
        119.31191028235803
      ],
      "start": 10,
      "width": 4.441002874408824,
      "center": 12,
      "series_idx": 1,
      "control_points": [
        0.06478748960093561,
        0.039402390185109645,
        0.34886523474373693
      ],
      "transform_type": "raw",
      "use_relative": false,
      "shift_tolerance": 0.1718818029574313,
      "score": 15.791460707906108
    },
    {
      "pattern": [
        272.8537234180768,
        241.9864658247386,
        219.32461231927132,
        204.86816290167516
      ],
      "start": 18,
      "width": 4.172026711353562,
      "center": 20,
      "series_idx": 0,
      "control_points": [
        0.7978179047312187,
        0.6444408887782636,
        0.5990297160867695
      ],
      "transform_type": "cumsum",
      "use_relative": true,
      "shift_tolerance": 0.2981318408316153,
      "score": 15.191391856443602
    },
    {
      "pattern": [
        233.56726180689694,
        71.09336069200832
      ],
      "start": 13,
      "width": 2.0368981677580082,
      "center": 14,
      "series_idx": 0,
      "control_points": [
        0.682945209961687,
        0.5048130104279016,
        0.20787532366084305
      ],
      "transform_type": "derivative",
      "use_relative": false,
      "shift_tolerance": 0.28071154800095094,
      "score": 14.587795843889154
    },
    {
      "pattern": [
        247.6763998436119,
        219.06920364963165,
        193.067970314582,
        169.672699838463,
        148.88339222127462,
        130.70004746301686,
        115.12266556368971,
        102.15124652329318,
        91.78579034182728,
        84.026297019292,
        78.87276655568733,
        76.3251989510133,
        76.38359420526989,
        79.04795231845708
      ],
      "start": 8,
      "width": 13.920390962715196,
      "center": 14,
      "series_idx": 0,
      "control_points": [
        0.7241999995427248,
        0.15573171137782388,
        0.23113436350426048
      ],
      "transform_type": "raw",
      "use_relative": false,
      "shift_tolerance": 0.6112657453411978,
      "score": 14.326846025079119
    },
    {
      "pattern": [
        13.316189859946604,
        18.164402899541447,
        28.46606872245044,
        44.22118732867359,
        65.42975871821088,
        92.09178289106232,
        124.20725984722795,
        161.7761895867077,
        204.79857210950158,
        253.27440741560963,
        307.2036955050318
      ],
      "start": 9,
      "width": 10.60647364828103,
      "center": 14,
      "series_idx": 0,
      "control_points": [
        0.038936227660662584,
        0.06995211432641936,
        0.8982564196053562
      ],
      "transform_type": "raw",
      "use_relative": true,
      "shift_tolerance": 0.326925965390388,
      "score": 13.978377512669795
    },
    {
      "pattern": [
        193.0413679067208,
        170.60945607989854,
        152.52065158523953,
        138.77495442274386,
        129.37236459241157,
        124.3128820942426,
        123.59650692823698,
        127.22323909439464,
        135.1930785927157,
        147.50602542320001,
        164.16207958584772,
        185.1612410806588,
        210.50350990763314,
        240.1888860667708
      ],
      "start": 8,
      "width": 13.600309578605227,
      "center": 14,
      "series_idx": 0,
      "control_points": [
        0.5644484441716983,
        0.09683871989135956,
        0.7023066844057626
      ],
      "transform_type": "raw",
      "use_relative": false,
      "shift_tolerance": 0.8269625146778059,
      "score": 13.698203153467368
    },
    {
      "pattern": [
        277.03186721122836,
        283.30958995076037,
        288.9059857485391,
        293.8210546045643,
        298.05479651883616,
        301.60721149135463,
        304.47829952211964,
        306.6680606111313,
        308.1764947583896,
        309.00360196389437,
        309.14938222764584,
        308.61383554964385,
        307.3969619298885
      ],
      "start": 0,
      "width": 12.727134855605339,
      "center": 5,
      "series_idx": 1,
      "control_points": [
        0.8100346994480361,
        0.9261467382271371,
        0.8988215261107851
      ],
      "transform_type": "cumsum",
      "use_relative": true,
      "shift_tolerance": 0.9864709618740406,
      "score": 13.667883848634903
    },
    {
      "pattern": [
        230.82483157091738,
        220.6165162718208,
        205.46863531684988,
        185.38118870600442,
        160.35417643928469,
        130.38759851669047,
        95.48145493822187,
        55.63574570387885
      ],
      "start": 0,
      "width": 8.302232810345211,
      "center": 0,
      "series_idx": 1,
      "control_points": [
        0.6749264081020976,
        0.5957309003563147,
        0.1626776190171896
      ],
      "transform_type": "fft_power",
      "use_relative": false,
      "shift_tolerance": 0.5301228769801712,
      "score": 13.360310689296675
    }
  ],
  "subject_id": "16",
  "n_patterns": 12,
  "performance": {
    "rmse": 14.709350018462398,
    "processing_time": 302.255007982254
  }
}