{
  "patterns": [
    {
      "pattern": [
        18.474320779096114,
        187.58202183150948,
        289.17064305847197,
        323.24018445998354
      ],
      "start": 7,
      "width": 4.013847435532256,
      "center": 9,
      "series_idx": 0,
      "control_points": [
        0.05615295069634077,
        0.9810795812364873,
        0.9824929618844485
      ],
      "transform_type": "derivative",
      "use_relative": false,
      "shift_tolerance": 0.3641085988405892,
      "score": 17.779829905663828
    },
    {
      "pattern": [
        160.74370715971511,
        145.309613419295,
        155.84724362195453,
        192.35659776769373,
        254.8376758565126
      ],
      "start": 14,
      "width": 4.676819353534828,
      "center": 16,
      "series_idx": 1,
      "control_points": [
        0.48858269653408853,
        0.315817008315487,
        0.7745826013875763
      ],
      "transform_type": "derivative",
      "use_relative": false,
      "shift_tolerance": 0.5459116351769812,
      "score": 16.803659600750684
    },
    {
      "pattern": [
        100.88112093788217,
        109.66810140275672,
        117.84739669370104,
        125.41900681071525,
        132.38293175379923,
        138.73917152295303,
        144.48772611817668,
        149.62859553947013,
        154.1617797868334,
        158.08727886026642,
        161.40509275976936,
        164.11522148534206,
        166.21766503698458,
        167.71242341469693,
        168.59949661847912,
        168.87888464833108,
        168.5505875042529,
        167.6146051862445,
        166.07093769430594,
        163.91958502843718,
        161.16054718863825,
        157.79382417490913,
        153.81941598724984
      ],
      "start": 0,
      "width": 22.74949456150739,
      "center": 9,
      "series_idx": 0,
      "control_points": [
        0.306629546923654,
        0.6105780380185961,
        0.4675362188062305
      ],
      "transform_type": "raw",
      "use_relative": false,
      "shift_tolerance": 0.44821099354560756,
      "score": 15.81428070618141
    },
    {
      "pattern": [
        243.18178450060842,
        220.0669578262865,
        198.80500733225784,
        179.39593301852236,
        161.83973488508002,
        146.1364129319309,
        132.28596715907491,
        120.28839756651213,
        110.14370415424253,
        101.85188692226612,
        95.41294587058286,
        90.82688099919282,
        88.09369230809595,
        87.21337979729223,
        88.18594346678174,
        91.0113833165644,
        95.68969934664024
      ],
      "start": 7,
      "width": 17.072106531136683,
      "center": 15,
      "series_idx": 0,
      "control_points": [
        0.7391543601842201,
        0.15456433551629403,
        0.290850149989788
      ],
      "transform_type": "cumsum",
      "use_relative": true,
      "shift_tolerance": 0.9616381638746626,
      "score": 15.15496185586254
    },
    {
      "pattern": [
        225.54114354414764,
        245.07296526306527,
        253.32969345130851,
        250.31132810887746,
        236.0178692357721,
        210.44931683199246,
        173.6056708975385,
        125.48693143241016,
        66.09309843660755
      ],
      "start": 6,
      "width": 8.90585660747082,
      "center": 10,
      "series_idx": 0,
      "control_points": [
        0.685535390711695,
        0.99154594979078,
        0.2008908767070138
      ],
      "transform_type": "raw",
      "use_relative": true,
      "shift_tolerance": 0.23428737734659066,
      "score": 14.476391221769676
    },
    {
      "pattern": [
        221.34597093495063,
        223.55231250442023,
        224.66047789672353,
        224.67046711186057,
        223.58228014983123,
        221.3959170106356,
        218.11137769427373,
        213.72866220074556,
        208.247770530051,
        201.6687026821902,
        193.99145865716307,
        185.21603845496972,
        175.34244207561,
        164.37066951908398,
        152.30072078539172,
        139.1325958745331,
        124.86629478650819,
        109.50181752131695,
        93.03916407895946,
        75.47833445943569,
        56.81932866274555,
        37.06214668888912
      ],
      "start": 0,
      "width": 21.597240244138774,
      "center": 4,
      "series_idx": 2,
      "control_points": [
        0.6727841061852603,
        0.7607233505911991,
        0.11265090178993653
      ],
      "transform_type": "cumsum",
      "use_relative": false,
      "shift_tolerance": 0.05741400277442962,
      "score": 14.039672939909032
    },
    {
      "pattern": [
        77.1656731867468,
        103.62940667586055,
        128.64264708012993,
        152.20539439955493,
        174.31764863413554,
        194.97940978387172,
        214.19067784876353,
        231.95145282881097,
        248.261734724014,
        263.12152353437267,
        276.53081925988687,
        288.48962190055676,
        298.9979314563822,
        308.0557479273633,
        315.6630713135,
        321.81990161479234,
        326.5262388312402
      ],
      "start": 4,
      "width": 17.438996575484566,
      "center": 12,
      "series_idx": 0,
      "control_points": [
        0.2345461191086529,
        0.8956763326414421,
        0.9924809690919156
      ],
      "transform_type": "derivative",
      "use_relative": false,
      "shift_tolerance": 0.5340224802321233,
      "score": 13.816460019452752
    },
    {
      "pattern": [
        159.65286288696026,
        165.73202540383605,
        140.66745738299286,
        84.4591588244307
      ],
      "start": 17,
      "width": 4.215528855299954,
      "center": 19,
      "series_idx": 0,
      "control_points": [
        0.4852670604466877,
        0.583979953086818,
        0.2567147684633152
      ],
      "transform_type": "derivative",
      "use_relative": true,
      "shift_tolerance": 0.3565474254253793,
      "score": 13.497857192084796
    },
    {
      "pattern": [
        131.57479612421008,
        133.12640166792707,
        138.32524065011512,
        147.1713130707742,
        159.66461892990438,
        175.80515822750564,
        195.59293096357797,
        219.02793713812136,
        246.11017675113584,
        276.8396498026214,
        311.216356292578
      ],
      "start": 3,
      "width": 11.107022535370586,
      "center": 8,
      "series_idx": 1,
      "control_points": [
        0.3999233924748027,
        0.39578948403227127,
        0.9459463717099634
      ],
      "transform_type": "wavelet",
      "use_relative": false,
      "shift_tolerance": 0.9908442900378318,
      "score": 13.324751817929547
    }
  ],
  "subject_id": "5",
  "n_patterns": 9,
  "performance": {
    "rmse": 14.960281916175832,
    "processing_time": 194.92622900009155
  }
}