{
  "patterns": [
    {
      "pattern": [
        184.02545027597594,
        190.57812264869312,
        197.16730649322957,
        203.79300180958515,
        210.45520859775988,
        217.15392685775382,
        223.88915658956697,
        230.66089779319924,
        237.46915046865072,
        244.3139146159214,
        251.1951902350112,
        258.1129773259202,
        265.06727588864845,
        272.05808592319585,
        279.08540742956234,
        286.14924040774815,
        293.24958485775306,
        300.3864407795772,
        307.55980817322046
      ],
      "start": 0,
      "width": 18.778091219842754,
      "center": 9,
      "series_idx": 0,
      "control_points": [
        0.5786963845156476,
        0.7636327044252973,
        0.9671692080918882
      ],
      "transform_type": "raw",
      "use_relative": false,
      "shift_tolerance": 0.9923551304289143,
      "score": 17.31065443102505
    },
    {
      "pattern": [
        186.97645030626728,
        187.70446160488578,
        187.17317823897443
      ],
      "start": 8,
      "width": 2.7940533975093786,
      "center": 9,
      "series_idx": 2,
      "control_points": [
        0.5879762588247399,
        0.5922456255885243,
        0.5885949001225611
      ],
      "transform_type": "fft_power",
      "use_relative": false,
      "shift_tolerance": 0.34562493399297667,
      "score": 16.711256914661977
    },
    {
      "pattern": [
        290.69463237886976,
        215.12577083942432,
        151.59438362086738,
        100.10047072319905,
        60.644032146419306,
        33.225067890528116
      ],
      "start": 20,
      "width": 5.788862378250059,
      "center": 22,
      "series_idx": 0,
      "control_points": [
        0.914134064084496,
        0.2727221246199541,
        0.10448134556769849
      ],
      "transform_type": "cumsum",
      "use_relative": true,
      "shift_tolerance": 0.31632453156475193,
      "score": 15.671299592782256
    },
    {
      "pattern": [
        71.19723448801693,
        59.839137674242984,
        50.93655285599612,
        44.48948003327633,
        40.49791920608362,
        38.961870374418005,
        39.88133353827946,
        43.256308697668004,
        49.08679585258363
      ],
      "start": 7,
      "width": 9.107581699263589,
      "center": 11,
      "series_idx": 0,
      "control_points": [
        0.22389067449061928,
        0.06557806050901566,
        0.15436099324711833
      ],
      "transform_type": "raw",
      "use_relative": true,
      "shift_tolerance": 0.35429484075084394,
      "score": 14.903302928052733
    },
    {
      "pattern": [
        295.96358319148885,
        232.96795290960475,
        178.84570392586673,
        133.59683624027483,
        97.2213498528291,
        69.71924476352947
      ],
      "start": 6,
      "width": 6.388537234289632,
      "center": 9,
      "series_idx": 1,
      "control_points": [
        0.9307030917971347,
        0.4005747825914966,
        0.21924290806141344
      ],
      "transform_type": "derivative",
      "use_relative": false,
      "shift_tolerance": 0.2167476929838842,
      "score": 14.346919718145093
    },
    {
      "pattern": [
        19.511535270589274,
        63.612363458979935,
        99.7846928120149,
        128.0285233296941,
        148.3438550120176,
        160.7306878589854,
        165.18902187059746,
        161.71885704685383,
        150.32019338775444,
        130.99303089329933,
        103.73736956348858,
        68.55320939832202,
        25.44055039779975
      ],
      "start": 4,
      "width": 13.318667459642603,
      "center": 10,
      "series_idx": 0,
      "control_points": [
        0.06135702915279646,
        0.9682452858710705,
        0.08000173081069104
      ],
      "transform_type": "derivative",
      "use_relative": false,
      "shift_tolerance": 0.45995228918617836,
      "score": 13.886564748792363
    },
    {
      "pattern": [
        139.49288662478074,
        137.82336712502897,
        136.1311480053509,
        134.4162292657465,
        132.67861090621577,
        130.91829292675874,
        129.13527532737535,
        127.3295581080657,
        125.5011412688297,
        123.6500248096674,
        121.7762087305788,
        119.87969303156385,
        117.96047771262258,
        116.01856277375501,
        114.0539482149611,
        112.0666340362409,
        110.05662023759436,
        108.0239068190215,
        105.96849378052234,
        103.89038112209684,
        101.78956884374506,
        99.66605694546693,
        97.5198454272625,
        95.35093428913174
      ],
      "start": 0,
      "width": 23.813835811351534,
      "center": 9,
      "series_idx": 2,
      "control_points": [
        0.43865687617855575,
        0.3786916201012948,
        0.29984570531173504
      ],
      "transform_type": "cumsum",
      "use_relative": false,
      "shift_tolerance": 0.42857528373707676,
      "score": 13.753403613353685
    },
    {
      "pattern": [
        220.84762816042266,
        199.45891755566174,
        180.04943625277312,
        162.6191842517568,
        147.1681615526128,
        133.69636815534108,
        122.20380405994163,
        112.69046926641454,
        105.15636377475974,
        99.60148758497724,
        96.02584069706701
      ],
      "start": 6,
      "width": 11.03931484830068,
      "center": 11,
      "series_idx": 0,
      "control_points": [
        0.6944893967308888,
        0.3426289367356519,
        0.30196805250650005
      ],
      "transform_type": "derivative",
      "use_relative": false,
      "shift_tolerance": 0.25042951723453505,
      "score": 13.58789125136315
    },
    {
      "pattern": [
        276.824993570793,
        240.96837233064957,
        212.20243476456503,
        190.5271808725394,
        175.94261065457252,
        168.4487241106645,
        168.04552124081536,
        174.73300204502502,
        188.51116652329358,
        209.380014675621
      ],
      "start": 7,
      "width": 10.159399469815368,
      "center": 12,
      "series_idx": 1,
      "control_points": [
        0.8705188477068962,
        0.31294389850162035,
        0.6584277191057264
      ],
      "transform_type": "derivative",
      "use_relative": true,
      "shift_tolerance": 0.2505947268893964,
      "score": 13.347384815245231
    },
    {
      "pattern": [
        131.46396235799392,
        156.5925643472214,
        176.85770534293928,
        192.2593853451476,
        202.79760435384622,
        208.4723623690353,
        209.28365939071475,
        205.23149541888458,
        196.3158704535448
      ],
      "start": 14,
      "width": 9.338315111102286,
      "center": 18,
      "series_idx": 0,
      "control_points": [
        0.41340868666035824,
        0.7600795355406388,
        0.6173455045708955
      ],
      "transform_type": "cumsum",
      "use_relative": true,
      "shift_tolerance": 0.33756315080317223,
      "score": 12.98701822082215
    },
    {
      "pattern": [
        232.19658301008212,
        223.09352417501418,
        223.95471861264605,
        234.78016632297758,
        255.56986730600886
      ],
      "start": 17,
      "width": 4.804685196992861,
      "center": 19,
      "series_idx": 0,
      "control_points": [
        0.7301779339939689,
        0.6415918618466872,
        0.8036788280063172
      ],
      "transform_type": "raw",
      "use_relative": true,
      "shift_tolerance": 0.2191217255129156,
      "score": 12.733455246307175
    },
    {
      "pattern": [
        309.74969038595907,
        288.49586271870913,
        265.6812483549872,
        241.30584729479338,
        215.3696595381277,
        187.87268508499014
      ],
      "start": 15,
      "width": 6.395167742368669,
      "center": 18,
      "series_idx": 0,
      "control_points": [
        0.9740556301445255,
        0.8131009578252325,
        0.5907946071855036
      ],