{
  "subject_id": "18",
  "patterns": [
    {
      "pattern": [
        0.5967056797487131,
        0.40412826040024,
        0.34829120674402353,
        0.3651956038294615,
        0.39084253670595165,
        0.3643133751600449,
        0.29553603793280886,
        0.2652849927198278,
        0.35741499195383913,
        0.6557807880675804
      ],
      "start": 12,
      "width": 10,
      "series_idx": 0,
      "control_points": [
        0.5967056797487131,
        0.17328481898150994,
        0.6814332417864001,
        0.011627870020802664,
        0.6557807880675804
      ]
    },
    {
      "pattern": [
        0.8709600882626075,
        0.68757260761919,
        0.5534995477136221,
        0.4616579553498991,
        0.40496487733201675,
        0.37633736046397004,
        0.3686924515497544,
        0.37494719739336524,
        0.38801864479879783,
        0.40082384057004766,
        0.4062798315111098,
        0.3991931976817627,
        0.38192865216491595,
        0.3587404412992623,
        0.33388281142349424,
        0.31161000887630436,
        0.2961762799963852,
        0.29183587112242937,
        0.3028430285931295,
        0.3334519987471781,
        0.3879170279232678
      ],
      "start": 2,
      "width": 21,
      "series_idx": 1,
      "control_points": [
        0.8709600882626075,
        0.16960783689257197,
        0.6468157986143127,
        0.16187989192324176,
        0.3879170279232678
      ]
    },
    {
      "pattern": [
        0.21620124371775426,
        0.44815241266609945,
        0.5711997671803545,
        0.6095449085377852,
        0.5873894380156582,
        0.5289349568912394,
        0.45838306644179483,
        0.3999353679445907,
        0.3733031355478495,
        0.3802363348836188,
        0.41799460445490244,
        0.4838375827647045,
        0.5750249083160287,
        0.6888162196118791,
        0.8224711551552599
      ],
      "start": 4,
      "width": 15,
      "series_idx": 0,
      "control_points": [
        0.21620124371775426,
        0.9032985557637607,
        0.10343805657028705,
        0.4895668028740281,
        0.8224711551552599
      ]
    },
    {
      "pattern": [
        0.7514231566283724,
        0.6665889121013518,
        0.6026978783450896,
        0.5577015498806231,
        0.5295514212289906,
        0.5161989869112298,
        0.5158186026571338,
        0.5317104319978604,
        0.5723004462659329,
        0.6462374780026293,
        0.7621703597492276,
        0.9287479240470059
      ],
      "start": 0,
      "width": 12,
      "series_idx": 1,
      "control_points": [
        0.7514231566283724,
        0.575443900662941,
        0.4553185275834228,
        0.5716460328317161,
        0.9287479240470059
      ]
    },
    {
      "pattern": [
        0.9250755495034697,
        0.9401297063395596,
        0.9364861799941285,
        0.9183943013447794,
        0.8901034012691155,
        0.8558628106447392,
        0.817429109244711,
        0.7665878724239211,
        0.6926319244327169,
        0.5848540895214462,
        0.4325471919404563
      ],
      "start": 12,
      "width": 11,
      "series_idx": 1,
      "control_points": [
        0.9250755495034697,
        0.9681079529246659,
        0.862947642607695,
        0.7294480044389011,
        0.4325471919404563
      ]
    },
    {
      "pattern": [
        0.8292947058398658,
        0.8357003461356167,
        0.6607748342248775,
        0.4764945196375236,
        0.43167169995964366,
        0.5824624650021804,
        0.9618588526322895
      ],
      "start": 8,
      "width": 7,
      "series_idx": 0,
      "control_points": [
        0.8292947058398658,
        0.9836913720821534,
        0.23256219935763275,
        0.45716230775267547,
        0.9618588526322895
      ]
    },
    {
      "pattern": [
        0.011670092512875868,
        0.16753865189008635,
        0.27950142566007385,
        0.35471885295169053,
        0.4003513728937888,
        0.4235594246152207,
        0.4315034472448385,
        0.43134387991149453,
        0.430241161744041,
        0.4351861776853645,
        0.44927006640114425,
        0.471684220279852,
        0.5014504775239937,
        0.5375906763360758,
        0.5791266549186043,
        0.6250802514740854,
        0.6744733042050249,
        0.7263276513139295
      ],
      "start": 1,
      "width": 18,
      "series_idx": 1,
      "control_points": [
        0.011670092512875868,
        0.5222601773135652,
        0.3135954345211325,
        0.5768439869453275,
        0.7263276513139295
      ]
    },
    {
      "pattern": [
        0.9341421714281499,
        0.6697842562851763,
        0.4818970925511985,
        0.3584462546186617,
        0.28739731688001147,
        0.25671585372769323,
        0.2543674395541525,
        0.2683176487518346,
        0.28653205571318513,
        0.2987757571656991,
        0.30201193917707014,
        0.29500331015004144,
        0.2765125784873561,
        0.24530245259175748,
        0.2001356408659887,
        0.1397748517127929,
        0.06298279353491343
      ],
      "start": 0,
      "width": 17,
      "series_idx": 2,
      "control_points": [
        0.9341421714281499,
        0.11652946196151118,
        0.3694144860479709,
        0.2907697887952876,
        0.06298279353491343
      ]
    },
    {
      "pattern": [
        0.5461274306279713,
        0.3823355079906416,
        0.3038131355690524,
        0.2903806054781881,
        0.3218582098330333,
        0.3780662407485725,
        0.43882499033978994,
        0.48395475072167027,
        0.49783425403031756,
        0.4830759924863159,
        0.4468508983313689,
        0.39632990380718036,
        0.338683941155454,
        0.2810839426178937,
        0.23070084043620304
      ],
      "start": 7,
      "width": 15,
      "series_idx": 2,
      "control_points": [
        0.5461274306279713,
        0.04876980753415906,
        0.7763924436588847,
        0.3342643080347524,
        0.23070084043620304
      ]
    },
    {
      "pattern": [
        0.718451837641823,
        0.7478397648923245,
        0.6502568376970359,
        0.5237509225365639,
        0.45897837991853596,
        0.5170295464586658,
        0.7516032527996888
      ],
      "start": 9,
      "width": 7,
      "series_idx": 0,
      "control_points": [
        0.718451837641823,
        0.8440078142754215,
        0.42006360476342974,
        0.4108686663439744,
        0.7516032527996888
      ]
    },
    {
      "pattern": [
        0.6837642406173106,
        0.6560674870753578,
        0.6442448481006087,
        0.645867642011742,
        0.6585071871274365,
        0.679734801766371,
        0.7071218042472245,
        0.7382395128886755,
        0.7706592460094032,
        0.8018383777977092,
        0.8266135674432286,
        0.8372007591369288,
        0.8257019529394011,
        0.7842191489112359,
        0.7048543471130241,
        0.5797095476053568,
        0.40088675044882444,
        0.1604879557040182
      ],
      "start": 0,
      "width": 18,
      "series_idx": 2,
      "control_points": [
        0.6837642406173106,
        0.5805080216903249,
        0.8147879268216589,
        0.9363097595626881,
        0.1604879557040182
      ]
    }
  ]
}