{
  "subject_id": "17",
  "patterns": [
    {
      "pattern": [
        0.01155902578868049,
        0.18275248877066372,
        0.3291554839208356,
        0.4586002369657147,
        0.5789189736318195,
        0.6835717418458003,
        0.7085298783348343,
        0.5753925420262305,
        0.20575889184729793
      ],
      "start": 11,
      "width": 9,
      "series_idx": 0,
      "control_points": [
        0.01155902578868049,
        0.2598249441976517,
        0.582369082037835,
        0.8911127862539565,
        0.20575889184729793
      ]
    },
    {
      "pattern": [
        0.5761615460988979,
        0.48229554312710315,
        0.4158529036711802,
        0.3739826534798278,
        0.3538338183017444,
        0.35255542388562894,
        0.36729649598017994,
        0.3952060603340962,
        0.43343314269607636,
        0.4791267688148192,
        0.5294359644390233,
        0.5815097553173874,
        0.6326988359082856,
        0.6811605755087945,
        0.7252540121256662,
        0.7633381837656525,
        0.7937721284355056,
        0.8149148841419771,
        0.8251254888918195,
        0.8227629806917843,
        0.8061863975486239,
        0.7737547774690902,
        0.723827158459935
      ],
      "start": 0,
      "width": 23,
      "series_idx": 1,
      "control_points": [
        0.5761615460988979,
        0.17822551133829526,
        0.6034183984264039,
        0.9409767130784462,
        0.723827158459935
      ]
    },
    {
      "pattern": [
        0.216690516835213,
        0.45383611785357986,
        0.5630756491847099,
        0.5764387338260446,
        0.5259549947750265,
        0.4436540550290976,
        0.36149291453332205,
        0.30975824302806787,
        0.3170663800490077,
        0.4119610420794362,
        0.6229859456026478,
        0.9786848071019363
      ],
      "start": 0,
      "width": 12,
      "series_idx": 0,
      "control_points": [
        0.216690516835213,
        0.7882783410806232,
        0.3187690883342618,
        0.17650905057982252,
        0.9786848071019363
      ]
    },
    {
      "pattern": [
        0.3933318333053993,
        0.3957039958969296,
        0.3957440066794219,
        0.3965206739286001,
        0.40110280592018843,
        0.41255921092991116,
        0.43395869723349223,
        0.4683700731066559,
        0.5186515551707561,
        0.5828177519966372,
        0.6540396641046327,
        0.7252777003607063,
        0.789492269630822,
        0.8396437807809434,
        0.8686926426770343,
        0.8695992641850585
      ],
      "start": 3,
      "width": 16,
      "series_idx": 2,
      "control_points": [
        0.3933318333053993,
        0.4047347697752928,
        0.3262726411257878,
        0.9083768368451114,
        0.8695992641850585
      ]
    },
    {
      "pattern": [
        0.8264371114336557,
        0.7584211545822145,
        0.6317764106656926,
        0.48898907670610847,
        0.3725453497254806,
        0.32387288681207643,
        0.3600529265778952,
        0.47382028915866725,
        0.6568512547563725,
        0.9008221035729906
      ],
      "start": 6,
      "width": 10,
      "series_idx": 0,
      "control_points": [
        0.8264371114336557,
        0.7896278649663134,
        0.033483229443710516,
        0.49332277783288925,
        0.9008221035729906
      ]
    },
    {
      "pattern": [
        0.1343560357562541,
        0.19288542502650743,
        0.25121085478652405,
        0.30912238933136843,
        0.3664100929561049,
        0.4228640299557981,
        0.4782742646255124,
        0.5324308612603122,
        0.5851238841552623,
        0.6361433976054268,
        0.6848601523087876,
        0.7289676445749955,
        0.7657400571166189,
        0.7924515726462252,
        0.8063763738763832,
        0.8047886435196607,
        0.7849625642886255,
        0.7441723188958465,
        0.6796920900538909
      ],
      "start": 0,
      "width": 19,
      "series_idx": 2,
      "control_points": [
        0.1343560357562541,
        0.31004020712743374,
        0.6615699071266601,
        0.9113935690409535,
        0.6796920900538909
      ]
    },
    {
      "pattern": [
        0.9199048964245904,
        0.755244487173831,
        0.6173973095296202,
        0.5048158421892031,
        0.415952563849825,
        0.34925995320873127,
        0.3031904889631671,
        0.27619664981037756,
        0.2667309144476082,
        0.2732457615721041,
        0.29416091671628014,
        0.32714278262145335,
        0.3691044392378424,
        0.4169262133508359,
        0.46748843174582255,
        0.5176714212081908,
        0.5643555085233287,
        0.6044210204766254,
        0.6347482838534692,
        0.6522176254392484
      ],
      "start": 2,
      "width": 20,
      "series_idx": 0,
      "control_points": [
        0.9199048964245904,
        0.3543924890450204,
        0.07655365764075436,
        0.6205494083133336,
        0.6522176254392484
      ]
    },
    {
      "pattern": [
        0.030067134641044588,
        0.16527538118656807,
        0.2951141624441608,
        0.4107912648033431,
        0.5035144746536357,
        0.564491578384559,
        0.5849303623856336,
        0.5632333956983909,
        0.5265823779724069,
        0.5093537915092685,
        0.5459241186105623,
        0.6706698415778752,
        0.9179674427127944
      ],
      "start": 4,
      "width": 13,
      "series_idx": 1,
      "control_points": [
        0.030067134641044588,
        0.2999916172797027,
        0.880913562427603,
        0.2779027074076256,
        0.9179674427127944
      ]
    }
  ]
}