{
  "subject_id": "21",
  "patterns": [
    {
      "pattern": [
        0.8272867685693805,
        0.6774345364889511,
        0.5774988610471291,
        0.5239630189035901,
        0.5133102867180096,
        0.5420239411500632,
        0.6061971124963303,
        0.6929495647021745,
        0.7804276953617427,
        0.8463877557060859,
        0.8685859969662553,
        0.8247786703733015
      ],
      "start": 9,
      "width": 12,
      "series_idx": 0,
      "control_points": [
        0.8272867685693805,
        0.504651724128561,
        0.39816720836781505,
        0.979190608351215,
        0.8247786703733015
      ]
    },
    {
      "pattern": [
        0.5974480386855499,
        0.5642056413471883,
        0.5164595208319696,
        0.46221488958428625,
        0.40947696004853074,
        0.3662509446690959,
        0.3400198142843496,
        0.32625498279409143,
        0.30841630715955304,
        0.2694414027359412,
        0.19226788487846264,
        0.0598333689423245
      ],
      "start": 11,
      "width": 12,
      "series_idx": 1,
      "control_points": [
        0.5974480386855499,
        0.5546907974155795,
        0.24221121402803603,
        0.3637129092358341,
        0.0598333689423245
      ]
    },
    {
      "pattern": [
        0.12427752446825442,
        0.34946228440241883,
        0.5141390956873136,
        0.6278101883221094,
        0.699977792305977,
        0.7401441376380871,
        0.7578056818075686,
        0.7623261145725932,
        0.7629363579603743,
        0.768861561488084,
        0.7893268746728945,
        0.8335574470319775
      ],
      "start": 12,
      "width": 12,
      "series_idx": 0,
      "control_points": [
        0.12427752446825442,
        0.598388788942213,
        0.8406753498516895,
        0.7250456520923034,
        0.8335574470319775
      ]
    },
    {
      "pattern": [
        0.21792657437930707,
        0.43804471188114236,
        0.5401891743020177,
        0.5588746267949767,
        0.528615734513063,
        0.48392716260932006,
        0.4593235762367919,
        0.4797076025719621,
        0.5315337168850754,
        0.5916443564698163,
        0.6368819586198696,
        0.64408896062892,
        0.5901077997906522
      ],
      "start": 1,
      "width": 13,
      "series_idx": 1,
      "control_points": [
        0.21792657437930707,
        0.7991463012326333,
        0.13172567213124242,
        0.7746966594520495,
        0.5901077997906522
      ]
    },
    {
      "pattern": [
        0.2076297328974654,
        0.4669577299325595,
        0.5943315621199845,
        0.6297455301750636,
        0.6131939348131207,
        0.5846710767494795,
        0.5825097429949155,
        0.6068279053556013,
        0.6195287204331057,
        0.5808538311244495,
        0.45104488032665424,
        0.1903435109367409
      ],
      "start": 9,
      "width": 12,
      "series_idx": 2,
      "control_points": [
        0.2076297328974654,
        0.8284633401204217,
        0.3363168601394882,
        0.8125775123128445,
        0.1903435109367409
      ]
    },
    {
      "pattern": [
        0.5188696610002083,
        0.37175360972747884,
        0.32358438467341505,
        0.3387143249060586,
        0.3814957694934507,
        0.416281057503633,
        0.4205653068510396,
        0.4244147508356758,
        0.47103840160393995,
        0.60364527130223,
        0.8654443720769441
      ],
      "start": 2,
      "width": 11,
      "series_idx": 0,
      "control_points": [
        0.5188696610002083,
        0.1714162976234606,
        0.5981302971251683,
        0.29744733814073476,
        0.8654443720769441
      ]
    },
    {
      "pattern": [
        0.8662457139581691,
        0.2868253451945518,
        0.17527111673833123,
        0.2528861542630059,
        0.2859374043260648,
        0.08565563436898736
      ],
      "start": 8,
      "width": 6,
      "series_idx": 2,
      "control_points": [
        0.8662457139581691,
        0.11049234178802042,
        0.1583980211310249,
        0.4016720576261737,
        0.08565563436898736
      ]
    },
    {
      "pattern": [
        0.7085348677943037,
        0.42546195430216494,
        0.2511057019473333,
        0.1735815322308209,
        0.29261600286926004,
        0.8195468077949027
      ],
      "start": 9,
      "width": 6,
      "series_idx": 0,
      "control_points": [
        0.7085348677943037,
        0.4226929320227213,
        0.11237134742252841,
        0.15042812217370347,
        0.8195468077949027
      ]
    },
    {
      "pattern": [
        0.31439136734046025,
        0.44594827069007537,
        0.5316187862972002,
        0.5776595842343692,
        0.5903273345741173,
        0.5758787073889793,
        0.54057037275149,
        0.4906590007341836,
        0.4324012614095953,
        0.37205382485025956,
        0.3149709725513292,
        0.2628974316984288,
        0.2166755408998006,
        0.17714763876368714,
        0.145156063898331,
        0.12154315491197451,
        0.10715125041286018,
        0.10282268900923053,
        0.10939980930932798
      ],
      "start": 5,
      "width": 19,
      "series_idx": 2,
      "control_points": [
        0.31439136734046025,
        0.7841483290755757,
        0.31579969154013005,
        0.07246758724520248,
        0.10939980930932798
      ]
    },
    {
      "pattern": [
        0.2311496289078036,
        0.2220214067101784,
        0.19600928840144413,
        0.163091216949788,
        0.13324513532339705,
        0.11644898649045825,
        0.1260397555061985,
        0.1887905957740039,
        0.33483370278430025,
        0.5943012720275136,
        0.9973254989940695
      ],
      "start": 0,
      "width": 11,
      "series_idx": 0,
      "control_points": [
        0.2311496289078036,
        0.23554914032001176,
        0.020499504150294848,
        0.18924779734123154,
        0.9973254989940695
      ]
    },
    {
      "pattern": [
        0.21687487806140693,
        0.3576396894352067,
        0.4659883237485207,
        0.54720883320146,
        0.6065892699941356,
        0.6494176863266586,
        0.68098213439914,
        0.7065706664116906,
        0.7314713345644218,
        0.7594019823022096,
        0.7877996180489898,
        0.8125310414734638,
        0.8294630522443325,
        0.8344624500302971,
        0.8233960345000588,
        0.7921306053223185,
        0.7365329621657776
      ],
      "start": 3,
      "width": 17,
      "series_idx": 0,
      "control_points": [
        0.21687487806140693,
        0.6401697686500638,
        0.6824026589346462,
        0.9209102517383313,
        0.7365329621657776
      ]
    },
    {
      "pattern": [
        0.7602072805135478,
        0.7040895671251879,
        0.4428138433474603,
        0.30792953992975236,
        0.39201604698159775,
        0.5486827139726769
      ],
      "start": 1,
      "width": 6,
      "series_idx": 0,
      "control_points": [
        0.7602072805135478,
        0.893908199384467,
        0.021523697739419992,
        0.4314356060324495,
        0.5486827139726769
      ]
    },
    {
      "pattern": [
        0.12488498976827697,
        0.46240973171023664,
        0.6363912294502811,
        0.690216882301388,
        0.6672740895765351,
        0.6109502505886991,
        0.5646327646508582,
        0.5616800679378355,
        0.5953347440718375,
        0.6488104135369164,
        0.7053206968171245,
        0.7480792143965138,
        0.7602995867591371
      ],
      "start": 11,
      "width": 13,
      "series_idx": 1,