{
  "subject_id": "1",
  "patterns": [
    {
      "pattern": [
        0.17652585899161308,
        0.4001835719943016,
        0.5517767403038607,
        0.640489349641488,
        0.6755053857283818,
        0.6660088342857401,
        0.6211836810347611,
        0.5503074638694885,
        0.46303192937535076,
        0.3691023763106219,
        0.27826410343357655,
        0.20026240950248841,
        0.14484259327563206
      ],
      "start": 11,
      "width": 13,
      "series_idx": 0,
      "control_points": [
        0.17652585899161308,
        0.702028486837585,
        0.7780513775575978,
        0.22660348218626353,
        0.14484259327563206
      ]
    },
    {
      "pattern": [
        0.28279573007807646,
        0.32603892194582795,
        0.363696232139127,
        0.3942974362716424,
        0.41637230995704266,
        0.42845062880899654,
        0.4290621684411724,
        0.4167367044672391,
        0.39034215269350275,
        0.35652365335693254,
        0.32970357112516085,
        0.3246424108584576,
        0.35610067741709267,
        0.43883887566133606,
        0.5876175104514575,
        0.8171970866477268
      ],
      "start": 4,
      "width": 16,
      "series_idx": 1,
      "control_points": [
        0.28279573007807646,
        0.3966608748519109,
        0.5472225902473121,
        0.12994654868247663,
        0.8171970866477268
      ]
    },
    {
      "pattern": [
        0.20014620588483184,
        0.47251941375447043,
        0.6370507975949007,
        0.7042045210147997,
        0.6844447476228437,
        0.5900474241519973,
        0.47495950919384117,
        0.4347989731985719,
        0.5669955697406737,
        0.9689790523946312
      ],
      "start": 4,
      "width": 10,
      "series_idx": 0,
      "control_points": [
        0.20014620588483184,
        0.6948194675155344,
        0.8856005742212152,
        0.11494878704256145,
        0.9689790523946312
      ]
    },
    {
      "pattern": [
        0.9436863235684481,
        0.7666299138394922,
        0.622825996994592,
        0.5098830195412961,
        0.4254094279871528,
        0.36701366883971065,
        0.33230418860651795,
        0.3188894337951231,
        0.32445144685425464,
        0.3483649768797843,
        0.3916974796147272,
        0.4555900067432781,
        0.5411836099496324,
        0.649619340917985,
        0.782038251332531,
        0.9395813928774654
      ],
      "start": 1,
      "width": 16,
      "series_idx": 2,
      "control_points": [
        0.9436863235684481,
        0.45748672189727857,
        0.15341338811445443,
        0.5133673736986476,
        0.9395813928774654
      ]
    },
    {
      "pattern": [
        0.5513904332819111,
        0.7803602653704775,
        0.7632073631708731,
        0.7044292363888266,
        0.6190968326482362,
        0.3328545374911702
      ],
      "start": 9,
      "width": 6,
      "series_idx": 0,
      "control_points": [
        0.5513904332819111,
        0.9038423901945505,
        0.6527959259454175,
        0.7058221137510765,
        0.3328545374911702
      ]
    },
    {
      "pattern": [
        0.08720535094177473,
        0.232886871256586,
        0.3506408683768018,
        0.4423467705848023,
        0.509884006162968,
        0.5551320033936792,
        0.5799701905593162,
        0.5862779959422592,
        0.5759348478248886,
        0.550820174489585,
        0.5128134042187281,
        0.46406961226702786,
        0.40784646177851,
        0.34767726286952977,
        0.2870953256564419,
        0.22963396025560162,
        0.17882647678336372,
        0.13820618535608345,
        0.11130639609011585,
        0.10166041910181578,
        0.11280156450753837
      ],
      "start": 3,
      "width": 21,
      "series_idx": 1,
      "control_points": [
        0.08720535094177473,
        0.621444544295894,
        0.696357881771605,
        0.03709330903580865,
        0.11280156450753837
      ]
    },
    {
      "pattern": [
        0.56792626443894,
        0.6746121546794989,
        0.6228427722716652,
        0.48546849104782985,
        0.33537438979736794,
        0.24624376132029235,
        0.2925581124272544,
        0.5488336548858896
      ],
      "start": 9,
      "width": 8,
      "series_idx": 0,
      "control_points": [
        0.56792626443894,
        0.8131560796993064,
        0.35911765375684035,
        0.09838963359714771,
        0.5488336548858896
      ]
    },
    {
      "pattern": [
        0.08225754762551418,
        0.3043080144536986,
        0.4030893061783402,
        0.3640260024218569,
        0.35838822952098875,
        0.7432916605267976
      ],
      "start": 9,
      "width": 6,
      "series_idx": 0,
      "control_points": [
        0.08225754762551418,
        0.31236852029240114,
        0.5629789790335324,
        0.15836999022402087,
        0.7432916605267976
      ]
    }
  ]
}