{
  "subject_id": "11",
  "patterns": [
    {
      "pattern": [
        0.8890641650545323,
        0.7874521256503835,
        0.6942508203445019,
        0.6168985925529742,
        0.5628337856918879,
        0.5394947431773292,
        0.5543198084253852,
        0.6066058742293964,
        0.6630840308917191,
        0.682343918091963,
        0.6229751755097381,
        0.44356744282465393,
        0.10271035971632063
      ],
      "start": 11,
      "width": 13,
      "series_idx": 0,
      "control_points": [
        0.8890641650545323,
        0.6823882477586916,
        0.28070510135317633,
        0.9734807832364963,
        0.10271035971632063
      ]
    },
    {
      "pattern": [
        0.335205450695192,
        0.32677640093692045,
        0.31517307123220956,
        0.3013637900303908,
        0.2863168857807957,
        0.271000686932756,
        0.25638352193560304,
        0.24343371923866838,
        0.23311960729128356,
        0.22640951454278013,
        0.22427176944248964,
        0.2276000884300658,
        0.23557211172257228,
        0.24564940331448298,
        0.2552189151905937,
        0.26166759933570044,
        0.2623824077345991,
        0.25475029237208563,
        0.23615820523295603,
        0.20399309830200624,
        0.15564192356403198,
        0.08849163300382931
      ],
      "start": 2,
      "width": 22,
      "series_idx": 1,
      "control_points": [
        0.335205450695192,
        0.31238848297173055,
        0.11451368898022736,
        0.35946465867117616,
        0.08849163300382931
      ]
    },
    {
      "pattern": [
        0.4365376738986423,
        0.3034676375031104,
        0.21841581832596724,
        0.17265210322372695,
        0.15744637905290382,
        0.164068532670012,
        0.18378845093156565,
        0.20787602069407896,
        0.2279049976992411,
        0.2424381220477663,
        0.25702711819939367,
        0.27752757949903745,
        0.3097950992916117,
        0.35968527092203073,
        0.4330536877352086,
        0.5357559430760594
      ],
      "start": 7,
      "width": 16,
      "series_idx": 2,
      "control_points": [
        0.4365376738986423,
        0.03656471710058837,
        0.3006499977896286,
        0.2374533454435791,
        0.5357559430760594
      ]
    },
    {
      "pattern": [
        0.9290553302602113,
        0.8053921050685473,
        0.7188180138990288,
        0.655407452339004,
        0.6012348159758207,
        0.5423745003968273,
        0.46583267052249866,
        0.3800461859352146,
        0.31488260087926134,
        0.3011412389320511,
        0.36962142367099615,
        0.5511224786735085
      ],
      "start": 6,
      "width": 12,
      "series_idx": 0,
      "control_points": [
        0.9290553302602113,
        0.6598309529696851,
        0.6357808109395029,
        0.09594627124110236,
        0.5511224786735085
      ]
    },
    {
      "pattern": [
        0.9145471143336686,
        0.4802125691703698,
        0.26580038546703083,
        0.1640925139260855,
        0.13133485780434517,
        0.18723727291299863
      ],
      "start": 2,
      "width": 6,
      "series_idx": 1,
      "control_points": [
        0.9145471143336686,
        0.4304180784274531,
        0.14945107545356212,
        0.09746879783863394,
        0.18723727291299863
      ]
    },
    {
      "pattern": [
        0.42386645666504325,
        0.4308996078034044,
        0.521219845513365,
        0.6526062006160176,
        0.7828377039324549,
        0.8633478168496053,
        0.8201877230177397,
        0.5730630366529647,
        0.04167937197138699
      ],
      "start": 5,
      "width": 9,
      "series_idx": 0,
      "control_points": [
        0.42386645666504325,
        0.35895439194449963,
        0.8985065598394487,
        0.9753833041064227,
        0.04167937197138699
      ]
    },
    {
      "pattern": [
        0.360963477126208,
        0.2669351632074556,
        0.23735088170872104,
        0.2523612820068106,
        0.30605668123920154,
        0.4482860675860546,
        0.7428380969882018
      ],
      "start": 12,
      "width": 7,
      "series_idx": 2,
      "control_points": [
        0.360963477126208,
        0.22809669678971528,
        0.2152432852463651,
        0.350861860744797,
        0.7428380969882018
      ]
    },
    {
      "pattern": [
        0.9625569823574771,
        0.9183564046948318,
        0.877498618143464,
        0.8390396207151306,
        0.8020354104215883,
        0.7655419852745945,
        0.7286153432859058,
        0.690311482467279,
        0.6496864008304714,
        0.6057960963872395,
        0.5588945744130885,
        0.5140278692385151,
        0.47744002245776374,
        0.4553750756650794,
        0.45407707045470663,
        0.4797900484208902,
        0.5387580511578747,
        0.637225120259905,
        0.7814352973212256
      ],
      "start": 4,
      "width": 19,
      "series_idx": 0,
      "control_points": [
        0.9625569823574771,
        0.8239970607143818,
        0.6626206311152465,
        0.2739460626040834,
        0.7814352973212256
      ]
    },
    {
      "pattern": [
        0.3869351646754401,
        0.5292898330718672,
        0.6341436983337444,
        0.7052906824117621,
        0.7465247072566105,
        0.7616396948189795,
        0.75442956704956,
        0.7286882458990417,
        0.6882096533181153,
        0.6367877112574709,
        0.5782163416677982,
        0.5166461382983609,
        0.45765438209271286,
        0.40717502579298087,
        0.3711420221412916,
        0.3554893238797721,
        0.366150883750549,
        0.40906065449574924,
        0.4901525888574994,
        0.6153606395779266,
        0.7906187593991573
      ],
      "start": 2,
      "width": 21,
      "series_idx": 0,
      "control_points": [
        0.3869351646754401,
        0.9281675333885469,
        0.6341414346400917,
        0.11641496400246307,
        0.7906187593991573
      ]
    },
    {
      "pattern": [
        0.19788039513824507,
        0.3354829285193859,
        0.4301032162366986,
        0.48818553448586255,
        0.5161741594625574,
        0.5205133673624621,
        0.5076474343812564,
        0.4840206367146195,
        0.45607725055823106,
        0.4302615521077701,
        0.4130178175589162,
        0.40894810845115775,
        0.4152856276992197,
        0.42742136356163585,
        0.4407463042969401,
        0.45065143816366643,
        0.45252775342034873,
        0.4417662383255209,
        0.4137578811377169,
        0.3638936701154705,
        0.2875645935173159
      ],
      "start": 3,
      "width": 21,
      "series_idx": 0,
      "control_points": [
        0.19788039513824507,
        0.7353528893991825,
        0.16274714927080935,
        0.5912240822948635,
        0.2875645935173159
      ]
    },
    {
      "pattern": [
        0.10798959452960914,
        0.3789279440074407,
        0.5729877615712272,
        0.7011771309139334,
        0.7745041357285243,
        0.8039768597079644,
        0.8006033865452188,
        0.7753917999332521,
        0.739350183565029,
        0.7016867273203743,
        0.6644100458265519,
        0.6277288598976858,
        0.5918518903478996,
        0.5569878579913173,
        0.5233454836420628,
        0.49113348811425983,
        0.46056059222203216
      ],
      "start": 2,
      "width": 17,
      "series_idx": 0,