{
  "patterns": [
    {
      "pattern": [
        92.23224855938689,
        97.90143843813755,
        106.68663125555209,
        118.5878270116305,
        133.60502570637283,
        151.73822733977903,
        172.98743191184917,
        197.35263942258314,
        224.83384987198107,
        255.43106326004283,
        289.1442795867685
      ],
      "start": 0,
      "width": 11.18606274260775,
      "center": 5,
      "series_idx": 0,
      "control_points": [
        0.3014125769914604,
        0.3685888581911123,
        0.9449159463619885
      ],
      "transform_type": "wavelet",
      "use_relative": false,
      "shift_tolerance": 0.07579213951377085,
      "score": 19.35455299460563
    },
    {
      "pattern": [
        23.799919963968144,
        41.2163278794603,
        57.930609462662204,
        73.94276471357385,
        89.25279363219526,
        103.86069621852641,
        117.76647247256732,
        130.970122394318,
        143.4716459837784,
        155.27104324094856,
        166.36831416582848,
        176.76345875841812,
        186.4564770187175,
        195.44736894672667,
        203.7361345424456,
        211.32277380587428,
        218.20728673701268,
        224.3896733358608,
        229.86993360241877,
        234.64806753668643,
        238.72407513866386,
        242.09795640835105,
        244.76971134574794
      ],
      "start": 0,
      "width": 22.74208516740684,
      "center": 5,
      "series_idx": 2,
      "control_points": [
        0.07777751622211812,
        0.7164774570652882,
        0.7999010174697645
      ],
      "transform_type": "spectral_entropy",
      "use_relative": false,
      "shift_tolerance": 0.7311978454478365,
      "score": 18.304986637318642
    },
    {
      "pattern": [
        53.62691072966407,
        82.02708325484106,
        105.40578003665787,
        123.76300107511445,
        137.09874637021082,
        145.413015921947,
        148.70580973032295,
        146.97712779533867,
        140.2269701169942,
        128.45533669528953,
        111.66222753022468,
        89.84764262179957,
        63.011581970014255
      ],
      "start": 13,
      "width": 12.974687405000925,
      "center": 19,
      "series_idx": 0,
      "control_points": [
        0.17525134225380415,
        0.78134762454512,
        0.20592020251638646
      ],
      "transform_type": "derivative",
      "use_relative": false,
      "shift_tolerance": 0.9725947102674929,
      "score": 17.28359856553636
    },
    {
      "pattern": [
        209.70123563400568,
        219.11317363481183,
        227.460165377363,
        234.74221086165934,
        240.95931008770074,
        246.11146305548723,
        250.19866976501882,
        253.2209302162955,
        255.17824440931727,
        256.0706123440841,
        255.8980340205961,
        254.66050943885315,
        252.35803859885527,
        248.99062150060251,
        244.55825814409485,
        239.06094852933222,
        232.49869265631477,
        224.87149052504236
      ],
      "start": 8,
      "width": 17.981236344020804,
      "center": 16,
      "series_idx": 1,
      "control_points": [
        0.6852981556666853,
        0.9615317981648402,
        0.7348741520426221
      ],
      "transform_type": "cumsum",
      "use_relative": true,
      "shift_tolerance": 0.8054222311038417,
      "score": 16.646116723662825
    },
    {
      "pattern": [
        283.03451374949714,
        235.45926391169868,
        146.02621107956523,
        14.735355253096797
      ],
      "start": 15,
      "width": 3.714589914727532,
      "center": 16,
      "series_idx": 0,
      "control_points": [
        0.9249493913382258,
        0.7943300367272899,
        0.0481547557290745
      ],
      "transform_type": "cumsum",
      "use_relative": true,
      "shift_tolerance": 0.2849986020166435,
      "score": 15.6200445133424
    },
    {
      "pattern": [
        9.898661526794555,
        49.33156219677008,
        68.3681295586576,
        67.00836361245712,
        45.252264358168645,
        3.0998317957921806
      ],
      "start": 14,
      "width": 5.860968439389438,
      "center": 16,
      "series_idx": 2,
      "control_points": [
        0.03234856708102796,
        0.43783114325765804,
        0.010130169267294709
      ],
      "transform_type": "raw",
      "use_relative": false,
      "shift_tolerance": 0.22837872871587883,
      "score": 15.302653399865768
    },
    {
      "pattern": [
        38.21197509357508,
        134.44285481351903,
        166.78900608884166,
        135.25042891954294,
        39.82712330562289
      ],
      "start": 6,
      "width": 4.660892758795755,
      "center": 8,
      "series_idx": 0,
      "control_points": [
        0.12487573559991855,
        0.9626093561375305,
        0.13015399773079375
      ],
      "transform_type": "derivative",
      "use_relative": true,
      "shift_tolerance": 0.2558600454794556,
      "score": 14.483667041644932
    },
    {
      "pattern": [
        139.22528876817896,
        199.81870174020918,
        194.43306170168063,
        123.06836865259324
      ],
      "start": 6,
      "width": 4.39238692895211,
      "center": 8,
      "series_idx": 0,
      "control_points": [
        0.4549846038175783,
        0.9137245032161548,
        0.4021842112829844
      ],
      "transform_type": "raw",
      "use_relative": true,
      "shift_tolerance": 0.281011633498353,
      "score": 13.895689862708538
    },
    {
      "pattern": [
        34.23903476864042,
        135.64842577729704,
        207.12331523903154
      ],
      "start": 2,
      "width": 2.5205853793516573,
      "center": 3,
      "series_idx": 2,
      "control_points": [
        0.11189227048575301,
        0.492208093303131,
        0.6768735792125213
      ],
      "transform_type": "raw",
      "use_relative": true,
      "shift_tolerance": 0.5642700076593654,
      "score": 13.820308142316183
    },
    {
      "pattern": [
        199.90879318712487,
        192.27790509509074,
        185.93543360666203,
        180.88137872183862,
        177.1157404406205,
        174.63851876300777,
        173.4497136890004,
        173.54932521859834,
        174.93735335180162,
        177.61379808861025,
        181.5786594290242,
        186.8319373730435,
        193.37363192066815,
        201.20374307189815,
        210.32227082673344,
        220.7292151851741,
        232.4245761472201
      ],
      "start": 7,
      "width": 16.69173145954755,
      "center": 15,
      "series_idx": 0,
      "control_points": [
        0.653296709761846,
        0.43695432038049264,
        0.7595574383896082
      ],
      "transform_type": "derivative",
      "use_relative": false,
      "shift_tolerance": 0.7821976461262025,
      "score": 13.679792149846213
    },
    {
      "pattern": [
        221.321368209055,
        215.20793778307575,
        208.11481175739334,
        200.04199013200792,
        190.9894729069196,
        180.95726008212816,
        169.94535165763372,
        157.95374763343628
      ],
      "start": 11,
      "width": 7.693066913746376,
      "center": 14,
      "series_idx": 0,
      "control_points": [
        0.7232724451276308,
        0.6589504216261688,
        0.5161887177563277
      ],
      "transform_type": "derivative",
      "use_relative": true,
      "shift_tolerance": 0.3159597003095327,
      "score": 13.495082454105738
    },
    {
      "pattern": [
        106.79820296729572,
        126.1694506500761,
        149.00414645819401,
        175.30229039164948,
        205.06388245044243
      ],
      "start": 19,
      "width": 4.708319387631247,
      "center": 21,
      "series_idx": 0,
      "control_points": [
        0.34901373518724094,
        0.46430473924025795,
        0.6701434067007923
      ],
      "transform_type": "derivative",
      "use_relative": true,
      "shift_tolerance": 0.22040130771403585,