{
  "patterns": [
    {
      "pattern": [
        57.69097962406933,
        69.22413774769556,
        79.44505731787028,
        88.3537383345935,
        95.95018079786522,
        102.23438470768544,
        107.20635006405416,
        110.86607686697137,
        113.2135651164371,
        114.24881481245129,
        113.97182595501401,
        112.3825985441252,
        109.48113257978491,
        105.26742806199312,
        99.74148499074983,
        92.903303366055,
        84.7528831879087,
        75.2902244563109,
        64.51532717126159,
        52.428191332760775,
        39.02881694080844,
        24.31720399540464,
        8.293352496549335
      ],
      "start": 0,
      "width": 22.63258990670734,
      "center": 0,
      "series_idx": 0,
      "control_points": [
        0.23643844108225134,
        0.7859550451964799,
        0.033989149576021865
      ],
      "transform_type": "derivative",
      "use_relative": false,
      "shift_tolerance": 0.47798721066378413,
      "score": 15.51941836983502
    },
    {
      "pattern": [
        84.65363738463896,
        34.93936143581248,
        45.44148648932338
      ],
      "start": 18,
      "width": 3.28972762793936,
      "center": 19,
      "series_idx": 0,
      "control_points": [
        0.3469411368222908,
        0.019799839896081167,
        0.18623560036607945
      ],
      "transform_type": "derivative",
      "use_relative": false,
      "shift_tolerance": 0.24302625023931046,
      "score": 14.77521905329593
    },
    {
      "pattern": [
        194.64313279016937,
        196.86149297097842,
        198.34971514312116,
        199.10779930659783,
        199.1357454614083,
        198.4335536075526,
        197.00122374503073,
        194.8387558738427,
        191.94614999398843,
        188.323406105468,
        183.97052420828146,
        178.88750430242874,
        173.0743463879098,
        166.53105046472467,
        159.2576165328734,
        151.25404459235597,
        142.52033464317233,
        133.05648668532254,
        122.86250071880659,
        111.93837674362445,
        100.2841147597761,
        87.89971476726163,
        74.78517676608097
      ],
      "start": 0,
      "width": 22.70858784346633,
      "center": 6,
      "series_idx": 2,
      "control_points": [
        0.7977177573367598,
        0.9141838271587388,
        0.30649662609049577
      ],
      "transform_type": "wavelet",
      "use_relative": false,
      "shift_tolerance": 0.6128824802714801,
      "score": 14.225044849974573
    },
    {
      "pattern": [
        229.63081910185116,
        153.14600226705164,
        119.40276947616432,
        128.40112072918924
      ],
      "start": 15,
      "width": 3.7819750595269,
      "center": 16,
      "series_idx": 1,
      "control_points": [
        0.941109914351849,
        0.33953854842917075,
        0.5262341013491363
      ],
      "transform_type": "cumsum",
      "use_relative": false,
      "shift_tolerance": 0.7116935967207825,
      "score": 13.926026331544566
    },
    {
      "pattern": [
        215.8964031519126,
        92.97388803962038
      ],
      "start": 8,
      "width": 2.075866164295438,
      "center": 9,
      "series_idx": 0,
      "control_points": [
        0.8848213243930845,
        0.11931247704554751,
        0.3810405247525425
      ],
      "transform_type": "derivative",
      "use_relative": false,
      "shift_tolerance": 0.25046236215418743,
      "score": 13.360384088341847
    },
    {
      "pattern": [
        151.24075147129165,
        41.38924843987477
      ],
      "start": 21,
      "width": 2.0550514934237136,
      "center": 22,
      "series_idx": 0,
      "control_points": [
        0.6198391453741461,
        0.607357369002038,
        0.16962806737653593
      ],
      "transform_type": "raw",
      "use_relative": false,
      "shift_tolerance": 0.2748229368410209,
      "score": 12.833347159179999
    },
    {
      "pattern": [
        64.68511948359507,
        50.45552832140618,
        66.2629360736232,
        112.10734274024614,
        187.98874832127498
      ],
      "start": 19,
      "width": 5.364530484867088,
      "center": 21,
      "series_idx": 0,
      "control_points": [
        0.2651029487032585,
        0.02536450100332531,
        0.7704456898412909
      ],
      "transform_type": "raw",
      "use_relative": true,
      "shift_tolerance": 0.3273842785621124,
      "score": 12.472215633733978
    },
    {
      "pattern": [
        187.28049652567012,
        192.32086992758644,
        193.52165170898235,
        190.8828418698579,
        184.404440410213,
        174.0864473300477,
        159.92886262936202,
        141.9316863081559,
        120.09491836642938,
        94.41855880418245
      ],
      "start": 13,
      "width": 9.997415898466176,
      "center": 17,
      "series_idx": 0,
      "control_points": [
        0.7675430185478284,
        0.8959067950019037,
        0.38696130657451827
      ],
      "transform_type": "raw",
      "use_relative": false,
      "shift_tolerance": 0.9287874435379452,
      "score": 12.229974907174554
    },
    {
      "pattern": [
        5.105133541930869,
        34.180929346654416,
        56.72605321336126,
        72.7405051420514,
        82.22428513272484,
        85.17739318538158,
        81.59982930002161,
        71.49159347664494
      ],
      "start": 12,
      "width": 8.420287922165627,
      "center": 16,
      "series_idx": 0,
      "control_points": [
        0.02092267845053635,
        0.4848323555327562,
        0.292998333920676
      ],
      "transform_type": "spectral_entropy",
      "use_relative": false,
      "shift_tolerance": 0.9702793657141111,
      "score": 12.136525474842344
    },
    {
      "pattern": [
        140.30629471843727,
        145.19596957310333,
        150.26844804373587,
        155.52373013033485,
        160.9618158329003,
        166.58270515143218,
        172.3863980859305,
        178.37289463639524,
        184.54219480282651,
        190.8942985852242
      ],
      "start": 13,
      "width": 9.52233126162354,
      "center": 17,
      "series_idx": 0,
      "control_points": [
        0.5750257980263822,
        0.6635185386414348,
        0.7823536827263287
      ],
      "transform_type": "derivative",
      "use_relative": true,
      "shift_tolerance": 0.3349868161879733,
      "score": 11.892698267421355
    },
    {
      "pattern": [
        125.01338630112376,
        109.50034215896137,
        101.66202381656568,
        101.49843127393673,
        109.00956453107453,
        124.19542358797904
      ],
      "start": 9,
      "width": 5.507752645913463,
      "center": 11,
      "series_idx": 0,
      "control_points": [
        0.5123499438570646,
        0.31408757662298903,
        0.5089976376556518
      ],
      "transform_type": "raw",
      "use_relative": false,
      "shift_tolerance": 0.21024519667868358,
      "score": 11.63560322998438
    },
    {
      "pattern": [
        72.14038893073936,
        85.85005222987373
      ],
      "start": 0,
      "width": 2.2753913843237994,
      "center": 1,
      "series_idx": 0,
      "control_points": [
        0.29565733168335806,
        0.3505156667932968,
        0.3518444763519415
      ],
      "transform_type": "cumsum",
      "use_relative": true,
      "shift_tolerance": 0.33677393433140856,
      "score": 11.626762066992624
    }
  ],
  "subject_id": "13",
  "n_patterns": 12,
  "performance": {
    "rmse": 12.6775476840095,
    "processing_time": 301.71653389930725
  }
}