{
  "patterns": [
    {
      "pattern": [
        327.1453630362615,
        327.96304818141573,
        327.6715420300001,
        326.2708445820151,
        323.76095583746024,
        320.14187579633597,
        315.41360445864194,
        309.57614182437834,
        302.629487893545,
        294.57364266614195,
        285.4086061421695,
        275.13437832162725,
        263.7509592045155,
        251.25834879083396,
        237.65654708058287,
        222.9455540737621,
        207.12536977037175,
        190.19599417041175,
        172.1574272738821,
        153.0096690807828,
        132.75271959111384,
        111.38657880487528,
        88.91124672206709
      ],
      "start": 0,
      "width": 23.434096952994317,
      "center": 8,
      "series_idx": 0,
      "control_points": [
        0.8178634075906537,
        0.8556011294102258,
        0.22227811680516774
      ],
      "transform_type": "derivative",
      "use_relative": false,
      "shift_tolerance": 0.12235575884177147,
      "score": 24.427741518398225
    },
    {
      "pattern": [
        230.5486022461772,
        157.21202207563516,
        179.0611108732795,
        296.09586863911034
      ],
      "start": 8,
      "width": 3.948222727865328,
      "center": 9,
      "series_idx": 1,
      "control_points": [
        0.576371505615443,
        0.12288620066056062,
        0.7402396715977758
      ],
      "transform_type": "raw",
      "use_relative": false,
      "shift_tolerance": 0.447681709553176,
      "score": 22.650651054607827
    },
    {
      "pattern": [
        37.869226567868765,
        37.82841018938106,
        76.37913880051693,
        153.5214124012764
      ],
      "start": 18,
      "width": 3.846081062312937,
      "center": 19,
      "series_idx": 0,
      "control_points": [
        0.09467306641967191,
        0.022160858144798803,
        0.383803531003191
      ],
      "transform_type": "derivative",
      "use_relative": false,
      "shift_tolerance": 0.23685143331604536,
      "score": 21.088301891833833
    },
    {
      "pattern": [
        102.87996927333036,
        86.43278328925098,
        75.09826312870278,
        68.87640879168576,
        67.76722027819989,
        71.77069758824517,
        80.88684072182161,
        95.11564967892923,
        114.45712445956804,
        138.911265063738
      ],
      "start": 7,
      "width": 9.969980531728007,
      "center": 11,
      "series_idx": 0,
      "control_points": [
        0.2571999231833259,
        0.043410335605070176,
        0.34727816265934497
      ],
      "transform_type": "raw",
      "use_relative": true,
      "shift_tolerance": 0.14003370153324057,
      "score": 20.158220932161008
    },
    {
      "pattern": [
        280.7771249449013,
        283.4152989987151,
        282.4006322328861,
        277.7331246474145,
        269.4127762423002,
        257.4395870175433,
        241.81355697314356,
        222.53468610910124,
        199.60297442541625,
        173.01842192208858,
        142.7810285991182,
        108.89079445650509,
        71.34771949424939,
        30.151803712350983
      ],
      "start": 1,
      "width": 14.26759901724553,
      "center": 8,
      "series_idx": 0,
      "control_points": [
        0.7019428123622532,
        0.7744924723963236,
        0.07537950928087746
      ],
      "transform_type": "cumsum",
      "use_relative": false,
      "shift_tolerance": 0.8542557827494383,
      "score": 19.537347361454053
    },
    {
      "pattern": [
        288.9322493260927,
        309.85116656133306
      ],
      "start": 10,
      "width": 2.1661942571478185,
      "center": 11,
      "series_idx": 0,
      "control_points": [
        0.7223306233152318,
        0.7073699982670986,
        0.7746279164033326
      ],
      "transform_type": "derivative",
      "use_relative": false,
      "shift_tolerance": 0.3114272003078612,
      "score": 18.95786968682967
    },
    {
      "pattern": [
        348.30223021234684,
        309.78141467066666,
        278.2711471641233,
        253.7714276927169,
        236.28225625644737,
        225.8036328553147,
        222.33555748931897,
        225.87803015846012,
        236.43105086273812,
        253.99461960215305,
        278.5687363767048,
        310.1534011863935
      ],
      "start": 14,
      "width": 12.493487593315711,
      "center": 20,
      "series_idx": 0,
      "control_points": [
        0.8707555755308671,
        0.2928968440911982,
        0.7753835029659838
      ],
      "transform_type": "spectral_entropy",
      "use_relative": false,
      "shift_tolerance": 0.36666348182186365,
      "score": 18.553264806794008
    },
    {
      "pattern": [
        336.114008964079,
        233.63699891731002,
        305.7059319809506
      ],
      "start": 20,
      "width": 2.627095639293632,
      "center": 21,
      "series_idx": 1,
      "control_points": [
        0.8402850224101975,
        0.3659100684052632,
        0.7642648299523765
      ],
      "transform_type": "derivative",
      "use_relative": false,
      "shift_tolerance": 0.16735605211151477,
      "score": 18.323567211440167
    },
    {
      "pattern": [
        343.7665144451479,
        337.1244497032885,
        327.57227966126925,
        315.1100043190904,
        299.73762367675204,
        281.45513773425404
      ],
      "start": 3,
      "width": 5.690539286946599,
      "center": 5,
      "series_idx": 1,
      "control_points": [
        0.8594162861128698,
        0.8269974605392465,
        0.703637844335635
      ],
      "transform_type": "fft_power",
      "use_relative": false,
      "shift_tolerance": 0.5615785976084902,
      "score": 18.221298564327718
    },
    {
      "pattern": [
        342.96190517507694,
        270.3745504088499,
        223.09611075509847,
        201.12658621382255,
        204.46597678502232,
        233.11428246869758,
        287.07150326484856
      ],
      "start": 2,
      "width": 7.392431580155338,
      "center": 5,
      "series_idx": 1,
      "control_points": [
        0.8574047629376924,
        0.21809117051920598,
        0.7176787581621213
      ],
      "transform_type": "raw",
      "use_relative": true,
      "shift_tolerance": 0.22902877938777966,
      "score": 17.99461457495271
    },
    {
      "pattern": [
        27.325636082264857,
        31.672989327309104,
        39.259999788591614,
        50.08666746611241,
        64.15299235987145,
        81.45897446986878,
        102.00461379610437,
        125.78991033857821,
        152.81486409729035,
        183.07947507224077
      ],
      "start": 16,
      "width": 10.483259063300139,
      "center": 21,
      "series_idx": 2,
      "control_points": [
        0.06831409020566215,
        0.09899874237106965,
        0.4576986876806019
      ],
      "transform_type": "raw",
      "use_relative": false,
      "shift_tolerance": 0.22956637174715824,
      "score": 17.893410643901763
    },
    {
      "pattern": [
        88.21065224740269,
        121.57406144204788,
        138.63105376291008,
        139.38162920998937,
        123.82578778328572
      ],
      "start": 21,
      "width": 5.220580487512736,
      "center": 23,
      "series_idx": 0,
      "control_points": [
        0.22052663061850672,
        0.42810971877619,
        0.3095644694582143
      ],
      "transform_type": "fft_power",
      "use_relative": false,
      "shift_tolerance": 0.1325158414094332,
      "score": 17.696071211500627
    },
    {
      "pattern": [
        176.68126207564566,
        185.81092937109696,
        184.2320903050387,
        171.9447448774708,
        148.94889308839345,
        115.2445349378065,
        70.83167042570999
      ],
      "start": 9,
      "width": 6.549095789671746,
      "center": 12,
      "series_idx": 0,
      "control_points": [
        0.4417031551891142,
        0.5503325587606596,
        0.17707917606427495
      ],