{
  "subject_id": "19",
  "patterns": [
    {
      "pattern": [
        0.060587684458332555,
        0.33041729218271343,
        0.5469913127388518,
        0.7134740963087188,
        0.8330299930742854,
        0.8962587972150854,
        0.8435020789009042,
        0.6025368522990898,
        0.10114013157699023
      ],
      "start": 12,
      "width": 9,
      "series_idx": 0,
      "control_points": [
        0.060587684458332555,
        0.45727059739498915,
        0.9497300907338303,
        0.9753891934344917,
        0.10114013157699023
      ]
    },
    {
      "pattern": [
        0.3783836194030175,
        0.4981061317910744,
        0.5889424317074388,
        0.6543237850845139,
        0.6976814578547017,
        0.7224467159504052,
        0.7320508253040268,
        0.7299250518479694,
        0.7195006615146351,
        0.7042089202364268,
        0.6874810939457472,
        0.6726036047778396,
        0.6595314675332854,
        0.6448882896780053,
        0.6251528348807592,
        0.5968038668103086,
        0.5563201491354139,
        0.500180445524836,
        0.4248635196473359,
        0.32684813517167416,
        0.20261305576661132,
        0.048637045100908334
      ],
      "start": 2,
      "width": 22,
      "series_idx": 1,
      "control_points": [
        0.3783836194030175,
        0.8519664281744809,
        0.611464714366922,
        0.6437078211901007,
        0.048637045100908334
      ]
    },
    {
      "pattern": [
        0.48356969231909863,
        0.43227723451200484,
        0.3883063577740047,
        0.3544911240721329,
        0.3336655953734239,
        0.32866383364491203,
        0.3423199008536318,
        0.3774678589666175,
        0.43551581481668505,
        0.5121680546997762,
        0.6017029097776139,
        0.6983987112119212,
        0.796533790164421,
        0.8903864777968369,
        0.9742351052708915
      ],
      "start": 0,
      "width": 15,
      "series_idx": 1,
      "control_points": [
        0.48356969231909863,
        0.35754971660740786,
        0.17880591051766395,
        0.7947098982237343,
        0.9742351052708915
      ]
    },
    {
      "pattern": [
        0.7256092806092009,
        0.6239750795483759,
        0.5489555342048783,
        0.49791970666497876,
        0.46823665901494743,
        0.45727545334105474,
        0.4624051517295713,
        0.4809948162667675,
        0.5104135090389137,
        0.5480302921322804,
        0.5912142276331381,
        0.6373343776277572,
        0.6839847138588352,
        0.7296588466947772,
        0.7730752961604161,
        0.8129525822805841,
        0.8480092250801134,
        0.8769637445838366,
        0.8985346608165863,
        0.9114404938031945,
        0.914399763568494,
        0.9061309901373168,
        0.8853526935344956
      ],
      "start": 1,
      "width": 23,
      "series_idx": 2,
      "control_points": [
        0.7256092806092009,
        0.300941417120962,
        0.6311779665971151,
        0.9860401601958366,
        0.8853526935344956
      ]
    },
    {
      "pattern": [
        0.06495883225323654,
        0.5170517422762986,
        0.4960593546567148,
        0.29478613858296404,
        0.16445162224156804,
        0.1899355698112199,
        0.41453280446865604
      ],
      "start": 8,
      "width": 7,
      "series_idx": 0,
      "control_points": [
        0.06495883225323654,
        0.8511958808271142,
        0.1260006774814964,
        0.07594731854174913,
        0.41453280446865604
      ]
    },
    {
      "pattern": [
        0.9833454150869302,
        0.5830899932607938,
        0.5766032459615018,
        0.6598036139354557,
        0.5900975132312583,
        0.37084326110631805,
        0.0668871501202446
      ],
      "start": 2,
      "width": 7,
      "series_idx": 1,
      "control_points": [
        0.9833454150869302,
        0.2848451362461717,
        0.981395279905985,
        0.39157875968368105,
        0.0668871501202446
      ]
    },
    {
      "pattern": [
        0.7574861443766231,
        0.6185922596628857,
        0.5355612432833999,
        0.4988480694615651,
        0.49890771242078075,
        0.5261951463844463,
        0.5711653455759612,
        0.6242732842187252,
        0.6759739365361377,
        0.716835930500167,
        0.7400419302998676,
        0.7413886363413797,
        0.7167864027794124,
        0.6621455837686747,
        0.5733765334638757,
        0.4463896060197247,
        0.2770951555909306,
        0.061403536332202746
      ],
      "start": 6,
      "width": 18,
      "series_idx": 2,
      "control_points": [
        0.7574861443766231,
        0.27579966098072206,
        0.887666810691937,
        0.7421215567060016,
        0.061403536332202746
      ]
    },
    {
      "pattern": [
        0.20113509858590195,
        0.15965698431162753,
        0.14419239377803023,
        0.1457946060451908,
        0.15551690017319014,
        0.164412555222109,
        0.16353485025202827,
        0.1503954947601153,
        0.14833991999188387,
        0.18717198762993456,
        0.29669555935686764,
        0.5067144968552838,
        0.8470326618077837
      ],
      "start": 1,
      "width": 13,
      "series_idx": 0,
      "control_points": [
        0.20113509858590195,
        0.08620086567006313,
        0.27585533600554135,
        0.01622786332696724,
        0.8470326618077837
      ]
    },
    {
      "pattern": [
        0.8479825554216907,
        0.6193022355251359,
        0.5162611207051517,
        0.5009946792720388,
        0.5356383795360975,
        0.5823276898076283,
        0.6031980783969316,
        0.5698123573545133,
        0.4914427136917006,
        0.38678867816002604,
        0.27454978151102233,
        0.17342555449622185,
        0.10211552786715734
      ],
      "start": 11,
      "width": 13,
      "series_idx": 0,
      "control_points": [
        0.8479825554216907,
        0.23973968942554377,
        0.9852987986284937,
        0.20245502690519526,
        0.10211552786715734
      ]
    },
    {
      "pattern": [
        0.6273308529945102,
        0.6482220781149403,
        0.7094002356989814,
        0.7168874249365917,
        0.6014758020059353,
        0.3930377510379977,
        0.1462157131519697
      ],
      "start": 9,
      "width": 7,
      "series_idx": 0,
      "control_points": [
        0.6273308529945102,
        0.596752644946454,
        0.9383907286713002,
        0.3940155974573123,
        0.1462157131519697
      ]
    },
    {
      "pattern": [
        0.8841591495381209,
        0.8699686244183852,
        0.8422635967860767,
        0.7493309952254472,
        0.5582848406458654,
        0.31154752325716045,
        0.07036852559427759
      ],
      "start": 6,
      "width": 7,
      "series_idx": 0,
      "control_points": [
        0.8841591495381209,
        0.8594881852027556,
        0.9247419632415497,
        0.28835186921593414,
        0.07036852559427759
      ]
    }
  ]
}