{
  "subject_id": "4",
  "patterns": [
    {
      "pattern": [
        0.2907900047779328,
        0.3778778812633937,
        0.4350269441435351,
        0.46802683979847415,
        0.48266721460832784,
        0.48473771495321333,
        0.4800279872132478,
        0.47432767776854834,
        0.4734264329992321,
        0.4812022432877976,
        0.49388647502626926,
        0.5057988386090528,
        0.5112590444305543,
        0.5045868028851792,
        0.4801018243673338,
        0.4321238192714236,
        0.3549724979918546
      ],
      "start": 7,
      "width": 17,
      "series_idx": 0,
      "control_points": [
        0.2907900047779328,
        0.5680891125508032,
        0.3604801817405622,
        0.6046562559650008,
        0.3549724979918546
      ]
    },
    {
      "pattern": [
        0.9867188867511631,
        0.8712233822594541,
        0.7834035922940624,
        0.7192855325416543,
        0.6748952186888959,
        0.6462586664224534,
        0.6294018914289933,
        0.6203509093951812,
        0.6151317360076839,
        0.6097703869531672,
        0.6016386292120118,
        0.5934912349394551,
        0.5894287275844489,
        0.5935516305959446,
        0.6099604674228942,
        0.6427557615142495,
        0.6960380363189619,
        0.7739078152859836,
        0.8804656218642659
      ],
      "start": 5,
      "width": 19,
      "series_idx": 1,
      "control_points": [
        0.9867188867511631,
        0.5947448171732261,
        0.6653385466879334,
        0.5136596372635761,
        0.8804656218642659
      ]
    },
    {
      "pattern": [
        0.042937629160480474,
        0.24887035806997113,
        0.4411937945968028,
        0.5821552005629392,
        0.635142116874534,
        0.5897685033741201,
        0.4618747388406084,
        0.2684414811371007
      ],
      "start": 8,
      "width": 8,
      "series_idx": 0,
      "control_points": [
        0.042937629160480474,
        0.2764496130422008,
        0.8420593178034335,
        0.5257413969713733,
        0.2684414811371007
      ]
    },
    {
      "pattern": [
        0.8635174562495785,
        0.5167834742070192,
        0.30149038028480596,
        0.18692867244276162,
        0.1423888486407094,
        0.13716140683847253,
        0.14115119443733035,
        0.13839309599205457,
        0.1270520332109092,
        0.10590727724361441,
        0.07373809923989047,
        0.029323770349457594
      ],
      "start": 3,
      "width": 12,
      "series_idx": 2,
      "control_points": [
        0.8635174562495785,
        0.08858409048112825,
        0.1737337930628312,
        0.12272076259212766,
        0.029323770349457594
      ]
    },
    {
      "pattern": [
        0.2585947401902868,
        0.3939047613805887,
        0.5071613343421328,
        0.6001118340945379,
        0.6745036356574226,
        0.7320841140504056,
        0.7746006442931059,
        0.8038006014051422,
        0.821431360406133,
        0.8292402963156972,
        0.8289747841534536,
        0.8223816345972248,
        0.8111946784635214,
        0.7971347667075434,
        0.7819221859426936,
        0.7672772227823753,
        0.7549201638399914,
        0.7465712957289455,
        0.7439509050626409,
        0.7487792784544806,
        0.7627767025178677,
        0.7876634638662053
      ],
      "start": 1,
      "width": 22,
      "series_idx": 1,
      "control_points": [
        0.2585947401902868,
        0.7728119529462251,
        0.9265661240802622,
        0.6794964578493892,
        0.7876634638662053
      ]
    },
    {
      "pattern": [
        0.5663359418683401,
        0.5691949245004877,
        0.5871303971735145,
        0.6123332076700002,
        0.6369942037725246,
        0.6533042332636668,
        0.6534541439260066,
        0.6321277649371814,
        0.5939808510550593,
        0.5461621384325667,
        0.49582036322262985,
        0.4501042615781747,
        0.4161625696521277
      ],
      "start": 0,
      "width": 13,
      "series_idx": 0,
      "control_points": [
        0.5663359418683401,
        0.5517713156134751,
        0.7972697702033443,
        0.4675057196838628,
        0.4161625696521277
      ]
    },
    {
      "pattern": [
        0.156068671543729,
        0.2694446250699609,
        0.3487534020942522,
        0.3958825835339835,
        0.4127197503065357,
        0.4011524833292892,
        0.363068363519625,
        0.30275981882514824,
        0.2341386653143622,
        0.17352156608599498,
        0.13722518423877444,
        0.14156618287142853,
        0.20286122508268528
      ],
      "start": 0,
      "width": 13,
      "series_idx": 2,
      "control_points": [
        0.156068671543729,
        0.41814614237638714,
        0.5108439950098478,
        0.012439321682417265,
        0.20286122508268528
      ]
    },
    {
      "pattern": [
        0.9945183282043683,
        0.9380565723254215,
        0.8929143118196443,
        0.8584964541318713,
        0.8342079067069378,
        0.8194535769896779,
        0.8136383724249264,
        0.8161672004575181,
        0.8258324941290373,
        0.8389767888680676,
        0.8513301456999423,
        0.8586226256499948,
        0.8565842897435585,
        0.8409451990059669,
        0.8074354144625531
      ],
      "start": 9,
      "width": 15,
      "series_idx": 1,
      "control_points": [
        0.9945183282043683,
        0.8491053034529988,
        0.7528841901130665,
        0.9097951181509406,
        0.8074354144625531
      ]
    },
    {
      "pattern": [
        0.039909491485783516,
        0.3265951890823901,
        0.45114963418216364,
        0.5796795291795691,
        0.7071150029582621,
        0.6572096108910909
      ],
      "start": 11,
      "width": 6,
      "series_idx": 0,
      "control_points": [
        0.039909491485783516,
        0.39457702861005994,
        0.40457790575619834,
        0.8237141607009032,
        0.6572096108910909
      ]
    },
    {
      "pattern": [
        0.5036661765633994,
        0.8107599775166824,
        0.870810184639844,
        0.764365478959988,
        0.5992653748737751,
        0.592512720256094,
        0.9884011963513913
      ],
      "start": 1,
      "width": 7,
      "series_idx": 0,
      "control_points": [
        0.5036661765633994,
        0.9611313347741106,
        0.8932848266238591,
        0.309760927818123,
        0.9884011963513913
      ]
    },
    {
      "pattern": [
        0.29730838025026207,
        0.4290319471196736,
        0.40316475578612787,
        0.30236591602740737,
        0.20951364252504764,
        0.21252556274691023,
        0.4043587169471826,
        0.8781892502838058
      ],
      "start": 8,
      "width": 8,
      "series_idx": 0,
      "control_points": [
        0.29730838025026207,
        0.575059026574327,
        0.14954002496777047,
        0.12465332266678625,
        0.8781892502838058
      ]
    }
  ]
}