{
  "patterns": [
    {
      "pattern": [
        113.85942673219179,
        126.94643763617212,
        139.4077634798868,
        151.2434042633359,
        162.45335998651933,
        173.03763064943715,
        182.9962162520893,
        192.32911679447594,
        201.03633227659685,
        209.11786269845214,
        216.57370806004187,
        223.40386836136594,
        229.60834360242436,
        235.1871337832172,
        240.14023890374438,
        244.4676589640059,
        248.16939396400184,
        251.2454439037321,
        253.6958087831968,
        255.52048860239586,
        256.71948336132925,
        257.2927930599971,
        257.24041769839926
      ],
      "start": 0,
      "width": 23.428563898687788,
      "center": 2,
      "series_idx": 0,
      "control_points": [
        0.3661074814539929,
        0.8400572813743933,
        0.8271396067472645
      ],
      "transform_type": "raw",
      "use_relative": false,
      "shift_tolerance": 0.5018277419354229,
      "score": 21.39998565352418
    },
    {
      "pattern": [
        74.175490628798,
        78.20894525248714,
        83.8499383093617,
        91.09846979942164,
        99.95453972266698,
        110.41814807909775,
        122.48929486871388,
        136.1679800915155,
        151.45420374750245,
        168.34796583667477,
        186.84926635903255,
        206.95810531457576,
        228.67448270330434,
        251.9983985252183,
        276.92985278031773
      ],
      "start": 2,
      "width": 14.602701372084482,
      "center": 9,
      "series_idx": 1,
      "control_points": [
        0.2385064007356849,
        0.311200284496698,
        0.89044968739652
      ],
      "transform_type": "raw",
      "use_relative": false,
      "shift_tolerance": 0.5078799531515434,
      "score": 20.312365960363643
    },
    {
      "pattern": [
        84.29834179125595,
        117.19752355447913,
        272.10163231283826
      ],
      "start": 9,
      "width": 2.6383421208428213,
      "center": 10,
      "series_idx": 0,
      "control_points": [
        0.2710557613866751,
        0.1806915114370134,
        0.8749248627422452
      ],
      "transform_type": "derivative",
      "use_relative": false,
      "shift_tolerance": 0.3680588578516202,
      "score": 19.318394808784838
    },
    {
      "pattern": [
        30.530311075264226,
        28.76667229045058,
        29.569677314313473,
        32.939326146852906,
        38.87561878806889,
        47.378555237961415,
        58.44813549653048,
        72.08435956377609,
        88.28722743969826,
        107.05673912429695,
        128.3928946175722,
        152.29569391952398,
        178.76513703015235,
        207.8012239494572,
        239.40395467743863,
        273.5733292140966,
        310.3093475594311
      ],
      "start": 6,
      "width": 16.92493745339045,
      "center": 14,
      "series_idx": 0,
      "control_points": [
        0.09816820281435443,
        0.019789792804015605,
        0.9977792526026723
      ],
      "transform_type": "derivative",
      "use_relative": true,
      "shift_tolerance": 0.8796813610951865,
      "score": 18.20623954358231
    },
    {
      "pattern": [
        87.8011490062972,
        95.81274507229905,
        103.7958438492933,
        111.75044533727997,
        119.67654953625906,
        127.57415644623056,
        135.44326606719446,
        143.28387839915075,
        151.09599344209948,
        158.87961119604063,
        166.63473166097415,
        174.3613548369001
      ],
      "start": 9,
      "width": 12.437887894428727,
      "center": 15,
      "series_idx": 1,
      "control_points": [
        0.2823188070942032,
        0.42425496756938347,
        0.5606474432054666
      ],
      "transform_type": "wavelet",
      "use_relative": false,
      "shift_tolerance": 0.3635188323570027,
      "score": 17.71697799680382
    },
    {
      "pattern": [
        231.73614760493908,
        186.7961458250685,
        117.2214774922029,
        23.012142606342426
      ],
      "start": 17,
      "width": 3.520733555519669,
      "center": 18,
      "series_idx": 0,
      "control_points": [
        0.7451323074113797,
        0.5877882471057212,
        0.07399402767312677
      ],
      "transform_type": "cumsum",
      "use_relative": true,
      "shift_tolerance": 0.2719136893458204,
      "score": 16.914516720374905
    },
    {
      "pattern": [
        62.7454891502446,
        80.45954480276069,
        109.83476471045485,
        150.87114887332714,
        203.5686972913776,
        267.92740996460606
      ],
      "start": 11,
      "width": 5.637223974786085,
      "center": 13,
      "series_idx": 0,
      "control_points": [
        0.2017539844059312,
        0.2972802989149907,
        0.8615029259312093
      ],
      "transform_type": "raw",
      "use_relative": false,
      "shift_tolerance": 0.3983904580054399,
      "score": 16.25459901087191
    },
    {
      "pattern": [
        124.50417672301909,
        111.38508963480425,
        109.20625111303752,
        117.96766115771908,
        137.66931976884882,
        168.31122694642673
      ],
      "start": 14,
      "width": 6.350926348600822,
      "center": 17,
      "series_idx": 0,
      "control_points": [
        0.40033497338591345,
        0.25090401380842975,
        0.5411936557762917
      ],
      "transform_type": "raw",
      "use_relative": true,
      "shift_tolerance": 0.26302564680132917,
      "score": 15.934482401097906
    },
    {
      "pattern": [
        97.15118717588379,
        213.92264341331963,
        300.46896396895687
      ],
      "start": 16,
      "width": 2.918509793499468,
      "center": 17,
      "series_idx": 0,
      "control_points": [
        0.3123832385076649,
        0.7364476246116364,
        0.9661381478101507
      ],
      "transform_type": "derivative",
      "use_relative": false,
      "shift_tolerance": 0.35206322230248704,
      "score": 15.603169573293467
    },
    {
      "pattern": [
        255.7750981047357,
        259.3520482413598,
        259.2786092635598,
        255.5547811713357,
        248.18056396468748
      ],
      "start": 15,
      "width": 4.5503297381848355,
      "center": 17,
      "series_idx": 0,
      "control_points": [
        0.8224279681824299,
        0.8571684485286433,
        0.7980082442594453
      ],
      "transform_type": "fft_power",
      "use_relative": false,
      "shift_tolerance": 0.09190694564654,
      "score": 15.425492419010595
    },
    {
      "pattern": [
        166.91304149619236,
        190.04298351930808,
        207.05655019337178,
        217.9537415183834,
        222.7345574943429,
        221.3989981212504,
        213.94706339910584,
        200.37875332790918,
        180.6940679076605,
        154.89300713835974
      ],
      "start": 15,
      "width": 10.418625519508506,
      "center": 20,
      "series_idx": 0,
      "control_points": [
        0.5366978826244128,
        0.9156258042944704,
        0.4980482544641792
      ],
      "transform_type": "raw",
      "use_relative": true,
      "shift_tolerance": 0.28339317559198074,
      "score": 15.255898775035204
    },
    {
      "pattern": [
        227.46376377522867,
        121.24453060816316,
        67.36682372356101,
        65.83064312142228
      ],
      "start": 4,
      "width": 4.067796144901146,
      "center": 6,
      "series_idx": 1,
      "control_points": [
        0.7313947388271018,
        0.09285777914078083,
        0.2116740936380138
      ],
      "transform_type": "raw",
      "use_relative": true,
      "shift_tolerance": 0.1804504654557456,
      "score": 15.099791660949425
    },
    {
      "pattern": [
        161.11896082672268,
        192.61330622333392,
        215.43672711275042,
        229.5892234949722,
        235.07079536999933,
        231.88144273783172
      ],
      "start": 8,
      "width": 5.566733132924501,