{
  "subject_id": "25",
  "patterns": [
    {
      "pattern": [
        0.644136379595481,
        0.5006957468405395,
        0.46669944375641664,
        0.49850163127253305,
        0.5524564703183092,
        0.5849181218231659,
        0.5611426218621076,
        0.48199350709247496,
        0.35723618931719286,
        0.1966360803391858,
        0.009958591961378598
      ],
      "start": 12,
      "width": 11,
      "series_idx": 0,
      "control_points": [
        0.644136379595481,
        0.28961736190568543,
        0.8563307327044117,
        0.3373936599781549,
        0.009958591961378598
      ]
    },
    {
      "pattern": [
        0.5944193636027695,
        0.51496615266156,
        0.4563379262657885,
        0.4156193116051744,
        0.3898949358694363,
        0.3762494262482936,
        0.37176740993146523,
        0.37353351410867025,
        0.3786323659696277,
        0.3841485927040566,
        0.38716682150167614,
        0.38477167955220537,
        0.37514352829719677,
        0.3608456661855372,
        0.34553712591794716,
        0.3328769401951469,
        0.326524141717857,
        0.33013776318679755,
        0.34737683730268915,
        0.38190039676625204,
        0.43736747427820677,
        0.5174371025392736,
        0.6257683142501727
      ],
      "start": 0,
      "width": 23,
      "series_idx": 2,
      "control_points": [
        0.5944193636027695,
        0.2613485517169104,
        0.55273467462586,
        0.17226881724019094,
        0.6257683142501727
      ]
    },
    {
      "pattern": [
        0.2666855068942164,
        0.25523680612714056,
        0.33431045443701,
        0.3935978072229587,
        0.3532132819776601,
        0.25496354456794607,
        0.17107832295418768
      ],
      "start": 1,
      "width": 7,
      "series_idx": 1,
      "control_points": [
        0.2666855068942164,
        0.17320608338837917,
        0.5887402174101388,
        0.2237047106831777,
        0.17107832295418768
      ]
    },
    {
      "pattern": [
        0.904062097460744,
        0.7654744453090004,
        0.6539493368059718,
        0.5658325474443794,
        0.49746985271694605,
        0.44520702811639307,
        0.4053898491354425,
        0.3743640912668162,
        0.3484755300032361,
        0.3240699408374242,
        0.2974930992621021,
        0.2661300123762868,
        0.2315226137041753,
        0.19625206837625955,
        0.16289954152303143,
        0.13404619827498296,
        0.11227320376260594,
        0.10016172311639239,
        0.10029292146683425,
        0.11524796394442344,
        0.14760801567965184
      ],
      "start": 2,
      "width": 21,
      "series_idx": 0,
      "control_points": [
        0.904062097460744,
        0.39293876808787587,
        0.3945843812085714,
        0.007864866543389484,
        0.14760801567965184
      ]
    },
    {
      "pattern": [
        0.7610958164139534,
        0.8016883566160159,
        0.8421471194370664,
        0.8790141354008526,
        0.908831435031122,
        0.9280103527008513,
        0.929956211315285,
        0.9050683223119338,
        0.8436153009775375,
        0.7358657625988364
      ],
      "start": 2,
      "width": 10,
      "series_idx": 1,
      "control_points": [
        0.7610958164139534,
        0.82035597501468,
        0.9613145888590047,
        0.9370781503067467,
        0.7358657625988364
      ]
    },
    {
      "pattern": [
        0.2701990876673085,
        0.4570167770657822,
        0.4862198890592015,
        0.45127321237772217,
        0.44564153575150006,
        0.5336823612369829,
        0.6633240441957867,
        0.7533876533158197,
        0.7226942572849901
      ],
      "start": 5,
      "width": 9,
      "series_idx": 0,
      "control_points": [
        0.2701990876673085,
        0.665905631237601,
        0.11822876565706575,
        0.8802029804542677,
        0.7226942572849901
      ]
    },
    {
      "pattern": [
        0.6790645335341612,
        0.633398834244424,
        0.585850841260572,
        0.5381241161373146,
        0.4919222204293618,
        0.4489487156914231,
        0.41090716347820794,
        0.37950112534442615,
        0.35633612992318625,
        0.3407629486507695,
        0.3298775957666303,
        0.32067805258862175,
        0.31016230043459697,
        0.2953283206224091,
        0.2731740944699114,
        0.2406976032949569
      ],
      "start": 8,
      "width": 16,
      "series_idx": 2,
      "control_points": [
        0.6790645335341612,
        0.5686727870563864,
        0.28065450818537774,
        0.3372933447455365,
        0.2406976032949569
      ]
    },
    {
      "pattern": [
        0.02699163289085637,
        0.09749065350685461,
        0.17312791549055806,
        0.25195344655351676,
        0.33201727440728096,
        0.4113694267634006,
        0.488059931333426,
        0.5601388158289071,
        0.6256561079613944,
        0.6826618354424376,
        0.7292060259835869,
        0.7635171767266867,
        0.7845376625347567,
        0.7913883277011106,
        0.7831900165190625,
        0.7590635732819263,
        0.7181298422830157,
        0.6595096678156446,
        0.5823238941731272,
        0.48569336564877685,
        0.36873892653590795
      ],
      "start": 2,
      "width": 21,
      "series_idx": 1,
      "control_points": [
        0.02699163289085637,
        0.2512579967886198,
        0.936064513122648,
        0.7934370809004319,
        0.36873892653590795
      ]
    },
    {
      "pattern": [
        0.2601339329302693,
        0.3400457965257412,
        0.3726206357563904,
        0.36881840109584196,
        0.33959904301772115,
        0.2959225119956527,
        0.2487487585032616,
        0.20903773301417294,
        0.18731072462359546,
        0.19233437691307317,
        0.23243667208573385,
        0.31594559234470554,
        0.4511891198931157,
        0.6464952369340924,
        0.9101919256707639
      ],
      "start": 1,
      "width": 15,
      "series_idx": 1,
      "control_points": [
        0.2601339329302693,
        0.5103458823359269,
        0.05858585878593275,
        0.20863333214889934,
        0.9101919256707639
      ]
    },
    {
      "pattern": [
        0.09270730732102714,
        0.07072262840850144,
        0.07481100660787156,
        0.09357726821978306,
        0.11562623954488144,
        0.12956274688381222,
        0.1318766230327073,
        0.15059772676964409,
        0.22164092336818628,
        0.38092107810189774,
        0.664353056244342
      ],
      "start": 1,
      "width": 11,
      "series_idx": 0,
      "control_points": [
        0.09270730732102714,
        0.028007976151707442,
        0.2108445705734876,
        0.06855387023656627,
        0.664353056244342
      ]
    },
    {
      "pattern": [
        0.7428445965456106,
        0.3476849343178941,
        0.26496054236163663,
        0.3728155047503238,
        0.5499144695705498,
        0.6868950572104011,
        0.686367860359456,
        0.4514640357204014
      ],
      "start": 5,
      "width": 8,
      "series_idx": 0,
      "control_points": [
        0.7428445965456106,
        0.05218267120572358,
        0.44421449750100717,
        0.8999094141802063,
        0.4514640357204014
      ]
    }
  ]
}