{
  "subject_id": "10",
  "patterns": [
    {
      "pattern": [
        0.5429184203617357,
        0.4435590855437794,
        0.4622245739507317,
        0.5327141249863538,
        0.5888269780544071,
        0.5849337873582667,
        0.557690866299764,
        0.5643259430803439,
        0.6620667459014513
      ],
      "start": 12,
      "width": 9,
      "series_idx": 0,
      "control_points": [
        0.5429184203617357,
        0.3023335315228599,
        0.8037002008912272,
        0.4455739789123141,
        0.6620667459014513
      ]
    },
    {
      "pattern": [
        0.061402452257182286,
        0.14040871982210051,
        0.19559000822271871,
        0.2301256243488811,
        0.2471948750904317,
        0.2499770673372148,
        0.2416515079790746,
        0.2253975039058552,
        0.20439436200740072,
        0.18182138917355536,
        0.16085789229416333,
        0.14468421847939847,
        0.13650463990701758,
        0.13954735382236064,
        0.15704159769109707,
        0.19221660897889647,
        0.2483016251514285,
        0.32852588367436275,
        0.43611862201336843,
        0.5743090776341152,
        0.7463264880022733,
        0.9554000905835116
      ],
      "start": 2,
      "width": 22,
      "series_idx": 1,
      "control_points": [
        0.061402452257182286,
        0.383327293643406,
        0.0347694639260544,
        0.15502670146633957,
        0.9554000905835116
      ]
    },
    {
      "pattern": [
        0.5220763167191017,
        0.6660334145160496,
        0.7628430014458707,
        0.8212369071000357,
        0.8499469610700158,
        0.8577049929472809,
        0.8532428323233026,
        0.8404153493691019,
        0.8035695765739043,
        0.7221755870064857,
        0.5757034537356224,
        0.34362324983008985,
        0.00540504835866449
      ],
      "start": 8,
      "width": 13,
      "series_idx": 2,
      "control_points": [
        0.5220763167191017,
        0.8629592429077712,
        0.874173009781941,
        0.801666066821557,
        0.00540504835866449
      ]
    },
    {
      "pattern": [
        0.9199317907347708,
        0.8640595750156639,
        0.7786399748564733,
        0.6762893443377617,
        0.5696240375400917,
        0.4712604085440265,
        0.3939551037509872,
        0.3536914929421264,
        0.36967966927832985,
        0.4612700182413409,
        0.6478129253129028,
        0.9486587759747585
      ],
      "start": 4,
      "width": 12,
      "series_idx": 0,
      "control_points": [
        0.9199317907347708,
        0.8522944918134963,
        0.291868863887757,
        0.2805051158980766,
        0.9486587759747585
      ]
    },
    {
      "pattern": [
        0.12117465899443308,
        0.5548475192155511,
        0.6928635269122188,
        0.6562108933360021,
        0.5658778297384672,
        0.5121137405783255,
        0.46221280314286917,
        0.35273038792653544,
        0.12022186542376173
      ],
      "start": 0,
      "width": 9,
      "series_idx": 2,
      "control_points": [
        0.12117465899443308,
        0.9502822459729201,
        0.3863904131244728,
        0.5404482467320033,
        0.12022186542376173
      ]
    },
    {
      "pattern": [
        0.5757271678031144,
        0.5418235327876498,
        0.5153390892461837,
        0.49349552038622513,
        0.4735145094152838,
        0.45261773954086876,
        0.4280268939704894,
        0.39696365591165494,
        0.35982258614718093,
        0.32968975576110743,
        0.3228241134127807,
        0.35548460776154733,
        0.4439301874667533,
        0.604419801187745,
        0.8532123975838691
      ],
      "start": 2,
      "width": 15,
      "series_idx": 1,
      "control_points": [
        0.5757271678031144,
        0.485802049653206,
        0.4725111150393787,
        0.15703034391465642,
        0.8532123975838691
      ]
    },
    {
      "pattern": [
        0.10279871407386922,
        0.3248320091006664,
        0.4230731355506523,
        0.42872180431497525,
        0.3729777262847837,
        0.2870406123512258,
        0.20211017340544996,
        0.14407721399846093,
        0.11759691332068892,
        0.12201554422242071,
        0.15667937955394295,
        0.22093469216554243,
        0.3141277549075059
      ],
      "start": 6,
      "width": 13,
      "series_idx": 0,
      "control_points": [
        0.10279871407386922,
        0.6914572799650403,
        0.008871858131867763,
        0.09923969739302405,
        0.3141277549075059
      ]
    },
    {
      "pattern": [
        0.534950567506705,
        0.5618093542015853,
        0.5229467245556456,
        0.46658616411859977,
        0.44095115844016103,
        0.49140727126790623,
        0.5975878649002644,
        0.6733941001865165,
        0.6298692161738069,
        0.3780564519092797
      ],
      "start": 12,
      "width": 10,
      "series_idx": 0,
      "control_points": [
        0.534950567506705,
        0.6486415525794971,
        0.1068954349639805,
        0.9564698889713614,
        0.3780564519092797
      ]
    },
    {
      "pattern": [
        0.9714705951086265,
        0.8758470368237167,
        0.8057523333907128,
        0.7466201344969382,
        0.6838840898297163,
        0.6036980452711667,
        0.508780359183733,
        0.41841390241018167,
        0.3526017419880757,
        0.3313469449549784
      ],
      "start": 6,
      "width": 10,
      "series_idx": 1,
      "control_points": [
        0.9714705951086265,
        0.8016054413859939,
        0.7325177688016618,
        0.31980958444408625,
        0.3313469449549784
      ]
    },
    {
      "pattern": [
        0.6998794947338515,
        0.47968804004148274,
        0.3268468389483419,
        0.23312925484776464,
        0.19030865113308695,
        0.19015839119764444,
        0.22445183843477304,
        0.2851687965520227,
        0.36511483051380134,
        0.45730194559873083,
        0.5547421470854331,
        0.6504474402525303,
        0.7374298303786446
      ],
      "start": 11,
      "width": 13,
      "series_idx": 0,
      "control_points": [
        0.6998794947338515,
        0.1866619073454432,
        0.0671494150393322,
        0.5768466163149846,
        0.7374298303786446
      ]
    },
    {
      "pattern": [
        0.4106653686538292,
        0.4026847757987016,
        0.4081130574380471,
        0.42193361895091014,
        0.43912986571633533,
        0.4546852031133673,
        0.46365031447603106,
        0.46262327610290027,
        0.4497495572570969,
        0.42324190515672383,
        0.3813130670198834,
        0.32217579006467817
      ],
      "start": 0,
      "width": 12,
      "series_idx": 1,
      "control_points": [
        0.4106653686538292,
        0.3806771167533559,
        0.5064907598663113,
        0.44746074343277054,
        0.32217579006467817
      ]
    },
    {
      "pattern": [
        0.5340300708357327,
        0.35746823051417814,
        0.24307520714280745,
        0.18398263855755131,
        0.17332216259434072,
        0.20422541708910624,
        0.2698240398777788,
        0.35901334233648874,
        0.4437433300021654,
        0.4917276819519377,
        0.4706800772629348,
        0.34831419501228517,
        0.09234371427711807
      ],
      "start": 3,
      "width": 13,
      "series_idx": 0,