{
  "subject_id": "7",
  "patterns": [
    {
      "pattern": [
        0.758371313063986,
        0.6806557821732965,
        0.5783536533700382,
        0.4631965069025706,
        0.346915923019253,
        0.24124348196844442,
        0.16283787591749824,
        0.14806624470974517,
        0.2382228401075096,
        0.47460191387311634,
        0.8984977177688899
      ],
      "start": 12,
      "width": 11,
      "series_idx": 0,
      "control_points": [
        0.758371313063986,
        0.6558518044223988,
        0.14816130246482673,
        0.012799518521725414,
        0.8984977177688899
      ]
    },
    {
      "pattern": [
        0.05129764844600096,
        0.11988460917038431,
        0.18945197847516257,
        0.2586363346790968,
        0.32607425610094803,
        0.3904023210594774,
        0.4502571078734458,
        0.5042751948616143,
        0.551093160342744,
        0.5893475826355957,
        0.6176750400589308,
        0.6347121109315101,
        0.6393599747436475,
        0.6315782156718673,
        0.6115910190642474,
        0.5796225702688648,
        0.5358970546337972,
        0.48063865750712187,
        0.41407156423691605,
        0.3364199601712574,
        0.24790803065822298,
        0.14875996104589057,
        0.0391999366823374
      ],
      "start": 1,
      "width": 23,
      "series_idx": 2,
      "control_points": [
        0.05129764844600096,
        0.2993193510942793,
        0.8898972436100703,
        0.4597346054116206,
        0.0391999366823374
      ]
    },
    {
      "pattern": [
        0.3416128002995721,
        0.19363481340054192,
        0.1894519882974203,
        0.2866739039031484,
        0.44291013913066735,
        0.6101533620524967,
        0.7179285973794696,
        0.6901439589819973,
        0.45070756073049134
      ],
      "start": 1,
      "width": 9,
      "series_idx": 1,
      "control_points": [
        0.3416128002995721,
        0.029605189420455577,
        0.39857974303804855,
        0.9448758810261166,
        0.45070756073049134
      ]
    },
    {
      "pattern": [
        0.14869170952530703,
        0.31546963264174194,
        0.45202264284544125,
        0.5466607607479178,
        0.5876940069606842,
        0.5648556177299355,
        0.5006127888995594,
        0.45016667591113546,
        0.4701416498409257,
        0.6171620817651925
      ],
      "start": 3,
      "width": 10,
      "series_idx": 0,
      "control_points": [
        0.14869170952530703,
        0.41568228919026745,
        0.8245526472315119,
        0.2730351548448041,
        0.6171620817651925
      ]
    },
    {
      "pattern": [
        0.7594139841050553,
        0.6541125022612738,
        0.5765740253877564,
        0.5173500190327125,
        0.46699194874435157,
        0.4164745272662588,
        0.3665071528356611,
        0.3275339091834268,
        0.3104221272357999,
        0.32603913791902484
      ],
      "start": 10,
      "width": 10,
      "series_idx": 1,
      "control_points": [
        0.7594139841050553,
        0.5759152403857897,
        0.4600956440461271,
        0.2726333619579267,
        0.32603913791902484
      ]
    },
    {
      "pattern": [
        0.33770315438424336,
        0.4049909498871696,
        0.43561920482643723,
        0.44031588882708433,
        0.42980897151414865,
        0.41482642251266816,
        0.40616267075565615,
        0.4161407092595566,
        0.45861209512424456,
        0.5474948447575703,
        0.6967069745673838,
        0.9201665009615352
      ],
      "start": 4,
      "width": 12,
      "series_idx": 2,
      "control_points": [
        0.33770315438424336,
        0.5012246730938185,
        0.3504436494436117,
        0.4339251345651501,
        0.9201665009615352
      ]
    },
    {
      "pattern": [
        0.8576999654322734,
        0.6310031253914136,
        0.5021284412164607,
        0.4501205800600002,
        0.45402420907461716,
        0.4928839954128968,
        0.545744606227424,
        0.5916507086707844,
        0.6102929967006999,
        0.5962207807930517,
        0.5588419879418796,
        0.5082105719463599,
        0.4543804866056694,
        0.4074056857189851,
        0.37734012308548365,
        0.3742377525043418
      ],
      "start": 8,
      "width": 16,
      "series_idx": 2,
      "control_points": [
        0.8576999654322734,
        0.1512173931248938,
        0.9653301618849226,
        0.33991139405909954,
        0.3742377525043418
      ]
    },
    {
      "pattern": [
        0.4945244376517157,
        0.6844626437857189,
        0.7644131047574504,
        0.7306230845948015,
        0.5820476094888818,
        0.37992023538483105,
        0.24775304798181835,
        0.3117658951422323
      ],
      "start": 5,
      "width": 8,
      "series_idx": 0,
      "control_points": [
        0.4945244376517157,
        0.7788191321635576,
        0.9136155669940775,
        0.07356039023548851,
        0.3117658951422323
      ]
    },
    {
      "pattern": [
        0.3951795798284969,
        0.4990178664851421,
        0.44755991967382425,
        0.32185331219721514,
        0.2017199466608648,
        0.13879131113652377,
        0.15650847916214303,
        0.27708685407855216
      ],
      "start": 0,
      "width": 8,
      "series_idx": 1,
      "control_points": [
        0.3951795798284969,
        0.6384322176519337,
        0.15986695102704881,
        0.06777038913501385,
        0.27708685407855216
      ]
    }
  ]
}