{
  "subject_id": "5",
  "patterns": [
    {
      "pattern": [
        0.6132503343856186,
        0.5134967314307602,
        0.445480743122099,
        0.40364562167675994,
        0.3824346193118682,
        0.3762909882445488,
        0.37996037397894256,
        0.395143467620548,
        0.4304960058762213,
        0.49497611873983427,
        0.5975419362052588,
        0.7471515882663662
      ],
      "start": 8,
      "width": 12,
      "series_idx": 0,
      "control_points": [
        0.6132503343856186,
        0.397880125230941,
        0.34319119474806026,
        0.4242692983342599,
        0.7471515882663662
      ]
    },
    {
      "pattern": [
        0.030861841516440947,
        0.04729197972659148,
        0.07238605877089122,
        0.10393400951518204,
        0.13972576282530588,
        0.1775512495671046,
        0.21520040060642004,
        0.2504631468090942,
        0.2811294190409689,
        0.30498914816788597,
        0.31983226505568746,
        0.32344870057021513,
        0.3145545247618778,
        0.29557036441935103,
        0.26984298551587765,
        0.24071915402469996,
        0.2115456359190609,
        0.18566919717220273,
        0.16643660375736818,
        0.15719462164779982,
        0.1612900168167402,
        0.1820695552374319,
        0.22288000288311746
      ],
      "start": 1,
      "width": 23,
      "series_idx": 1,
      "control_points": [
        0.030861841516440947,
        0.07252059448263724,
        0.5944231691367581,
        0.03242786952470722,
        0.22288000288311746
      ]
    },
    {
      "pattern": [
        0.8869580962674158,
        0.8450146697287777,
        0.779362503401588,
        0.71678921466852,
        0.6838390075369039,
        0.7014575783811793,
        0.7849921159428942,
        0.9495463955882539
      ],
      "start": 7,
      "width": 8,
      "series_idx": 0,
      "control_points": [
        0.8869580962674158,
        0.8622716036089217,
        0.6067051598427645,
        0.7044311960330173,
        0.9495463955882539
      ]
    },
    {
      "pattern": [
        0.5264204565696596,
        0.5574672183872592,
        0.5779569786339419,
        0.587478644766615,
        0.5856211242421859,
        0.5719733245175617,
        0.5461241530496496,
        0.5082504314675999,
        0.460880638089534,
        0.4071311654058167,
        0.3501184059068126,
        0.29295875208288624,
        0.23876859642440226
      ],
      "start": 10,
      "width": 13,
      "series_idx": 0,
      "control_points": [
        0.5264204565696596,
        0.5987969200803801,
        0.6217989387679335,
        0.3421018145823514,
        0.23876859642440226
      ]
    },
    {
      "pattern": [
        0.9424374253283615,
        0.8267583485350235,
        0.7475406613376846,
        0.6947970231889342,
        0.6585400935413619,
        0.6287825318475568,
        0.5955369975601086,
        0.5517393098603381,
        0.5020179268444924,
        0.4539244663375501,
        0.4150105461644899,
        0.39282778415029007,
        0.3949277981199295
      ],
      "start": 11,
      "width": 13,
      "series_idx": 2,
      "control_points": [
        0.9424374253283615,
        0.6679596551140791,
        0.6763888764064315,
        0.3614105823134924,
        0.3949277981199295
      ]
    },
    {
      "pattern": [
        0.02230617093090742,
        0.09413144328243422,
        0.15785781640592797,
        0.2131285364437239,
        0.25958684953815725,
        0.2968760018315635,
        0.3246392394662777,
        0.3425198085846353,
        0.35016095532897157,
        0.34906191228297895,
        0.348145857795779,
        0.35819195665785025,
        0.3899793736596715,
        0.45428727359172144,
        0.5618948212444786,
        0.7235811814084219,
        0.9501255188740299
      ],
      "start": 7,
      "width": 17,
      "series_idx": 1,
      "control_points": [
        0.02230617093090742,
        0.22432164829887663,
        0.463186835133623,
        0.24994850274976357,
        0.9501255188740299
      ]
    },
    {
      "pattern": [
        0.3909469637899913,
        0.5001263714638929,
        0.5934619142551747,
        0.6661028047321329,
        0.7131982554630647,
        0.729897479016266,
        0.7113496879600341,
        0.6560010007313231,
        0.5754851592417197,
        0.4847328112714685,
        0.39867460460081416,
        0.33224118701000105,
        0.3003632062792739
      ],
      "start": 0,
      "width": 13,
      "series_idx": 0,
      "control_points": [
        0.3909469637899913,
        0.6219157857326122,
        0.9519365002068556,
        0.31960996569381256,
        0.3003632062792739
      ]
    },
    {
      "pattern": [
        0.8296613213705539,
        0.7733393499135415,
        0.7278440710712518,
        0.6914914997442312,
        0.6625976508330255,
        0.6394785392381811,
        0.6204501798602439,
        0.6038285875997601,
        0.5879297773572756,
        0.5710697640333366,
        0.5515645625284893,
        0.5278004524669729,
        0.4997798021179685,
        0.46912106839559986,
        0.4375129729376835,
        0.4066442373820359,
        0.37820358336647364,
        0.3538797325288134,
        0.3353614065068718,
        0.32433732693846534,
        0.3224962154614106,
        0.3315267937135242
      ],
      "start": 0,
      "width": 22,
      "series_idx": 2,
      "control_points": [
        0.8296613213705539,
        0.611623059912549,
        0.6353139429925355,
        0.27892413756096257,
        0.3315267937135242
      ]
    },
    {
      "pattern": [
        0.7006813519890164,
        0.3959036356169896,
        0.3369241412462385,
        0.4265038744950149,
        0.5674038409815706,
        0.6652346503117388,
        0.6911478038057207,
        0.6818356944980861,
        0.6768403194109855,
        0.7157036755665702
      ],
      "start": 9,
      "width": 10,
      "series_idx": 2,
      "control_points": [
        0.7006813519890164,
        0.010546613739145417,
        0.9457783478248141,
        0.6047435943901042,
        0.7157036755665702
      ]
    }
  ]
}