{
  "patterns": [
    {
      "pattern": [
        222.58151783411535,
        206.462737847735,
        191.13982962884552,
        176.61279317744692,
        162.8816284935391,
        149.9463355771222,
        137.80691442819622,
        126.46336504676104,
        115.91568743281672,
        106.16388158636325,
        97.20794750740068,
        89.04788519592897,
        81.68369465194812,
        75.11537587545814,
        69.342928866459,
        64.36635362495073,
        60.18565015093334,
        56.800818444406794,
        54.211858505371126,
        52.418770333826316,
        51.421553929772365,
        51.220209293209294,
        51.81473642413707
      ],
      "start": 1,
      "width": 23.24573727564543,
      "center": 12,
      "series_idx": 0,
      "control_points": [
        0.6165693014795439,
        0.11328987053388295,
        0.14353112582863453
      ],
      "transform_type": "raw",
      "use_relative": false,
      "shift_tolerance": 0.5702854398053386,
      "score": 21.120598045566222
    },
    {
      "pattern": [
        149.53075973754687,
        162.2455400198555,
        167.41370562976843,
        165.0352565672857,
        155.11019283240725
      ],
      "start": 9,
      "width": 5.135766215488571,
      "center": 11,
      "series_idx": 2,
      "control_points": [
        0.4142126308519304,
        0.5055593766608306,
        0.42966812418949374
      ],
      "transform_type": "derivative",
      "use_relative": true,
      "shift_tolerance": 0.3003327815545799,
      "score": 20.2778129286292
    },
    {
      "pattern": [
        304.24378803729644,
        262.97828999429515,
        228.48366293840346,
        200.75990686962135,
        179.8070217879489,
        165.62500769338607,
        158.21386458593278,
        157.57359246558914,
        163.7041913323551,
        176.60566118623063,
        196.27800202721582,
        222.72121385531065,
        255.93529667051502,
        295.92025047282897
      ],
      "start": 7,
      "width": 13.788432569622138,
      "center": 13,
      "series_idx": 0,
      "control_points": [
        0.8427805762805995,
        0.03881639902958954,
        0.8197236855203018
      ],
      "transform_type": "derivative",
      "use_relative": false,
      "shift_tolerance": 0.29891281038844103,
      "score": 19.397995922764956
    },
    {
      "pattern": [
        26.516091973927267,
        58.928074839513926,
        87.73164865559346,
        112.92681342216588,
        134.51356913923118,
        152.49191580678934,
        166.8618534248404,
        177.6233819933843,
        184.77650151242113,
        188.32121198195082,
        188.2575134019734,
        184.58540577248883,
        177.30488909349714,
        166.41596336499836,
        151.91862858699247,
        133.8128847594794
      ],
      "start": 0,
      "width": 15.85758281553224,
      "center": 0,
      "series_idx": 2,
      "control_points": [
        0.07345177832112816,
        0.7843143972340135,
        0.370672810968087
      ],
      "transform_type": "raw",
      "use_relative": false,
      "shift_tolerance": 0.8149805199932971,
      "score": 18.436070802293234
    },
    {
      "pattern": [
        299.458795203022,
        281.7315438080031,
        264.6593035091264,
        248.24207430639203,
        232.47985619979985,
        217.37264918935008,
        202.92045327504252,
        189.1232684568773,
        175.98109473485434,
        163.49393210897367,
        151.6617805792353,
        140.4846401456392,
        129.96251080818536,
        120.09539256687381,
        110.88328542170458,
        102.32618937267763,
        94.42410441979294,
        87.17703056305058,
        80.58496780245046,
        74.64791613799264,
        69.36587556967713,
        64.73884609750388,
        60.766827721472914,
        57.449820441584244
      ],
      "start": 0,
      "width": 23.874788579671815,
      "center": 2,
      "series_idx": 0,
      "control_points": [
        0.8295257484848255,
        0.25437421151658124,
        0.15914077684649375
      ],
      "transform_type": "cumsum",
      "use_relative": false,
      "shift_tolerance": 0.6802637519810552,
      "score": 18.2680195809296
    },
    {
      "pattern": [
        285.7605541974129,
        251.24672391646467,
        57.04342256794334
      ],
      "start": 22,
      "width": 3.142404468955431,
      "center": 23,
      "series_idx": 1,
      "control_points": [
        0.79158048254131,
        0.917150857202912,
        0.15801502096383196
      ],
      "transform_type": "raw",
      "use_relative": false,
      "shift_tolerance": 0.5457047745096875,
      "score": 17.835586682854927
    },
    {
      "pattern": [
        133.8561234006983,
        188.41743627758947,
        225.45859449253996,
        244.9795980455498,
        246.98044693661907,
        231.46114116574768,
        198.4216807329357,
        147.86206563818303
      ],
      "start": 9,
      "width": 7.631923747497364,
      "center": 12,
      "series_idx": 0,
      "control_points": [
        0.37079258559750217,
        0.9847118812415884,
        0.4095902095240527
      ],
      "transform_type": "derivative",
      "use_relative": true,
      "shift_tolerance": 0.32728947599130653,
      "score": 17.46043347879646
    },
    {
      "pattern": [
        40.86300219388605,
        98.39493757412815,
        145.46216828207793,
        182.06469431773536
      ],
      "start": 17,
      "width": 3.941289271383539,
      "center": 18,
      "series_idx": 0,
      "control_points": [
        0.11319391189442118,
        0.37398735115919235,
        0.5043343332901257
      ],
      "transform_type": "derivative",
      "use_relative": false,
      "shift_tolerance": 0.16155502700163865,
      "score": 16.62089853294984
    },
    {
      "pattern": [
        177.3876496561559,
        176.83381272316134,
        360.61799546364114
      ],
      "start": 11,
      "width": 3.446747312095706,
      "center": 12,
      "series_idx": 0,
      "control_points": [
        0.49137853090347894,
        0.23452853985159045,
        0.9989418156887566
      ],
      "transform_type": "raw",
      "use_relative": false,
      "shift_tolerance": 0.2642361862651841,
      "score": 16.263229119278343
    },
    {
      "pattern": [
        278.07204264029934,
        271.7842982184024,
        265.5257080333967,
        259.29627208528234,
        253.09599037405928,
        246.92486289972732,
        240.78288966228675,
        234.6700706617374,
        228.5864058980794,
        222.53189537131266,
        216.50653908143713,
        210.5103370284529,
        204.54328921235992,
        198.60539563315822,
        192.6966562908478,
        186.81707118542872,
        180.96664031690082,
        175.14536368526421,
        169.3532412905189,
        163.5902731326648,
        157.85645921170206
      ],
      "start": 0,
      "width": 21.165412104264018,
      "center": 2,
      "series_idx": 1,
      "control_points": [
        0.770282666593627,
        0.5957031225398159,
        0.4372755102817231
      ],
      "transform_type": "fft_power",
      "use_relative": false,
      "shift_tolerance": 0.8482959381476143,
      "score": 16.04125419199149
    },
    {
      "pattern": [
        155.87850854323108,
        203.78628282443916,
        238.62843117408644,
        260.4049535921731,
        269.11585007869905,
        264.7611206336643,
        247.34076525706885,
        216.85478394891263
      ],
      "start": 9,
      "width": 8.249531059513242,
      "center": 13,
      "series_idx": 0,
      "control_points": [
        0.4317964225574268,
        0.9596137504368158,
        0.6007057727116694
      ],
      "transform_type": "cumsum",
      "use_relative": true,
      "shift_tolerance": 0.5058105407800109,