{
  "patterns": [
    {
      "pattern": [
        115.33170296693513,
        126.6854693658092,
        137.86135674521665,
        148.85936510515754,
        159.67949444563178,
        170.32174476663943,
        180.78611606818046,
        191.07260835025494,
        201.1812216128628,
        211.111955856004,
        220.8648110796787,
        230.43978728388672,
        239.83688446862814,
        249.05610263390298,
        258.0974417797112,
        266.96090190605287,
        275.6464830129279,
        284.1541851003363,
        292.4840081682782,
        300.63595221675337,
        308.61001724576204,
        316.40620325530404,
        324.0245102453794
      ],
      "start": 0,
      "width": 22.537242232825232,
      "center": 0,
      "series_idx": 0,
      "control_points": [
        0.3245123943376522,
        0.6786760610690098,
        0.911717827265232
      ],
      "transform_type": "raw",
      "use_relative": false,
      "shift_tolerance": 0.7338784729817656,
      "score": 22.668145619622248
    },
    {
      "pattern": [
        219.10712782463156,
        131.4475116739036,
        260.49051279732083
      ],
      "start": 21,
      "width": 3.3939046722533397,
      "center": 22,
      "series_idx": 0,
      "control_points": [
        0.616508530071753,
        0.06498650375204595,
        0.7329502455568209
      ],
      "transform_type": "cumsum",
      "use_relative": true,
      "shift_tolerance": 0.02089611678026279,
      "score": 20.63464782971908
    },
    {
      "pattern": [
        186.18972378412099,
        151.65591734295907,
        121.3695526613951,
        95.3306297394291,
        73.53914857706101,
        55.995109174290874,
        42.69851153111868,
        33.64935564754444,
        28.847641523568143,
        28.29336915918979
      ],
      "start": 11,
      "width": 10.200181219724929,
      "center": 16,
      "series_idx": 1,
      "control_points": [
        0.5238878080519933,
        0.05973790434554929,
        0.07960993147183526
      ],
      "transform_type": "derivative",
      "use_relative": true,
      "shift_tolerance": 0.3412010246891089,
      "score": 19.6811957627388
    },
    {
      "pattern": [
        35.768336092565555,
        31.89328897152104,
        28.749624785218796,
        26.33734353365879,
        24.65644521684106,
        23.70692983476558,
        23.488797387432367,
        24.002047874841413,
        25.246681296992723,
        27.222697653886286,
        29.930096945522113,
        33.3688791719002,
        37.53904433302055
      ],
      "start": 8,
      "width": 13.26447716590245,
      "center": 14,
      "series_idx": 0,
      "control_points": [
        0.10064247807213983,
        0.029048690881741203,
        0.10562477483878169
      ],
      "transform_type": "derivative",
      "use_relative": false,
      "shift_tolerance": 0.31733872956188325,
      "score": 18.422153062559765
    },
    {
      "pattern": [
        326.47136363277,
        241.82523291957568,
        175.5475708644168,
        127.63837746729351,
        98.0976527282059,
        86.92539664715383
      ],
      "start": 8,
      "width": 6.429800748598387,
      "center": 11,
      "series_idx": 2,
      "control_points": [
        0.9186026146299253,
        0.25856908442718046,
        0.2445846880697251
      ],
      "transform_type": "derivative",
      "use_relative": false,
      "shift_tolerance": 0.4130956399781086,
      "score": 17.29678247149016
    },
    {
      "pattern": [
        21.234516838124527,
        57.56487900322425,
        90.34718187251468,
        119.58142544599583,
        145.26760972366773,
        167.4057347055303,
        185.99580039158363,
        201.03780678182764,
        212.5317538762624,
        220.47764167488785,
        224.87547017770405,
        225.72523938471093,
        223.02694929590854,
        216.78059991129686,
        206.9861912308759,
        193.64372325464566,
        176.75319598260617
      ],
      "start": 0,
      "width": 16.658378457191038,
      "center": 0,
      "series_idx": 0,
      "control_points": [
        0.059748219478893416,
        0.9174723042824029,
        0.4973359567194821
      ],
      "transform_type": "raw",
      "use_relative": false,
      "shift_tolerance": 0.2450712090894456,
      "score": 16.140103075712467
    },
    {
      "pattern": [
        285.258675293311,
        132.77807971835293,
        84.36844884367403
      ],
      "start": 13,
      "width": 3.29580773214139,
      "center": 14,
      "series_idx": 1,
      "control_points": [
        0.8026411935628701,
        0.2271879537277957,
        0.23739012462742928
      ],
      "transform_type": "fft_power",
      "use_relative": false,
      "shift_tolerance": 0.6577783274146582,
      "score": 15.720036434060024
    },
    {
      "pattern": [
        15.209243822976553,
        12.889286806630272,
        10.56155761553455,
        8.226056249689387,
        5.882782709094787,
        3.5317369937507457
      ],
      "start": 14,
      "width": 6.491919927356108,
      "center": 17,
      "series_idx": 0,
      "control_points": [
        0.042794721677475535,
        0.026502719927707974,
        0.00993735805966113
      ],
      "transform_type": "derivative",
      "use_relative": true,
      "shift_tolerance": 0.26049628103948724,
      "score": 15.164853774011334
    },
    {
      "pattern": [
        97.02536688344969,
        92.85968042376896,
        91.25571000089994,
        92.2134556148426,
        95.73291726559695,
        101.814094953163,
        110.45698867754074,
        121.66159843873015,
        135.42792423673126,
        151.7559660715441,
        170.6457239431686,
        192.0971978516048,
        216.1103877968527,
        242.68529377891227,
        271.82191579778356,
        303.5202538534665,
        337.78030794596117
      ],
      "start": 7,
      "width": 16.626979246222426,
      "center": 15,
      "series_idx": 1,
      "control_points": [
        0.27300328798460755,
        0.15040239723337231,
        0.9504229424504289
      ],
      "transform_type": "raw",
      "use_relative": true,
      "shift_tolerance": 0.9791710600739353,
      "score": 14.616160288163453
    },
    {
      "pattern": [
        109.06560434736205,
        120.99913460392713,
        200.09977277152657,
        346.3675188501604
      ],
      "start": 13,
      "width": 4.080727064720932,
      "center": 15,
      "series_idx": 1,
      "control_points": [
        0.3068812780540707,
        0.21550526199851888,
        0.9745850444528854
      ],
      "transform_type": "raw",
      "use_relative": false,
      "shift_tolerance": 0.2878653574536165,
      "score": 14.336049311366132
    },
    {
      "pattern": [
        310.3765231428706,
        260.6337289368118
      ],
      "start": 10,
      "width": 2.113583593818931,
      "center": 11,
      "series_idx": 0,
      "control_points": [
        0.8733160621079595,
        0.9119039473355827,
        0.7333532172561751
      ],
      "transform_type": "raw",
      "use_relative": false,
      "shift_tolerance": 0.30723314183045236,
      "score": 14.152996640682332
    },
    {
      "pattern": [
        14.062884987478691,
        59.17801196485908,
        103.58934825586597,
        147.29689386049938,
        190.30064877875935,
        232.60061301064584,
        274.1967865561589,
        315.0891694152984
      ],
      "start": 5,
      "width": 7.618666979913966,
      "center": 8,
      "series_idx": 0,
      "control_points": [
        0.03956917622113049,
        0.48733108070876885,
        0.8865761812789251
      ],
      "transform_type": "fft_power",
      "use_relative": false,
      "shift_tolerance": 0.3787842982592273,