{
  "dataset": "AZT1D",
  "metric": "rmse",
  "polynomial_degree": 3,
  "n_patterns": 4,
  "patterns": [
    {
      "pattern_id": 0,
      "pattern_start": 0,
      "pattern_width": 24,
      "pattern_values": [
        6.8862833976745605,
        6.383770942687988,
        6.0005903244018555,
        5.726700305938721,
        5.552058696746826,
        5.466622829437256,
        5.460351467132568,
        5.5232014656066895,
        5.645131587982178,
        5.816099166870117,
        6.026062488555908,
        6.264979362487793,
        6.5228071212768555,
        6.789504528045654,
        7.055028915405273,
        7.309338092803955,
        7.5423903465271,
        7.744143486022949,
        7.904555320739746,
        8.013583183288574,
        8.061185836791992,
        8.037321090698242,
        7.93194580078125,
        7.735018730163574
      ]
    },
    {
      "pattern_id": 1,
      "pattern_start": 21,
      "pattern_width": 3,
      "pattern_values": [
        -22.176895141601562,
        -9.193671226501465,
        -5.659182548522949
      ]
    },
    {
      "pattern_id": 2,
      "pattern_start": 10,
      "pattern_width": 6,
      "pattern_values": [
        -14.438098907470703,
        -11.229881286621094,
        -7.890260696411133,
        -6.193055152893066,
        -7.912083148956299,
        -14.821161270141602
      ]
    },
    {
      "pattern_id": 3,
      "pattern_start": 21,
      "pattern_width": 3,
      "pattern_values": [
        -9.674802780151367,
        5.377754211425781,
        0.5519309043884277
      ]
    }
  ]
}