{
  "subject_id": "12",
  "patterns": [
    {
      "pattern": [
        0.45926855607425227,
        0.38317366329912966,
        0.4680431696581402,
        0.5664542682714865,
        0.5375009721417924,
        0.3901641515673809,
        0.2833115341422729,
        0.38232766734291157
      ],
      "start": 12,
      "width": 8,
      "series_idx": 0,
      "control_points": [
        0.45926855607425227,
        0.2192641901106658,
        0.9985032160737102,
        0.08240252783630858,
        0.38232766734291157
      ]
    },
    {
      "pattern": [
        0.8280239262801237,
        0.791533447940827,
        0.754475143030047,
        0.7192729455983857,
        0.6883507896964456,
        0.6641326093748285,
        0.6490423386841377,
        0.6455039116749748,
        0.6559412623979424,
        0.6814350117957116,
        0.7176925283792293,
        0.7590778675515113,
        0.7999550847155731,
        0.8346882352744308,
        0.8576413746310998,
        0.8631785581885959,
        0.8456638413499349
      ],
      "start": 1,
      "width": 17,
      "series_idx": 2,
      "control_points": [
        0.8280239262801237,
        0.7336276941822908,
        0.481011003382126,
        0.9281153486452265,
        0.8456638413499349
      ]
    },
    {
      "pattern": [
        0.8467592861969182,
        0.7597457429018363,
        0.6778439159220343,
        0.6010762791764197,
        0.5294653065839002,
        0.46303347206338313,
        0.40180324953377583,
        0.3457971129139858,
        0.2950375361229205,
        0.2495469930794873,
        0.2093479577025935,
        0.17449241138931085,
        0.14515036544936746,
        0.12152133867065576,
        0.10380484984106796,
        0.09220041774849647,
        0.08690756118083358,
        0.08812579892597165,
        0.09605464977180299,
        0.11089363250621996,
        0.13284226591711484
      ],
      "start": 3,
      "width": 21,
      "series_idx": 2,
      "control_points": [
        0.8467592861969182,
        0.5482195857088527,
        0.12078159794514438,
        0.04760904921123264,
        0.13284226591711484
      ]
    },
    {
      "pattern": [
        0.2253018863888664,
        0.28019852777809096,
        0.2974219784379637,
        0.29333277574431565,
        0.28429145707297804,
        0.2866585597997817,
        0.31679462130055797,
        0.38217244961063035,
        0.45471393540329336,
        0.4974532400113336,
        0.47342452476753816,
        0.34566195100469366,
        0.07719968005558703
      ],
      "start": 0,
      "width": 13,
      "series_idx": 0,
      "control_points": [
        0.2253018863888664,
        0.3836753848138881,
        0.05201764440173647,
        0.7794678115848709,
        0.07719968005558703
      ]
    },
    {
      "pattern": [
        0.4825624936395664,
        0.4709755421874913,
        0.5611897571209147,
        0.6082790513456218,
        0.5381876590220455,
        0.5603410993292084,
        0.9550352127007808
      ],
      "start": 12,
      "width": 7,
      "series_idx": 1,
      "control_points": [
        0.4825624936395664,
        0.37176626329667045,
        0.8903555630500181,
        0.28063881598578033,
        0.9550352127007808
      ]
    },
    {
      "pattern": [
        0.5760104718027077,
        0.2498697149259818,
        0.3785365617164196,
        0.6313804564635307,
        0.6815541486051749,
        0.20599369272756302
      ],
      "start": 0,
      "width": 6,
      "series_idx": 2,
      "control_points": [
        0.5760104718027077,
        0.02283582642226248,
        0.5531587250485455,
        0.9110442603795965,
        0.20599369272756302
      ]
    },
    {
      "pattern": [
        0.02656443946318257,
        0.23001207661319786,
        0.32925857276448,
        0.35031076257208676,
        0.31917548069107626,
        0.26185956177650616,
        0.20436984048343446,
        0.16705948587951103,
        0.1476670046827538,
        0.13827723802377265,
        0.13097502703317757,
        0.1178452128415784,
        0.0909726365795851
      ],
      "start": 11,
      "width": 13,
      "series_idx": 1,
      "control_points": [
        0.02656443946318257,
        0.5549987445319849,
        0.04937164682409684,
        0.16373732375355918,
        0.0909726365795851
      ]
    },
    {
      "pattern": [
        0.9622120923275106,
        0.8071658860609673,
        0.7264041871372184,
        0.6956573545114292,
        0.6906557471387643,
        0.6871297239743891,
        0.6619763503994163,
        0.6189269395917553,
        0.5885470525261124,
        0.6025689566031416,
        0.6927249192234967,
        0.8907472077878313
      ],
      "start": 0,
      "width": 12,
      "series_idx": 2,
      "control_points": [
        0.9622120923275106,
        0.5950351351361096,
        0.8544355503285697,
        0.4094369387819476,
        0.8907472077878313
      ]
    },
    {
      "pattern": [
        0.23067133871047196,
        0.28162710130477014,
        0.3137614169338657,
        0.32995904006198523,
        0.3331047251533558,
        0.32608322667220385,
        0.31177929908275637,
        0.2930776968492399,
        0.27286317443588143,
        0.2540204863069075,
        0.2394343869265449,
        0.23147882853966759,
        0.2304845545137381,
        0.23627150599686603,
        0.24865962413716117,
        0.2674688500827331,
        0.2925191249816916,
        0.3236303899821462,
        0.36062258623220667,
        0.4033156548799827,
        0.4515295370735839
      ],
      "start": 2,
      "width": 21,
      "series_idx": 2,
      "control_points": [
        0.23067133871047196,
        0.43509824170483324,
        0.12041200004590968,
        0.28181530590952697,
        0.4515295370735839
      ]
    }
  ]
}