{
  "subject_id": "24",
  "patterns": [
    {
      "pattern": [
        0.34241353490965304,
        0.3447241907275825,
        0.3525861111028437,
        0.3697491621075123,
        0.39996320981366357,
        0.4469781202933731,
        0.513683225523648,
        0.5831755732949283,
        0.6187599272110861,
        0.5828805167809255,
        0.4379815715132506,
        0.14650732091686583
      ],
      "start": 12,
      "width": 12,
      "series_idx": 0,
      "control_points": [
        0.34241353490965304,
        0.34385266288679345,
        0.3648950202340757,
        0.8381882255283978,
        0.14650732091686583
      ]
    },
    {
      "pattern": [
        0.22762167769107167,
        0.19932627305133102,
        0.19091793235567034,
        0.19889627586414463,
        0.2197609238368092,
        0.2500114965337189,
        0.28614761421492896,
        0.3246688971404943,
        0.3620749655704702,
        0.3948654397649117,
        0.41953993998387373,
        0.43356220037743337,
        0.43825241065575504,
        0.4358948744190251,
        0.4287738952674298,
        0.4191737768011556,
        0.4093788226203886,
        0.4016733363253153,
        0.398341621516122,
        0.401667981792995,
        0.4139367207561206
      ],
      "start": 0,
      "width": 21,
      "series_idx": 2,
      "control_points": [
        0.22762167769107167,
        0.09626924482964179,
        0.6131458352409451,
        0.3555988446239628,
        0.4139367207561206
      ]
    },
    {
      "pattern": [
        0.2711477913591791,
        0.3188723033469142,
        0.36006109914791873,
        0.4246630367589713,
        0.4324707628505379,
        0.19312071276677228
      ],
      "start": 12,
      "width": 6,
      "series_idx": 0,
      "control_points": [
        0.2711477913591791,
        0.3232909493404368,
        0.34158981806137434,
        0.5497706515619363,
        0.19312071276677228
      ]
    },
    {
      "pattern": [
        0.2718718211094278,
        0.5387624187814464,
        0.6833003233830671,
        0.7284084176466559,
        0.6970095843045783,
        0.6120267060892001,
        0.4967221979448701,
        0.3821677156915423,
        0.3072441560247763,
        0.31117194785211494,
        0.43317152008110066,
        0.7124633016192757
      ],
      "start": 12,
      "width": 12,
      "series_idx": 1,
      "control_points": [
        0.2718718211094278,
        0.8873363138257723,
        0.6534032432472618,
        0.03227580371125467,
        0.7124633016192757
      ]
    },
    {
      "pattern": [
        0.9844001976575282,
        0.9561144030865877,
        0.9122769097732243,
        0.855796512525286,
        0.7895820061506192,
        0.7165421854570717,
        0.6395858452524904,
        0.5616217803447229,
        0.48555878554161575,
        0.41430565565101646,
        0.3507711854807724,
        0.29780253841713983,
        0.2568293551497864,
        0.22786375367179124,
        0.21085622055464273,
        0.20575724236982906,
        0.21251730568883848,
        0.23108689708315935,
        0.2614165031242799,
        0.30345661038368826,
        0.35715770543287306,
        0.42247027484332234
      ],
      "start": 1,
      "width": 22,
      "series_idx": 1,
      "control_points": [
        0.9844001976575282,
        0.9160089834009637,
        0.10080341691542254,
        0.1736139674411342,
        0.42247027484332234
      ]
    },
    {
      "pattern": [
        0.6437129298674983,
        0.5088931724325353,
        0.4406165537889038,
        0.42181750092098536,
        0.43543044081316146,
        0.4643898004498133,
        0.4916300068153222,
        0.5000854868940696,
        0.47963138821370727,
        0.4479057404749691,
        0.4294872939218592,
        0.44895479879838207,
        0.5308870053485419,
        0.6998626638163429,
        0.98046052444579
      ],
      "start": 4,
      "width": 15,
      "series_idx": 0,
      "control_points": [
        0.6437129298674983,
        0.23822661047277177,
        0.7928629311968413,
        0.17638947470982416,
        0.98046052444579
      ]
    },
    {
      "pattern": [
        0.3594670525980883,
        0.4546235005701783,
        0.5265817063704139,
        0.577424513736348,
        0.6092347664055323,
        0.6240953081155202,
        0.6240889826038637,
        0.6112986336081156,
        0.5878071048658282,
        0.555697240114554,
        0.517051883091846,
        0.4739538775352563,
        0.42842772584199035,
        0.3822645650478636,
        0.33719719084834504,
        0.2949583989389028,
        0.2572809850150057,
        0.22589774477212207,
        0.20254147390572041,
        0.18894496811126932,
        0.18684102308423725,
        0.19796243452009274,
        0.22404199811430425
      ],
      "start": 1,
      "width": 23,
      "series_idx": 0,
      "control_points": [
        0.3594670525980883,
        0.7534498370456045,
        0.5217449409278921,
        0.09887579123963655,
        0.22404199811430425
      ]
    },
    {
      "pattern": [
        0.39071428936412367,
        0.6481909693119462,
        0.8143271564793071,
        0.8773422455080703,
        0.895625180240874,
        0.9977344537211303
      ],
      "start": 1,
      "width": 6,
      "series_idx": 0,
      "control_points": [
        0.39071428936412367,
        0.6392168792782273,
        0.9768282310708621,
        0.8411576005070718,
        0.9977344537211303
      ]
    },
    {
      "pattern": [
        0.13913769480769142,
        0.27831380800435535,
        0.37450301766418526,
        0.43693093190065735,
        0.4748231588272478,
        0.4974053065574328,
        0.5139029832046884,
        0.5335417968824908,
        0.5650019425760824,
        0.6044191133213266,
        0.6353845002047087,
        0.6409438811844795,
        0.6041430342188899,
        0.5080277372661913,
        0.33564376828463477,
        0.07003690523247125
      ],
      "start": 0,
      "width": 16,
      "series_idx": 2,
      "control_points": [
        0.13913769480769142,
        0.5484996139816237,
        0.38823885888617343,
        0.864711198819263,
        0.07003690523247125
      ]
    },
    {
      "pattern": [
        0.4640037729586306,
        0.45402025371789123,
        0.30489046212941895,
        0.16181128605545433,
        0.1665687357623945,
        0.4575379439207934
      ],
      "start": 11,
      "width": 6,
      "series_idx": 1,
      "control_points": [
        0.4640037729586306,
        0.5540354500940549,
        0.14140826429015496,
        0.057412361754950965,
        0.4575379439207934
      ]
    },
    {
      "pattern": [
        0.7214166513486688,
        0.66485456893645,
        0.6398895218455745,
        0.637883445718381,
        0.6501982761972077,
        0.6681959489243935,
        0.6832383995422763,
        0.6866875636931948,
        0.6702749630280316,
        0.6342325973941862,
        0.5872929448355754,
        0.5385580694046598,
        0.4971300351539001,
        0.4721109061357574,
        0.47260274640269245,
        0.507707620007166
      ],
      "start": 0,
      "width": 16,
      "series_idx": 1,
      "control_points": [
        0.7214166513486688,
        0.5333167642017239,
        0.9115251088891803,
        0.36909409094700835,
        0.507707620007166
      ]
    },
    {
      "pattern": [
        0.48152163647338464,
        0.5304145640983662,
        0.48029114251362137,
        0.42109587733389947,
        0.4635228497530686,
        0.7390157165441166
      ],
      "start": 8,
      "width": 6,
      "series_idx": 0,