{
  "subject_id": "3",
  "patterns": [
    {
      "pattern": [
        0.17314900669202465,
        0.4482806272068509,
        0.6290755686459683,
        0.7339172479102369,
        0.7811890819005177,
        0.7892744875176712,
        0.7765568816625573,
        0.7614196812360369,
        0.7569066686928525,
        0.7547030887032774,
        0.7411545514914665,
        0.702606667281575,
        0.625405046297758,
        0.4958952987641711,
        0.300423034904969
      ],
      "start": 9,
      "width": 15,
      "series_idx": 0,
      "control_points": [
        0.17314900669202465,
        0.9394804599600598,
        0.6310484655454976,
        0.8441013338930924,
        0.300423034904969
      ]
    },
    {
      "pattern": [
        0.9034991522399906,
        0.8436826138921005,
        0.7869010846173946,
        0.7334335812706274,
        0.6835591207065527,
        0.6375567197799248,
        0.595705395345498,
        0.5582841642580266,
        0.5255720433722644,
        0.4978480495429658,
        0.47539119962488513,
        0.4585135476175811,
        0.44828700185112125,
        0.44654332498608185,
        0.45514731682784365,
        0.4759637771817876,
        0.5108575058532945,
        0.5616933026477455,
        0.630335967370521,
        0.7186502998270021,
        0.82850109982257,
        0.9617531671626052
      ],
      "start": 2,
      "width": 22,
      "series_idx": 2,
      "control_points": [
        0.9034991522399906,
        0.6891555218081826,
        0.3617509749718728,
        0.45224311384672006,
        0.9617531671626052
      ]
    },
    {
      "pattern": [
        0.19275736275118144,
        0.15543807531906093,
        0.12465690550190535,
        0.10072141930847966,
        0.08393918274754891,
        0.07461776182787809,
        0.07306472255823213,
        0.07958763094737606,
        0.09445555533132251,
        0.11705211757278004,
        0.1458754930611532,
        0.17938535951309412,
        0.216041394645255,
        0.254303276174288,
        0.2926306818168452,
        0.3294832892895788
      ],
      "start": 0,
      "width": 16,
      "series_idx": 1,
      "control_points": [
        0.19275736275118144,
        0.0915428021594781,
        0.005936523592320501,
        0.24047887022281406,
        0.3294832892895788
      ]
    },
    {
      "pattern": [
        0.9284597343350003,
        0.6466036006319138,
        0.4535993244493514,
        0.30531053178650136,
        0.1895627660167055,
        0.22202924000992394,
        0.5503450840102714
      ],
      "start": 7,
      "width": 7,
      "series_idx": 0,
      "control_points": [
        0.9284597343350003,
        0.5874655472047139,
        0.30444186750815166,
        0.024892844924988028,
        0.5503450840102714
      ]
    },
    {
      "pattern": [
        0.32937574382256957,
        0.6778260747196518,
        0.6865943009795384,
        0.5609688789697831,
        0.41854024685338626,
        0.2892008245887935
      ],
      "start": 7,
      "width": 6,
      "series_idx": 2,
      "control_points": [
        0.32937574382256957,
        0.8193689558580795,
        0.6560563834332847,
        0.3842855438584789,
        0.2892008245887935
      ]
    },
    {
      "pattern": [
        0.6677739887654701,
        0.605884844771541,
        0.5732172828033313,
        0.5619278573711397,
        0.5641731229852656,
        0.5721096341560078,
        0.5778939453936653,
        0.5736826112085375,
        0.5519498130354382,
        0.5124751515730368,
        0.46234364678385675,
        0.40895794555493714,
        0.3597206947733168,
        0.32203454132603504,
        0.3033021321001308,
        0.31092611398264297
      ],
      "start": 6,
      "width": 16,
      "series_idx": 1,
      "control_points": [
        0.6677739887654701,
        0.469987946673747,
        0.769385128404433,
        0.25275179798497605,
        0.31092611398264297
      ]
    },
    {
      "pattern": [
        0.7526155111594075,
        0.48188357316656105,
        0.5317110111369724,
        0.5659151312738298,
        0.477801898210807,
        0.3901659350120645
      ],
      "start": 10,
      "width": 6,
      "series_idx": 0,
      "control_points": [
        0.7526155111594075,
        0.2972834724154948,
        0.7756190564233303,
        0.42611582222812,
        0.3901659350120645
      ]
    }
  ]
}