{
  "patterns": [
    {
      "pattern": [
        1158.555812806255,
        1155.6763816353853,
        1154.0816704177676,
        1153.771679153402,
        1154.7464078422881,
        1157.0058564844264,
        1160.5500250798164,
        1165.3789136284588,
        1171.4925221303529,
        1178.890850585499,
        1187.5738989938975,
        1197.5416673555474,
        1208.7941556704495,
        1221.3313639386038,
        1235.1532921600096,
        1250.259940334668,
        1266.6513084625778,
        1284.32739654374,
        1303.288204578154,
        1323.53373256582,
        1345.063980506738,
        1367.878948400908,
        1391.97863624833,
        1417.3630440490042
      ],
      "start": 0,
      "width": 23.813110365610207,
      "center": 11,
      "series_idx": 0,
      "control_points": [
        0.8101788900743042,
        0.7818567934336045,
        0.9911629678664364
      ],
      "transform_type": "cumsum",
      "use_relative": true,
      "shift_tolerance": 0.26735141436138676,
      "score": 16.366569109312014
    },
    {
      "pattern": [
        1359.2965294090434,
        1110.8295012225308,
        909.7331937387797,
        756.0076069577898,
        649.6527408795612,
        590.6685955040937,
        579.0551708313876,
        614.8124668614428,
        697.9404835942591
      ],
      "start": 15,
      "width": 9.345737355128236,
      "center": 19,
      "series_idx": 1,
      "control_points": [
        0.9505570135727576,
        0.1892915910891405,
        0.4880702682477337
      ],
      "transform_type": "wavelet",
      "use_relative": false,
      "shift_tolerance": 0.7884973648154283,
      "score": 15.62502465118292
    },
    {
      "pattern": [
        852.891041868393,
        723.4606448532193,
        648.2933461888606,
        627.3891458753175,
        660.7480439125897,
        748.3700403006771,
        890.2551350395804
      ],
      "start": 10,
      "width": 6.74889056828417,
      "center": 13,
      "series_idx": 0,
      "control_points": [
        0.5964273020058692,
        0.2679756666410127,
        0.622556038489217
      ],
      "transform_type": "derivative",
      "use_relative": false,
      "shift_tolerance": 0.29638469447828386,
      "score": 14.630779749679764
    },
    {
      "pattern": [
        360.00723771723244,
        334.9980390475595
      ],
      "start": 9,
      "width": 2.192970762450776,
      "center": 10,
      "series_idx": 0,
      "control_points": [
        0.25175331308897375,
        0.14446783971475577,
        0.2342643629703213
      ],
      "transform_type": "derivative",
      "use_relative": false,
      "shift_tolerance": 0.3418167294301123,
      "score": 14.28204628825815
    },
    {
      "pattern": [
        824.8521438172419,
        871.4293432002228,
        934.2292764430935,
        1013.2519435458538,
        1108.4973445085045,
        1219.9654793310451,
        1347.6563480134757
      ],
      "start": 7,
      "width": 6.587269130164826,
      "center": 10,
      "series_idx": 2,
      "control_points": [
        0.5768196809910783,
        0.6575172315918524,
        0.9424170265828502
      ],
      "transform_type": "fft_power",
      "use_relative": false,
      "shift_tolerance": 0.6748600241912782,
      "score": 13.840102029150088
    },
    {
      "pattern": [
        527.0343172789048,
        570.2731507716851,
        612.7198258132993,
        654.3743424037477,
        695.2367005430302,
        735.3069002311466,
        774.5849414680973,
        813.0708242538819,
        850.7645485885007,
        887.6661144719536,
        923.7755219042406,
        959.0927708853615,
        993.6178614153166,
        1027.3507934941056,
        1060.2915671217288,
        1092.440182298186,
        1123.7966390234776,
        1154.3609372976032,
        1184.1330771205626
      ],
      "start": 2,
      "width": 19.390622434422568,
      "center": 11,
      "series_idx": 0,
      "control_points": [
        0.3685554666286048,
        0.6431807914294919,
        0.8280650888954983
      ],
      "transform_type": "derivative",
      "use_relative": false,
      "shift_tolerance": 0.9463631340818219,
      "score": 13.525199810114477
    },
    {
      "pattern": [
        933.4676507252733,
        745.8694870972433,
        807.4029165215418,
        1118.067938998169
      ],
      "start": 17,
      "width": 4.312761134173129,
      "center": 19,
      "series_idx": 0,
      "control_points": [
        0.6527745809267645,
        0.32532986747830894,
        0.7818656916071112
      ],
      "transform_type": "derivative",
      "use_relative": true,
      "shift_tolerance": 0.33560707075226975,
      "score": 13.025030573181759
    },
    {
      "pattern": [
        1196.540576348082,
        1028.403887112744,
        880.193043664566,
        751.9080460035487,
        643.5488941296915,
        555.1155880429942,
        486.60812774345743,
        438.0265132310808,
        409.37074450586437,
        400.64082156780813,
        411.8367444169122,
        442.9585130531764
      ],
      "start": 0,
      "width": 12.476068966865832,
      "center": 6,
      "series_idx": 0,
      "control_points": [
        0.8367416617818755,
        0.15174315359372903,
        0.3097611979392842
      ],
      "transform_type": "raw",
      "use_relative": false,
      "shift_tolerance": 0.5832892586586145,
      "score": 12.660116026886486
    },
    {
      "pattern": [
        375.573591663392,
        359.38882969274425,
        619.1951940832307
      ],
      "start": 9,
      "width": 2.766017711518151,
      "center": 10,
      "series_idx": 1,
      "control_points": [
        0.2626388752890853,
        0.15482046609243155,
        0.43300363222603544
      ],
      "transform_type": "cumsum",
      "use_relative": false,
      "shift_tolerance": 0.3502819709473523,
      "score": 12.404903363720301
    },
    {
      "pattern": [
        297.686336244132,
        396.34111158748715,
        433.3652895668788,
        408.7588701823074,
        322.52185343377266
      ],
      "start": 8,
      "width": 5.269363290248835,
      "center": 10,
      "series_idx": 0,
      "control_points": [
        0.2081722631077846,
        0.38924928971664713,
        0.22553975764599488
      ],
      "transform_type": "cumsum",
      "use_relative": true,
      "shift_tolerance": 0.23825199128516503,
      "score": 12.149295783445247
    },
    {
      "pattern": [
        250.10105347314064,
        337.7730855190834,
        421.47200533030514,
        501.197812906806,
        576.950508248586,
        648.7300913556452,
        716.5365622279834,
        780.3699208656008,
        840.2301672684972,
        896.1173014366726,
        948.0313233701273,
        995.9722330688612,
        1039.940030532874,
        1079.9347157621662,
        1115.9562887567372,
        1148.0047495165873,
        1176.0800980417166,
        1200.182334332125,
        1220.3114583878125,
        1236.467470208779,
        1248.650369795025,
        1256.8601571465497,
        1261.0968322633537
      ],
      "start": 0,
      "width": 23.1363913111344,
      "center": 6,
      "series_idx": 2,
      "control_points": [
        0.17489584158960883,
        0.8645772889996329,
        0.8818858966876599
      ],
      "transform_type": "raw",
      "use_relative": true,
      "shift_tolerance": 0.633591643158593,
      "score": 11.912955564853865
    },
    {
      "pattern": [
        148.84347200401152,
        137.740044086284,
        135.84097872379795,
        143.1462759165533,
        159.65593566455016,
        185.36995796778845,
        220.28834282626823,
        264.41109023998945,
        317.73820020895215,
        380.2696727331563,
        452.0055078126019
      ],
      "start": 11,
      "width": 11.382863754136135,
      "center": 16,
      "series_idx": 1,