{
  "subject_id": "20",
  "patterns": [
    {
      "pattern": [
        0.8246124634261611,
        0.8319550721631446,
        0.7934991253791299,
        0.7233043928527935,
        0.635430644362811,
        0.5437419189233637,
        0.4576004479652368,
        0.38186665533582076,
        0.3212052341180102,
        0.2802808773947002
      ],
      "start": 12,
      "width": 10,
      "series_idx": 0,
      "control_points": [
        0.8246124634261611,
        0.8770051780617228,
        0.5777469115600454,
        0.32453226756734244,
        0.2802808773947002
      ]
    },
    {
      "pattern": [
        0.0635303539108571,
        0.20870517405874447,
        0.3160822684883653,
        0.38985436671248264,
        0.4342141982438592,
        0.4533544925952583,
        0.45146797927944277,
        0.43274738780917577,
        0.40138544769721995,
        0.36157488845633845,
        0.3175084395992943,
        0.2733501378448232,
        0.23260408564903187,
        0.19811445120539853,
        0.17269670991337405,
        0.1591663371724091,
        0.16033880838195452,
        0.17902959894146123,
        0.2180541842503798,
        0.2802280397081611,
        0.36836664071425623,
        0.48528546266811573
      ],
      "start": 2,
      "width": 22,
      "series_idx": 2,
      "control_points": [
        0.0635303539108571,
        0.6426797622003195,
        0.25782934903890914,
        0.022419477871660872,
        0.48528546266811573
      ]
    },
    {
      "pattern": [
        0.8679631585124085,
        0.8360708340713661,
        0.7324426698028468,
        0.6099895353767263,
        0.5216223004628803,
        0.5173301090906954,
        0.5799024155583129,
        0.6249289844326279,
        0.5650778546400469,
        0.31301706510697586
      ],
      "start": 4,
      "width": 10,
      "series_idx": 1,
      "control_points": [
        0.8679631585124085,
        0.9003819865563905,
        0.12385435353722417,
        0.8789314747487464,
        0.31301706510697586
      ]
    },
    {
      "pattern": [
        0.7326924994865571,
        0.7516663318559758,
        0.6588330552828717,
        0.5342013068068034,
        0.4550761698803261,
        0.4365809954549247,
        0.43165740198101377,
        0.390543454322005
      ],
      "start": 2,
      "width": 8,
      "series_idx": 0,
      "control_points": [
        0.7326924994865571,
        0.8511639207605118,
        0.3048591338815912,
        0.4789726301963845,
        0.390543454322005
      ]
    },
    {
      "pattern": [
        0.7068216116576977,
        0.33029596736539496,
        0.3507040243602735,
        0.5367513484202182,
        0.6718831908772401,
        0.5985035452798539,
        0.17375609073070014
      ],
      "start": 1,
      "width": 7,
      "series_idx": 1,
      "control_points": [
        0.7068216116576977,
        0.05473097198109915,
        0.6352340991557917,
        0.8218062233881905,
        0.17375609073070014
      ]
    },
    {
      "pattern": [
        0.10681764262936161,
        0.2666938550300771,
        0.3671700753601532,
        0.49341652046888634,
        0.5245080473725476,
        0.13342415325438395
      ],
      "start": 0,
      "width": 6,
      "series_idx": 2,
      "control_points": [
        0.10681764262936161,
        0.290945284289425,
        0.33934457440379673,
        0.7285619267329421,
        0.13342415325438395
      ]
    },
    {
      "pattern": [
        0.7716533301877386,
        0.76757910019774,
        0.7309680000232838,
        0.6716246007993907,
        0.5993534736610812,
        0.5239591897433763,
        0.4552463201812966,
        0.40301943610986274,
        0.3767420626726865,
        0.37803366721097287,
        0.4006696592635201,
        0.4380844023777176,
        0.48371226010095464,
        0.5309875959806205,
        0.5733447735641045,
        0.6042181563987961
      ],
      "start": 4,
      "width": 16,
      "series_idx": 1,
      "control_points": [
        0.7716533301877386,
        0.8103093188891646,
        0.09371927155179832,
        0.5468608064585668,
        0.6042181563987961
      ]
    },
    {
      "pattern": [
        0.8110778870652626,
        0.46285383657676,
        0.30782214495043797,
        0.23391152032948723,
        0.16838531446097293,
        0.19584545350745794,
        0.4402285072353799
      ],
      "start": 1,
      "width": 7,
      "series_idx": 0,
      "control_points": [
        0.8110778870652626,
        0.3289005598600664,
        0.2803368576066444,
        0.04607180624459372,
        0.4402285072353799
      ]
    },
    {
      "pattern": [
        0.9769447603848115,
        0.8260022017035067,
        0.6807177030559552,
        0.5449006968469091,
        0.4223606154811198,
        0.3169068913633392,
        0.232348956898319,
        0.17244920835413216,
        0.13988821085524353,
        0.1362646983825092,
        0.16313036878010684,
        0.22203691989221402,
        0.31453604956300824,
        0.4421794556366671
      ],
      "start": 10,
      "width": 14,
      "series_idx": 0,
      "control_points": [
        0.9769447603848115,
        0.6465242416088498,
        0.011718043165367967,
        0.12642510570872992,
        0.4421794556366671
      ]
    },
    {
      "pattern": [
        0.18656271076550363,
        0.4360411614202428,
        0.5574120514069052,
        0.5836773037468075,
        0.5478388414612665,
        0.4828985875715987,
        0.42185846509912117,
        0.39234905999628295,
        0.4005156099400646,
        0.44713201553857873,
        0.5329721773999383,
        0.6588099961322563,
        0.8254193723436458
      ],
      "start": 4,
      "width": 13,
      "series_idx": 1,
      "control_points": [
        0.18656271076550363,
        0.8356284547572699,
        0.20044613846808043,
        0.4509131287030538,
        0.8254193723436458
      ]
    },
    {
      "pattern": [
        0.8161499830463392,
        0.35340058301602545,
        0.2000630037012301,
        0.1984478244860344,
        0.23277842720309008,
        0.35492940347933216,
        0.6586881473902667
      ],
      "start": 7,
      "width": 7,
      "series_idx": 1,
      "control_points": [
        0.8161499830463392,
        0.14613153245295962,
        0.20739835526051364,
        0.2328630549701507,
        0.6586881473902667
      ]
    },
    {
      "pattern": [
        0.13444724411254125,
        0.3098077344647322,
        0.3860837401270799,
        0.3881073177571008,
        0.3407105240123113,
        0.26872541555022805,
        0.1971571565332812,
        0.15499238373691132,
        0.1751992065495699,
        0.29091884186462197,
        0.5352925065754325,
        0.9414614175753656
      ],
      "start": 12,
      "width": 12,
      "series_idx": 1,
      "control_points": [
        0.13444724411254125,
        0.5619440664590636,
        0.16744591923289562,
        0.02825313909784609,
        0.9414614175753656
      ]
    },
    {
      "pattern": [
        0.5138749042927996,
        0.2749072350178056,
        0.2074088913343568,
        0.2223594886638417,
        0.2329613037919527,
        0.2035378248833721,
        0.1495337514817718,
        0.08861644449512796
      ],
      "start": 2,
      "width": 8,
      "series_idx": 0,
      "control_points": [
        0.5138749042927996,
        0.10043647842966741,
        0.337225943231543,
        0.15684871521771945,
        0.08861644449512796
      ]
    }
  ]
}