{
  "patterns": [
    {
      "pattern": [
        97.80609069729732,
        106.16970840403788,
        113.25300568668814,
        119.05598254524811,
        123.57863897971777,
        126.82097499009713,
        128.7829905763862,
        129.46468573858496,
        128.8660604766934,
        126.98711479071159,
        123.82784868063943,
        119.388262146477,
        113.66835518822427,
        106.66812780588124,
        98.3875799994479,
        88.82671176892428,
        77.98552311431033,
        65.86401403560609,
        52.46218453281154
      ],
      "start": 0,
      "width": 19.068671289775214,
      "center": 8,
      "series_idx": 0,
      "control_points": [
        0.3196277473767886,
        0.5844447449881331,
        0.17144504749284817
      ],
      "transform_type": "derivative",
      "use_relative": false,
      "shift_tolerance": 0.6082356722775889,
      "score": 19.029678850437215
    },
    {
      "pattern": [
        14.741391878115158,
        38.10521628795843,
        59.52324344512773,
        78.99547334962307,
        96.52190600144442,
        112.10254140059183,
        125.73737954706526,
        137.42642044086472,
        147.16966408199022,
        154.96711047044175,
        160.81875960621932,
        164.72461148932288,
        166.68466611975253,
        166.69892349750822,
        164.76738362258988,
        160.8900464949976,
        155.06691211473134,
        147.29798048179114,
        137.58325159617698,
        125.92272545788882,
        112.3164020669267,
        96.76428142329063,
        79.26636352698054,
        59.82264837799654
      ],
      "start": 0,
      "width": 23.528268959671227,
      "center": 1,
      "series_idx": 2,
      "control_points": [
        0.04817448326181424,
        0.9627898914842747,
        0.19549885090848543
      ],
      "transform_type": "fft_power",
      "use_relative": true,
      "shift_tolerance": 0.14576859982220153,
      "score": 17.73644048676911
    },
    {
      "pattern": [
        121.81347261562271,
        159.80972376465485,
        178.8241000211734,
        178.85660138517835
      ],
      "start": 21,
      "width": 3.7067955324824013,
      "center": 22,
      "series_idx": 0,
      "control_points": [
        0.3980832438419043,
        0.6308635800933204,
        0.5844986973371842
      ],
      "transform_type": "derivative",
      "use_relative": false,
      "shift_tolerance": 0.23779470715658313,
      "score": 16.983474640436732
    },
    {
      "pattern": [
        74.31008589867335,
        77.06287493140763,
        79.47488368336099,
        81.5461121545334,
        83.27656034492485,
        84.66622825453538,
        85.71511588336497,
        86.42322323141362,
        86.79055029868132,
        86.81709708516809,
        86.50286359087393,
        85.84784981579881,
        84.85205575994276,
        83.51548142330577,
        81.83812680588784,
        79.81999190768896,
        77.46107672870914
      ],
      "start": 0,
      "width": 16.587910814565674,
      "center": 7,
      "series_idx": 0,
      "control_points": [
        0.24284341796952075,
        0.31926640288781505,
        0.2531407736232325
      ],
      "transform_type": "raw",
      "use_relative": false,
      "shift_tolerance": 0.037887467214094965,
      "score": 16.41507691246532
    },
    {
      "pattern": [
        105.97562701572951,
        231.04358280488722
      ],
      "start": 17,
      "width": 2.064191841271985,
      "center": 18,
      "series_idx": 0,
      "control_points": [
        0.3463255784827762,
        0.9413410359402351,
        0.7550443882512654
      ],
      "transform_type": "derivative",
      "use_relative": false,
      "shift_tolerance": 0.36105430590064075,
      "score": 15.746458306881117
    },
    {
      "pattern": [
        252.27393401387494,
        268.1906880763498,
        282.9449940643511,
        296.53685197787894
      ],
      "start": 16,
      "width": 3.926114033020922,
      "center": 17,
      "series_idx": 1,
      "control_points": [
        0.8244246209603756,
        0.905297062625628,
        0.969074679666271
      ],
      "transform_type": "derivative",
      "use_relative": true,
      "shift_tolerance": 0.13424477369560484,
      "score": 15.073681855294502
    },
    {
      "pattern": [
        247.56979573921043,
        237.9050652202782,
        228.07783682935846,
        218.0881105664512,
        207.9358864315564,
        197.6211644246741,
        187.14394454580423,
        176.5042267949468,
        165.70201117210192,
        154.73729767726942,
        143.61008631044945,
        132.32037707164193,
        120.86816996084687,
        109.25346497806427,
        97.47626212329415,
        85.53656139653651,
        73.43436279779134
      ],
      "start": 3,
      "width": 17.27654272068567,
      "center": 11,
      "series_idx": 1,
      "control_points": [
        0.8090516200627792,
        0.5585030819467415,
        0.23998157777055992
      ],
      "transform_type": "spectral_entropy",
      "use_relative": false,
      "shift_tolerance": 0.14842040786942326,
      "score": 14.86907067534666
    },
    {
      "pattern": [
        265.3501637042483,
        230.3985867575255,
        202.59730642899538,
        181.9463227186579,
        168.44563562651314,
        162.095245152561,
        162.89515129680154,
        170.84535405923475,
        185.94585343986066
      ],
      "start": 11,
      "width": 9.045407270764207,
      "center": 15,
      "series_idx": 0,
      "control_points": [
        0.8671573977263016,
        0.3635400741208228,
        0.6076661877119629
      ],
      "transform_type": "derivative",
      "use_relative": true,
      "shift_tolerance": 0.2685076355890076,
      "score": 14.497473474777848
    },
    {
      "pattern": [
        93.28317575129692,
        109.38429725200058,
        97.88578653408076,
        58.787643597537446
      ],
      "start": 16,
      "width": 3.7694587594994564,
      "center": 17,
      "series_idx": 0,
      "control_points": [
        0.3048469795794017,
        0.45142020315790854,
        0.19211648234489362
      ],
      "transform_type": "cumsum",
      "use_relative": true,
      "shift_tolerance": 0.18202484808418037,
      "score": 14.082654413984514
    },
    {
      "pattern": [
        297.7838874771211,
        262.87039263086587,
        233.5273656881704,
        209.7548066490345,
        191.55271551345834,
        178.9210922814418,
        171.85993695298495,
        170.36924952808775,
        174.4490300067503,
        184.09927838897244,
        199.31999467475427,
        220.1111788640958,
        246.472830956997
      ],
      "start": 10,
      "width": 13.101167935313448,
      "center": 16,
      "series_idx": 0,
      "control_points": [
        0.9731499590755591,
        0.233959198329774,
        0.8054667678333235
      ],
      "transform_type": "raw",
      "use_relative": false,
      "shift_tolerance": 0.7748717052913083,
      "score": 13.854769176423735
    },
    {
      "pattern": [
        195.41934661810825,
        207.0421808572761,
        218.01734162455264,
        228.3448289199379,
        238.02464274343188,
        247.05678309503452,
        255.44124997474594,
        263.178043382566,
        270.2671633184948,
        276.7086097825323,
        282.5023827746785,
        287.64848229493344,
        292.14690834329707,
        295.9976609197694,
        299.2007400243504,
        301.7561456570402,
        303.6638778178386,
        304.9239365067458,
        305.53632172376166
      ],
      "start": 0,
      "width": 19.31192520424092,
      "center": 1,
      "series_idx": 1,
      "control_points": [
        0.6386253157454518,
        0.9899979914840837,
        0.998484711515561
      ],
      "transform_type": "derivative",
      "use_relative": false,
      "shift_tolerance": 0.9835835419947291,