{
  "subject_id": "6",
  "patterns": [
    {
      "pattern": [
        0.23310702488989843,
        0.44854861773624904,
        0.5414856005294167,
        0.5545717450744749,
        0.5304608231764967,
        0.5118066066405553,
        0.539617017608815,
        0.6170454359765242,
        0.7093906993920165,
        0.7803057958407158,
        0.7934437133080462,
        0.7124574397794318
      ],
      "start": 12,
      "width": 12,
      "series_idx": 0,
      "control_points": [
        0.23310702488989843,
        0.7664453648711705,
        0.16777502776296396,
        0.9694248458926373,
        0.7124574397794318
      ]
    },
    {
      "pattern": [
        0.012560265946289784,
        0.13701639639922303,
        0.2442127690830159,
        0.33615600111887145,
        0.4148527096279924,
        0.48230951173158204,
        0.5405330245508431,
        0.5915298652069783,
        0.6373066508211912,
        0.6798699985146841,
        0.7199970781888474,
        0.7535472708658181,
        0.7751505103479212,
        0.7794367304374807,
        0.7610358649368212,
        0.714577847648267,
        0.6346926123741425,
        0.5160100929167724,
        0.35316022307848066
      ],
      "start": 1,
      "width": 19,
      "series_idx": 1,
      "control_points": [
        0.012560265946289784,
        0.41382491108000297,
        0.6961620793081603,
        0.913330924362413,
        0.35316022307848066
      ]
    },
    {
      "pattern": [
        0.20349627688280575,
        0.44448258366428506,
        0.6784596769696665,
        0.7657007643888509,
        0.7676715625463247,
        0.9470302971011593
      ],
      "start": 6,
      "width": 6,
      "series_idx": 0,
      "control_points": [
        0.20349627688280575,
        0.3659958457038272,
        0.9857138986100561,
        0.6482625653477083,
        0.9470302971011593
      ]
    },
    {
      "pattern": [
        0.7021209284336178,
        0.7784994495772979,
        0.7808013749693796,
        0.7374817163372233,
        0.6769954854081895,
        0.6277976939096386,
        0.6170921059810321,
        0.643303791240159,
        0.6760791247831348,
        0.6838132341181763,
        0.6349012467535003,
        0.49773829019732396
      ],
      "start": 12,
      "width": 12,
      "series_idx": 2,
      "control_points": [
        0.7021209284336178,
        0.9274409371360502,
        0.34422057912807946,
        0.8494145210541681,
        0.49773829019732396
      ]
    },
    {
      "pattern": [
        0.05885628272670558,
        0.2711947174131378,
        0.3520688093325395,
        0.34080886588634374,
        0.27674519447598356,
        0.198988811348984,
        0.14160703621297882,
        0.13362349223571077,
        0.20384251143101445,
        0.3810684258127245
      ],
      "start": 0,
      "width": 10,
      "series_idx": 1,
      "control_points": [
        0.05885628272670558,
        0.4956273455323434,
        0.21630558250648907,
        0.020572216843437574,
        0.3810684258127245
      ]
    },
    {
      "pattern": [
        0.8890133894007886,
        0.30594358738710437,
        0.3099703716678358,
        0.4687581680260846,
        0.5561269914337489,
        0.5520524460515241
      ],
      "start": 11,
      "width": 6,
      "series_idx": 0,
      "control_points": [
        0.8890133894007886,
        0.03591529323799852,
        0.47220961549113427,
        0.5966218345749529,
        0.5520524460515241
      ]
    },
    {
      "pattern": [
        0.9896848099552386,
        0.6739643732118965,
        0.561559294126742,
        0.5633618853330686,
        0.5912693775174268,
        0.5611986735793951,
        0.39007159447180884
      ],
      "start": 1,
      "width": 7,
      "series_idx": 0,
      "control_points": [
        0.9896848099552386,
        0.5426041319272336,
        0.5257119109459069,
        0.659419587513227,
        0.39007159447180884
      ]
    }
  ]
}