{
  "patterns": [
    {
      "pattern": [
        97.49510724416282,
        113.08698894103512,
        127.93338028383475,
        142.03428127256186,
        155.38969190721636,
        167.99961218779833,
        179.86404211430764,
        190.9829816867445,
        201.35643090510862,
        210.98438976940025,
        219.8668582796193,
        228.00383643576575,
        235.39532423783965,
        242.04132168584093,
        247.94182877976962,
        253.09684551962576,
        257.5063719054093,
        261.1704079371203,
        264.0889536147587,
        266.26200893832447,
        267.6895739078177,
        268.3716485232384,
        268.30823278458644
      ],
      "start": 0,
      "width": 23.215240422157716,
      "center": 7,
      "series_idx": 0,
      "control_points": [
        0.34450567930799586,
        0.9650388793539112,
        0.9480856282140864
      ],
      "transform_type": "raw",
      "use_relative": false,
      "shift_tolerance": 0.9696679625138064,
      "score": 21.927861237969243
    },
    {
      "pattern": [
        214.4639516382716,
        201.84439526461261,
        189.50440813143908,
        177.44399023875098,
        165.66314158654828
      ],
      "start": 13,
      "width": 5.108608403855461,
      "center": 15,
      "series_idx": 0,
      "control_points": [
        0.7578231506652706,
        0.6676511295069549,
        0.5853821257475205
      ],
      "transform_type": "derivative",
      "use_relative": true,
      "shift_tolerance": 0.36429332344859267,
      "score": 20.488947340512645
    },
    {
      "pattern": [
        252.10367129592302,
        214.16624859072655,
        177.5278160583116,
        142.18837369867825,
        108.14792151182654,
        75.40645949775642,
        43.963987656467886,
        13.820505987960951
      ],
      "start": 15,
      "width": 7.854423969342967,
      "center": 18,
      "series_idx": 0,
      "control_points": [
        0.8908256936251697,
        0.41360232871154556,
        0.048835710204809014
      ],
      "transform_type": "cumsum",
      "use_relative": true,
      "shift_tolerance": 0.3288588632880756,
      "score": 19.49824045856911
    },
    {
      "pattern": [
        197.00287946349303,
        192.5091621936695,
        187.73632932573688,
        182.68438085969498,
        177.35331679554383,
        171.74313713328348,
        165.85384187291402,
        159.6854310144353,
        153.23790455784734,
        146.51126250315016,
        139.5055048503438,
        132.22063159942823,
        124.65664275040345,
        116.81353830326944,
        108.69131825802626,
        100.28998261467386,
        91.60953137321222,
        82.64996453364138,
        73.41128209596135,
        63.89348406017212,
        54.09657042627365,
        44.020541194265974
      ],
      "start": 0,
      "width": 22.03431888890065,
      "center": 11,
      "series_idx": 2,
      "control_points": [
        0.6961232489876079,
        0.5345731626163245,
        0.1555496155274416
      ],
      "transform_type": "raw",
      "use_relative": false,
      "shift_tolerance": 0.6248782873946915,
      "score": 18.29487433758815
    },
    {
      "pattern": [
        8.273614115349154,
        24.59608869772756,
        38.35357391073075,
        49.54606975435871,
        58.17357622861145,
        64.23609333348898,
        67.73362106899131,
        68.6661594351184,
        67.03370843187028,
        62.83626805924694,
        56.07383831724838
      ],
      "start": 16,
      "width": 11.276378244481759,
      "center": 21,
      "series_idx": 1,
      "control_points": [
        0.029235385566604787,
        0.3402772454087605,
        0.19814077143904021
      ],
      "transform_type": "raw",
      "use_relative": false,
      "shift_tolerance": 0.29183412073740755,
      "score": 18.00907293272171
    },
    {
      "pattern": [
        199.22161730851437,
        217.41794125141186,
        230.60000689451223,
        238.7678142378156
      ],
      "start": 7,
      "width": 3.934923806441841,
      "center": 8,
      "series_idx": 1,
      "control_points": [
        0.7039633120442204,
        0.8136989291438457,
        0.8437025238085357
      ],
      "transform_type": "raw",
      "use_relative": true,
      "shift_tolerance": 0.1749132857462843,
      "score": 17.718613603647245
    },
    {
      "pattern": [
        89.40743967787641,
        89.4630468043696,
        90.74564216686552,
        93.25522576536413,
        96.99179759986546,
        101.95535767036952,
        108.1459059768763,
        115.56344251938582,
        124.20796729789807,
        134.079480312413,
        145.17798156293065
      ],
      "start": 11,
      "width": 11.162662143686518,
      "center": 16,
      "series_idx": 0,
      "control_points": [
        0.31592734868507566,
        0.3060706880577227,
        0.5129964012824405
      ],
      "transform_type": "raw",
      "use_relative": true,
      "shift_tolerance": 0.2483625247681197,
      "score": 16.88204117509057
    },
    {
      "pattern": [
        270.6425830636398,
        268.9694358637334,
        266.08961554629565,
        262.0031221113265,
        256.70995555882604,
        250.21011588879426,
        242.50360310123114,
        233.59041719613668,
        223.47055817351085,
        212.14402603335367,
        199.6108207756652,
        185.87094240044527,
        170.9243909076941,
        154.77116629741155,
        137.4112685695976
      ],
      "start": 0,
      "width": 15.157302445906408,
      "center": 5,
      "series_idx": 2,
      "control_points": [
        0.9563342157725787,
        0.9298724684652108,
        0.48555218575829545
      ],
      "transform_type": "cumsum",
      "use_relative": false,
      "shift_tolerance": 0.12451669946096008,
      "score": 16.81798842565598
    },
    {
      "pattern": [
        163.62585514359128,
        141.57084250881417,
        110.35613092182963,
        69.98172038263766,
        20.447610891238263
      ],
      "start": 11,
      "width": 4.811459231986895,
      "center": 13,
      "series_idx": 0,
      "control_points": [
        0.5781832337229373,
        0.4546838474425601,
        0.07225304201850977
      ],
      "transform_type": "raw",
      "use_relative": true,
      "shift_tolerance": 0.20510544072251585,
      "score": 16.34042357054881
    },
    {
      "pattern": [
        272.8944474097494,
        216.79695129700764,
        167.1977149337916,
        124.09673832010127,
        87.49402145593672,
        57.3895643412979,
        33.783366976184794
      ],
      "start": 0,
      "width": 6.616089066553753,
      "center": 0,
      "series_idx": 0,
      "control_points": [
        0.9642913336033547,
        0.335175157057369,
        0.11937585503952225
      ],
      "transform_type": "spectral_entropy",
      "use_relative": false,
      "shift_tolerance": 0.8037040483796333,
      "score": 16.09068289751845
    },
    {
      "pattern": [
        147.05027996539363,
        134.90162915139442,
        125.15420041760848,
        117.8079937640358,
        112.8630091906764,
        110.31924669753026,
        110.17670628459737,
        112.43538795187779,
        117.09529169937144,
        124.15641752707839,
        133.61876543499858,
        145.48233542313204,
        159.74712749147875,
        176.41314164003876,
        195.480377868812,
        216.94883617779857,
        240.81851656699837,
        267.0894190364114
      ],
      "start": 0,
      "width": 17.82170733323986,
      "center": 0,
      "series_idx": 0,
      "control_points": [
        0.519612296697504,
        0.11866273570845924,
        0.9437788658530439
      ],
      "transform_type": "cumsum",
      "use_relative": false,
      "shift_tolerance": 0.5320343668087637,