{
  "subject_id": "9",
  "patterns": [
    {
      "pattern": [
        0.06278007427802691,
        0.11676579248118875,
        0.19010808151925584,
        0.275861815464755,
        0.3670818683902131,
        0.4568231143681569,
        0.5384192130700722,
        0.6116158929435058,
        0.6825709512120637,
        0.7577209706983121,
        0.8435025342248165,
        0.9463522246141426
      ],
      "start": 12,
      "width": 12,
      "series_idx": 2,
      "control_points": [
        0.06278007427802691,
        0.13976612409614908,
        0.5589469994197094,
        0.7382152086623344,
        0.9463522246141426
      ]
    },
    {
      "pattern": [
        0.036862992280446955,
        0.45643995061322423,
        0.6882328848995333,
        0.7753307407287914,
        0.7608224636904154,
        0.6868790189932283,
        0.5745578230923815,
        0.4238027436893546,
        0.2336396681050328,
        0.0030944836603016
      ],
      "start": 0,
      "width": 10,
      "series_idx": 1,
      "control_points": [
        0.036862992280446955,
        0.8286109206091727,
        0.8537142322243976,
        0.37968589831226257,
        0.0030944836603016
      ]
    },
    {
      "pattern": [
        0.8497052056434624,
        0.8418566636880005,
        0.8336437407043441,
        0.8243706838453603,
        0.8133417402639154,
        0.7998611571128772,
        0.7832331815451121,
        0.7627620607134874,
        0.7377520417708697,
        0.7075073718701261,
        0.6713322981641239,
        0.6285310678057296,
        0.578775455676038,
        0.5232073475690533,
        0.4633361570070079,
        0.4006712975121336,
        0.3367221826066627,
        0.2729982258128271,
        0.21100884065285883,
        0.15226344064899006,
        0.09827143932345271,
        0.050542250198479015,
        0.010585286796300934
      ],
      "start": 0,
      "width": 23,
      "series_idx": 0,
      "control_points": [
        0.8497052056434624,
        0.8207448857675187,
        0.7761895760461496,
        0.1410002333631007,
        0.010585286796300934
      ]
    },
    {
      "pattern": [
        0.0628654719865491,
        0.23361412353227792,
        0.3403223006785439,
        0.39508319717583096,
        0.4099900067746231,
        0.39713592322540414,
        0.36861414027865796,
        0.33651785168486853,
        0.31009130990752587,
        0.2871830022621453,
        0.26279247477724826,
        0.23191927348135616,
        0.1895629444029905,
        0.1307230335706728,
        0.050399087012924365
      ],
      "start": 7,
      "width": 15,
      "series_idx": 1,
      "control_points": [
        0.0628654719865491,
        0.545398696420777,
        0.26694856550677043,
        0.2667755793051563,
        0.050399087012924365
      ]
    },
    {
      "pattern": [
        0.041968650092858606,
        0.21227730567552305,
        0.36715438694144875,
        0.49184712457778895,
        0.5716027492716965,
        0.592016022043922,
        0.5466749015879514,
        0.43716054427000633,
        0.2654016367899056,
        0.033326865847467996
      ],
      "start": 5,
      "width": 10,
      "series_idx": 2,
      "control_points": [
        0.041968650092858606,
        0.301628929547986,
        0.8163675546819703,
        0.42571157650796737,
        0.033326865847467996
      ]
    },
    {
      "pattern": [
        0.222016963650432,
        0.31837036683714887,
        0.3880303241794731,
        0.4417326496462969,
        0.49021315720651215,
        0.5442076608290112,
        0.6139409503845301,
        0.6978842614862284,
        0.7827552754896874,
        0.854760649652333,
        0.9001070412315912,
        0.9050011074848879
      ],
      "start": 11,
      "width": 12,
      "series_idx": 2,
      "control_points": [
        0.222016963650432,
        0.42969463671998465,
        0.46763827974180283,
        0.9415392159119925,
        0.9050011074848879
      ]
    }
  ]
}