{
  "dataset": "REMC",
  "metric": "auc",
  "polynomial_degree": 3,
  "n_patterns": 11,
  "patterns": [
    {
      "pattern_id": 0,
      "pattern_start": 55,
      "pattern_width": 38,
      "pattern_values": [
        2.0113494396209717,
        1.0435014963150024,
        0.12422794103622437,
        -0.7474554777145386,
        -1.5725288391113281,
        -2.351975440979004,
        -3.0867743492126465,
        -3.7779088020324707,
        -4.426360130310059,
        -5.033111095428467,
        -5.599141597747803,
        -6.125433444976807,
        -6.612968921661377,
        -7.0627288818359375,
        -7.475696086883545,
        -7.852851390838623,
        -8.195176124572754,
        -8.503652572631836,
        -8.77926254272461,
        -9.022985458374023,
        -9.23580551147461,
        -9.41870403289795,
        -9.572662353515625,
        -9.698659896850586,
        -9.797680854797363,
        -9.870708465576172,
        -9.918719291687012,
        -9.94269847869873,
        -9.943626403808594,
        -9.922484397888184,
        -9.880256652832031,
        -9.81792163848877,
        -9.736462593078613,
        -9.636859893798828,
        -9.520097732543945,
        -9.387153625488281,
        -9.239012718200684,
        -9.076656341552734
      ],
      "series_index": 0
    },
    {
      "pattern_id": 1,
      "pattern_start": 5,
      "pattern_width": 69,
      "pattern_values": [
        -7.549554347991943,
        -7.707474708557129,
        -7.8531293869018555,
        -7.987063884735107,
        -8.109821319580078,
        -8.22195053100586,
        -8.323993682861328,
        -8.416497230529785,
        -8.500005722045898,
        -8.575066566467285,
        -8.642220497131348,
        -8.702017784118652,
        -8.754999160766602,
        -8.801713943481445,
        -8.842703819274902,
        -8.878517150878906,
        -8.909695625305176,
        -8.936786651611328,
        -8.960335731506348,
        -8.980887413024902,
        -8.998987197875977,
        -9.015178680419922,
        -9.030009269714355,
        -9.044022560119629,
        -9.057765007019043,
        -9.071781158447266,
        -9.086616516113281,
        -9.102814674377441,
        -9.120923042297363,
        -9.141485214233398,
        -9.165048599243164,
        -9.192154884338379,
        -9.22335433959961,
        -9.259186744689941,
        -9.300200462341309,
        -9.346940040588379,
        -9.39995002746582,
        -9.459776878356934,
        -9.52696418762207,
        -9.602058410644531,
        -9.6856050491333,
        -9.77814769744873,
        -9.880231857299805,
        -9.99240493774414,
        -10.115208625793457,
        -10.249192237854004,
        -10.394896507263184,
        -10.552871704101562,
        -10.723657608032227,
        -10.907803535461426,
        -11.105853080749512,
        -11.318349838256836,
        -11.545842170715332,
        -11.788873672485352,
        -12.047989845275879,
        -12.323734283447266,
        -12.616655349731445,
        -12.927294731140137,
        -13.25620174407959,
        -13.603917121887207,
        -13.970989227294922,
        -14.357962608337402,
        -14.765380859375,
        -15.193790435791016,
        -15.64373779296875,
        -16.115766525268555,
        -16.61042022705078,
        -17.12824821472168,
        -17.66979217529297
      ],
      "series_index": 4
    },
    {
      "pattern_id": 2,
      "pattern_start": 9,
      "pattern_width": 115,
      "pattern_values": [
        6.606256008148193,
        6.707200050354004,
        6.801863193511963,
        6.890409469604492,
        6.972999572753906,
        7.049794673919678,
        7.1209564208984375,
        7.186646461486816,
        7.247026443481445,
        7.302257537841797,
        7.352502822875977,
        7.397922515869141,
        7.4386796951293945,
        7.474935054779053,
        7.5068488121032715,
        7.534584999084473,
        7.5583038330078125,
        7.578168869018555,
        7.594339370727539,
        7.606977939605713,
        7.616246700286865,
        7.6223063468933105,
        7.625319480895996,
        7.625446796417236,
        7.6228508949279785,
        7.617692470550537,
        7.610135078430176,
        7.600337505340576,
        7.588462829589844,
        7.574673652648926,
        7.559128761291504,
        7.541993141174316,
        7.523427486419678,
        7.503592014312744,
        7.482649803161621,
        7.460761070251465,
        7.438089370727539,
        7.414794445037842,
        7.391039848327637,
        7.36698579788208,
        7.3427934646606445,
        7.318626403808594,
        7.294645309448242,
        7.271010875701904,
        7.2478861808776855,
        7.225432395935059,
        7.203810691833496,
        7.183183670043945,
        7.163712024688721,
        7.145557403564453,
        7.12888240814209,
        7.113847732543945,
        7.100615978240967,
        7.089346885681152,
        7.080204486846924,
        7.0733489990234375,
        7.068942546844482,
        7.067146301269531,
        7.068122386932373,
        7.0720319747924805,
        7.079037189483643,
        7.089300155639648,
        7.102981090545654,
        7.120243072509766,
        7.141246795654297,
        7.166153907775879,
        7.195126056671143,
        7.228325843811035,
        7.265913963317871,
        7.308052062988281,
        7.354902744293213,
        7.406626224517822,
        7.463384628295898,
        7.525341033935547,
        7.592655181884766,
        7.6654887199401855,
        7.74400520324707,
        7.828364849090576,
        7.918728828430176,
        8.015259742736816,
        8.118119239807129,
        8.227468490600586,
        8.343469619750977,
        8.466283798217773,
        8.59607219696045,
        8.73299789428711,
        8.87722110748291,
        9.028905868530273,
        9.188210487365723,
        9.355297088623047,
        9.530330657958984,
        9.713468551635742,
        9.904876708984375,
        10.104713439941406,
        10.313140869140625,
        10.530323028564453,
        10.756418228149414,
        10.99159049987793,
        11.236000061035156,
        11.489809036254883,
        11.753179550170898,
        12.02627182006836,
        12.309250831604004,
        12.602273941040039,
        12.905505180358887,
        13.219106674194336,
        13.543237686157227,
        13.87806224822998,
        14.223739624023438,
        14.580434799194336,
        14.948308944702148,
        15.327520370483398,
        15.718233108520508,
        16.12060546875,
        16.534805297851562
      ],
      "series_index": 1
    },
    {
      "pattern_id": 3,
      "pattern_start": 31,
      "pattern_width": 64,