{
  "dataset": "REMC",
  "metric": "auc",
  "polynomial_degree": 3,
  "n_patterns": 9,
  "patterns": [
    {
      "pattern_id": 0,
      "pattern_start": 0,
      "pattern_width": 68,
      "pattern_values": [
        -9.005980491638184,
        -8.215902328491211,
        -7.475465774536133,
        -6.783283233642578,
        -6.137958526611328,
        -5.538100242614746,
        -4.982312202453613,
        -4.469204902648926,
        -3.9973835945129395,
        -3.56545352935791,
        -3.1720237731933594,
        -2.815699338912964,
        -2.495088815689087,
        -2.2087979316711426,
        -1.9554328918457031,
        -1.733601689338684,
        -1.5419104099273682,
        -1.378965973854065,
        -1.2433754205703735,
        -1.1337451934814453,
        -1.0486823320388794,
        -0.9867933392524719,
        -0.9466853737831116,
        -0.9269649982452393,
        -0.926239013671875,
        -0.9431142807006836,
        -0.9761974811553955,
        -1.0240955352783203,
        -1.0854151248931885,
        -1.1587631702423096,
        -1.2427462339401245,
        -1.335971474647522,
        -1.4370452165603638,
        -1.5445746183395386,
        -1.6571663618087769,
        -1.773427128791809,
        -1.8919638395309448,
        -2.011383295059204,
        -2.1302921772003174,
        -2.2472970485687256,
        -2.3610055446624756,
        -2.4700236320495605,
        -2.57295823097229,
        -2.6684162616729736,
        -2.755004405975342,
        -2.831329822540283,
        -2.8959994316101074,
        -2.9476184844970703,
        -2.9847958087921143,
        -3.0061373710632324,
        -3.010249376296997,
        -2.995739459991455,
        -2.961214065551758,
        -2.905280113220215,
        -2.8265435695648193,
        -2.7236127853393555,
        -2.595093250274658,
        -2.4395923614501953,
        -2.255716323852539,
        -2.0420727729797363,
        -1.7972683906555176,
        -1.5199089050292969,
        -1.208601951599121,
        -0.8619551658630371,
        -0.4785728454589844,
        -0.05706501007080078,
        0.4039649963378906,
        0.9059076309204102
      ],
      "series_index": 4
    },
    {
      "pattern_id": 1,
      "pattern_start": 65,
      "pattern_width": 30,
      "pattern_values": [
        25.991329193115234,
        23.793014526367188,
        21.7631778717041,
        19.89603042602539,
        18.185779571533203,
        16.626649856567383,
        15.212843894958496,
        13.938577651977539,
        12.798066139221191,
        11.785523414611816,
        10.895157814025879,
        10.121186256408691,
        9.457819938659668,
        8.899272918701172,
        8.43975830078125,
        8.073490142822266,
        7.794676780700684,
        7.597537517547607,
        7.47628116607666,
        7.425121784210205,
        7.4382734298706055,
        7.509949207305908,
        7.634361267089844,
        7.805721759796143,
        8.0182466506958,
        8.266145706176758,
        8.543635368347168,
        8.844925880432129,
        9.164230346679688,
        9.495763778686523
      ],
      "series_index": 0
    },
    {
      "pattern_id": 2,
      "pattern_start": 14,
      "pattern_width": 96,
      "pattern_values": [
        2.8992042541503906,
        3.1928110122680664,
        3.469449996948242,
        3.729635715484619,
        3.9738831520080566,
        4.202708721160889,
        4.416627883911133,
        4.616154670715332,
        4.801805019378662,
        4.974092960357666,
        5.1335344314575195,
        5.280644416809082,
        5.4159393310546875,
        5.539931774139404,
        5.653140068054199,
        5.756076812744141,
        5.8492584228515625,
        5.933199405670166,
        6.008415699005127,
        6.075421333312988,
        6.134733200073242,
        6.18686580657959,
        6.232333660125732,
        6.2716522216796875,
        6.305336952209473,
        6.333902835845947,
        6.357865810394287,
        6.377738952636719,
        6.394040107727051,
        6.40728235244751,
        6.417982578277588,
        6.42665433883667,
        6.43381404876709,
        6.439975738525391,
        6.445655822753906,
        6.45136833190918,
        6.457630157470703,
        6.464954376220703,
        6.473857402801514,
        6.484853744506836,
        6.498459815979004,
        6.5151896476745605,
        6.535558700561523,
        6.560081958770752,
        6.589275360107422,
        6.623652935028076,
        6.663731098175049,
        6.710023880004883,
        6.76304817199707,
        6.823317050933838,
        6.891346454620361,
        6.9676513671875,
        7.052748203277588,
        7.147150993347168,
        7.251375675201416,
        7.365936279296875,
        7.491349220275879,
        7.628128528594971,
        7.776790618896484,
        7.937849044799805,
        8.111821174621582,
        8.29922103881836,
        8.50056266784668,
        8.716362953186035,
        8.947135925292969,
        9.193397521972656,
        9.455663681030273,
        9.734447479248047,
        10.030265808105469,
        10.343633651733398,
        10.675065040588379,
        11.025075912475586,
        11.394180297851562,
        11.782896995544434,
        12.19173812866211,
        12.621217727661133,
        13.071854591369629,
        13.544160842895508,
        14.038654327392578,
        14.555846214294434,
        15.096256256103516,
        15.660396575927734,
        16.248783111572266,
        16.8619327545166,
        17.50035858154297,
        18.16457748413086,
        18.855100631713867,
        19.57244873046875,
        20.31713104248047,
        21.089670181274414,
        21.890573501586914,
        22.720365524291992,
        23.57954978942871,
        24.46864891052246,
        25.38817596435547,
        26.33864974975586
      ],
      "series_index": 2
    },
    {
      "pattern_id": 3,
      "pattern_start": 3,
      "pattern_width": 106,