{
  "dataset": "REMC",
  "metric": "auc",
  "polynomial_degree": 3,
  "n_patterns": 7,
  "patterns": [
    {
      "pattern_id": 0,
      "pattern_start": 61,
      "pattern_width": 138,
      "pattern_values": [
        -1.1484375,
        -1.099609375,
        -1.052734375,
        -1.0068359375,
        -0.9609375,
        -0.9189453125,
        -0.87548828125,
        -0.83349609375,
        -0.7919921875,
        -0.751953125,
        -0.712890625,
        -0.67431640625,
        -0.63671875,
        -0.60009765625,
        -0.564453125,
        -0.5302734375,
        -0.496337890625,
        -0.463134765625,
        -0.430908203125,
        -0.399169921875,
        -0.3681640625,
        -0.337890625,
        -0.308837890625,
        -0.280029296875,
        -0.25244140625,
        -0.2261962890625,
        -0.1998291015625,
        -0.174072265625,
        -0.14892578125,
        -0.12445068359375,
        -0.1005859375,
        -0.07745361328125,
        -0.054901123046875,
        -0.032989501953125,
        -0.01165771484375,
        0.008697509765625,
        0.0289306640625,
        0.048248291015625,
        0.0673828125,
        0.0860595703125,
        0.1041259765625,
        0.121826171875,
        0.138671875,
        0.1553955078125,
        0.171630859375,
        0.1875,
        0.202880859375,
        0.2176513671875,
        0.2322998046875,
        0.24658203125,
        0.260498046875,
        0.27392578125,
        0.287109375,
        0.2998046875,
        0.3125,
        0.32470703125,
        0.336669921875,
        0.348388671875,
        0.35986328125,
        0.37109375,
        0.38232421875,
        0.39306640625,
        0.403564453125,
        0.4140625,
        0.424560546875,
        0.4345703125,
        0.444580078125,
        0.45458984375,
        0.46435546875,
        0.47412109375,
        0.483642578125,
        0.493408203125,
        0.5029296875,
        0.51220703125,
        0.52197265625,
        0.53125,
        0.541015625,
        0.55029296875,
        0.5595703125,
        0.5693359375,
        0.5791015625,
        0.5888671875,
        0.5986328125,
        0.6083984375,
        0.61865234375,
        0.62890625,
        0.63916015625,
        0.6494140625,
        0.66015625,
        0.67138671875,
        0.6826171875,
        0.693359375,
        0.705078125,
        0.716796875,
        0.72900390625,
        0.74169921875,
        0.75390625,
        0.76708984375,
        0.7802734375,
        0.7939453125,
        0.8076171875,
        0.82177734375,
        0.83642578125,
        0.8515625,
        0.86669921875,
        0.8828125,
        0.8994140625,
        0.916015625,
        0.93359375,
        0.951171875,
        0.9697265625,
        0.98828125,
        1.0078125,
        1.0263671875,
        1.046875,
        1.0673828125,
        1.0888671875,
        1.111328125,
        1.1337890625,
        1.1572265625,
        1.181640625,
        1.2060546875,
        1.2314453125,
        1.255859375,
        1.283203125,
        1.310546875,
        1.337890625,
        1.3671875,
        1.396484375,
        1.4267578125,
        1.4580078125,
        1.4892578125,
        1.5224609375,
        1.5546875,
        1.5888671875,
        1.6240234375,
        1.66015625,
        1.697265625
      ],
      "series_index": 0
    },
    {
      "pattern_id": 1,
      "pattern_start": 27,
      "pattern_width": 103,
      "pattern_values": [
        -0.888671875,
        -0.841796875,
        -0.7958984375,
        -0.75,
        -0.70556640625,
        -0.66064453125,
        -0.6171875,
        -0.5751953125,
        -0.533203125,
        -0.4921875,
        -0.45068359375,
        -0.41064453125,
        -0.37109375,
        -0.3330078125,
        -0.295166015625,
        -0.258056640625,
        -0.2205810546875,
        -0.1846923828125,
        -0.149169921875,
        -0.11492919921875,
        -0.08074951171875,
        -0.047393798828125,
        -0.01483917236328125,
        0.017913818359375,
        0.049102783203125,
        0.08013916015625,
        0.110107421875,
        0.1397705078125,
        0.1688232421875,
        0.1968994140625,
        0.2244873046875,
        0.251708984375,
        0.2783203125,
        0.3037109375,
        0.329345703125,
        0.353759765625,
        0.377685546875,
        0.401123046875,
        0.423828125,
        0.446044921875,
        0.467529296875,
        0.488525390625,
        0.5087890625,
        0.52880859375,
        0.5478515625,
        0.56640625,
        0.58447265625,
        0.6015625,
        0.61865234375,
        0.634765625,
        0.650390625,
        0.66552734375,
        0.68017578125,
        0.69384765625,
        0.70751953125,
        0.72021484375,
        0.732421875,
        0.744140625,
        0.75537109375,
        0.765625,
        0.77587890625,
        0.78515625,
        0.7939453125,
        0.80224609375,
        0.81005859375,
        0.8173828125,
        0.82421875,
        0.83056640625,
        0.8359375,
        0.84130859375,
        0.845703125,
        0.85009765625,
        0.853515625,
        0.8564453125,
        0.85888671875,
        0.86083984375,
        0.86279296875,
        0.86328125,
        0.86376953125,
        0.86376953125,
        0.86328125,
        0.8623046875,
        0.8603515625,
        0.8583984375,
        0.85595703125,
        0.85302734375,
        0.849609375,
        0.845703125,
        0.8408203125,
        0.8359375,
        0.83056640625,
        0.8251953125,
        0.818359375,
        0.8115234375,
        0.8037109375,
        0.7958984375,
        0.7880859375,
        0.77880859375,
        0.77001953125,
        0.759765625,
        0.75,
        0.7392578125,
        0.728515625
      ],
      "series_index": 2
    },
    {
      "pattern_id": 2,
      "pattern_start": 16,
      "pattern_width": 107,