{
  "dataset": "AZT1D",
  "metric": "rmse",
  "polynomial_degree": 3,
  "n_patterns": 3,
  "patterns": [
    {
      "pattern_id": 0,
      "pattern_start": 3,
      "pattern_width": 19,
      "pattern_values": [
        -0.4130859375,
        -0.63671875,
        -0.80029296875,
        -0.9140625,
        -0.98388671875,
        -1.0185546875,
        -1.025390625,
        -1.0126953125,
        -0.9873046875,
        -0.95849609375,
        -0.93310546875,
        -0.91943359375,
        -0.92529296875,
        -0.9580078125,
        -1.025390625,
        -1.1357421875,
        -1.2978515625,
        -1.5166015625,
        -1.802734375
      ]
    },
    {
      "pattern_id": 1,
      "pattern_start": 2,
      "pattern_width": 11,
      "pattern_values": [
        -0.55859375,
        -0.26220703125,
        -0.07861328125,
        0.036163330078125,
        0.12646484375,
        0.236083984375,
        0.408935546875,
        0.68896484375,
        1.1201171875,
        1.74609375,
        2.611328125
      ]
    },
    {
      "pattern_id": 2,
      "pattern_start": 22,
      "pattern_width": 2,
      "pattern_values": [
        0.9423828125,
        -0.129638671875
      ]
    }
  ]
}