{
  "dataset": "REMC",
  "metric": "auc",
  "polynomial_degree": 3,
  "n_patterns": 7,
  "patterns": [
    {
      "pattern_id": 0,
      "pattern_start": 26,
      "pattern_width": 170,
      "pattern_values": [
        -0.136962890625,
        -0.135986328125,
        -0.13525390625,
        -0.133544921875,
        -0.131591796875,
        -0.1298828125,
        -0.12744140625,
        -0.125244140625,
        -0.122314453125,
        -0.119140625,
        -0.115966796875,
        -0.1123046875,
        -0.1082763671875,
        -0.104736328125,
        -0.1004638671875,
        -0.095458984375,
        -0.091064453125,
        -0.0860595703125,
        -0.0809326171875,
        -0.07568359375,
        -0.06982421875,
        -0.06396484375,
        -0.058349609375,
        -0.0518798828125,
        -0.045166015625,
        -0.0391845703125,
        -0.0323486328125,
        -0.0252685546875,
        -0.018310546875,
        -0.010986328125,
        -0.00347900390625,
        0.00390625,
        0.01165771484375,
        0.01959228515625,
        0.0274658203125,
        0.03564453125,
        0.044189453125,
        0.0523681640625,
        0.060791015625,
        0.0694580078125,
        0.07806396484375,
        0.0872802734375,
        0.0963134765625,
        0.10516357421875,
        0.11444091796875,
        0.12371826171875,
        0.1331787109375,
        0.1424560546875,
        0.152099609375,
        0.16162109375,
        0.17138671875,
        0.180908203125,
        0.191162109375,
        0.2008056640625,
        0.210693359375,
        0.220703125,
        0.2308349609375,
        0.2406005859375,
        0.250732421875,
        0.260986328125,
        0.270751953125,
        0.28125,
        0.291259765625,
        0.301513671875,
        0.311767578125,
        0.32177734375,
        0.331787109375,
        0.342041015625,
        0.352294921875,
        0.3623046875,
        0.372314453125,
        0.382568359375,
        0.392578125,
        0.402587890625,
        0.41259765625,
        0.422607421875,
        0.432373046875,
        0.442138671875,
        0.451904296875,
        0.461669921875,
        0.47119140625,
        0.48095703125,
        0.490234375,
        0.499755859375,
        0.50927734375,
        0.51806640625,
        0.52734375,
        0.53662109375,
        0.54541015625,
        0.55419921875,
        0.56298828125,
        0.5712890625,
        0.580078125,
        0.58837890625,
        0.59619140625,
        0.6044921875,
        0.6123046875,
        0.6201171875,
        0.6279296875,
        0.63525390625,
        0.642578125,
        0.64990234375,
        0.65673828125,
        0.66357421875,
        0.669921875,
        0.67626953125,
        0.6826171875,
        0.68896484375,
        0.69482421875,
        0.70068359375,
        0.70556640625,
        0.7109375,
        0.71630859375,
        0.720703125,
        0.7255859375,
        0.72998046875,
        0.73388671875,
        0.73779296875,
        0.74169921875,
        0.74462890625,
        0.748046875,
        0.7509765625,
        0.75341796875,
        0.755859375,
        0.7578125,
        0.759765625,
        0.76123046875,
        0.7626953125,
        0.763671875,
        0.76416015625,
        0.7646484375,
        0.7646484375,
        0.7646484375,
        0.763671875,
        0.7626953125,
        0.76171875,
        0.76025390625,
        0.7587890625,
        0.755859375,
        0.75341796875,
        0.7509765625,
        0.748046875,
        0.74365234375,
        0.740234375,
        0.73583984375,
        0.7314453125,
        0.72607421875,
        0.720703125,
        0.71484375,
        0.708984375,
        0.7021484375,
        0.6953125,
        0.68798828125,
        0.6806640625,
        0.671875,
        0.66357421875,
        0.6552734375,
        0.64501953125,
        0.6357421875,
        0.625,
        0.6142578125,
        0.603515625,
        0.591796875,
        0.57958984375,
        0.5673828125,
        0.5537109375,
        0.541015625,
        0.52685546875,
        0.5126953125,
        0.497802734375
      ],
      "series_index": 0
    },
    {
      "pattern_id": 1,
      "pattern_start": 28,
      "pattern_width": 97,
      "pattern_values": [
        1.669921875,
        1.59375,
        1.5205078125,
        1.447265625,
        1.3759765625,
        1.30859375,
        1.2421875,
        1.1767578125,
        1.1142578125,
        1.052734375,
        0.99169921875,
        0.9345703125,
        0.876953125,
        0.8212890625,
        0.76904296875,
        0.716796875,
        0.66650390625,
        0.6181640625,
        0.57080078125,
        0.5244140625,
        0.481201171875,
        0.43798828125,
        0.39599609375,
        0.356689453125,
        0.3173828125,
        0.2802734375,
        0.24365234375,
        0.2091064453125,
        0.1759033203125,
        0.1434326171875,
        0.11236572265625,
        0.08270263671875,
        0.0538330078125,
        0.0264434814453125,
        0.00023651123046875,
        -0.025238037109375,
        -0.04931640625,
        -0.072509765625,
        -0.09442138671875,
        -0.115478515625,
        -0.135498046875,
        -0.154541015625,
        -0.1727294921875,
        -0.1898193359375,
        -0.2061767578125,
        -0.2215576171875,
        -0.236083984375,
        -0.249755859375,
        -0.2626953125,
        -0.27490234375,
        -0.2861328125,
        -0.296630859375,
        -0.306640625,
        -0.315673828125,
        -0.32421875,
        -0.33203125,
        -0.33935546875,
        -0.345947265625,
        -0.35205078125,
        -0.357421875,
        -0.3623046875,
        -0.36669921875,
        -0.37060546875,
        -0.3740234375,
        -0.377197265625,
        -0.379638671875,
        -0.3818359375,
        -0.383544921875,
        -0.385009765625,
        -0.38623046875,
        -0.386962890625,
        -0.387451171875,
        -0.3876953125,
        -0.387939453125,
        -0.3876953125,
        -0.38720703125,
        -0.386474609375,
        -0.3857421875,
        -0.38525390625,
        -0.38427734375,
        -0.38330078125,
        -0.3818359375,
        -0.380859375,
        -0.3798828125,
        -0.37890625,
        -0.377685546875,
        -0.37646484375,
        -0.37548828125,
        -0.375,
        -0.3740234375,
        -0.37353515625,
        -0.373291015625,
        -0.373291015625,
        -0.373291015625,
        -0.373046875,
        -0.373779296875,
        -0.374755859375
      ],
      "series_index": 4
    },
    {
      "pattern_id": 2,
      "pattern_start": 96,
      "pattern_width": 101,