{
  "dataset": "REMC",
  "metric": "auc",
  "polynomial_degree": 3,
  "n_patterns": 7,
  "patterns": [
    {
      "pattern_id": 0,
      "pattern_start": 59,
      "pattern_width": 38,
      "pattern_values": [
        1.9580078125,
        1.8984375,
        1.83984375,
        1.78125,
        1.7236328125,
        1.6650390625,
        1.6083984375,
        1.5517578125,
        1.49609375,
        1.4423828125,
        1.388671875,
        1.3369140625,
        1.2861328125,
        1.2373046875,
        1.189453125,
        1.1435546875,
        1.099609375,
        1.0576171875,
        1.0185546875,
        0.98046875,
        0.9453125,
        0.91259765625,
        0.88232421875,
        0.8544921875,
        0.830078125,
        0.80810546875,
        0.7890625,
        0.77392578125,
        0.76171875,
        0.7529296875,
        0.748046875,
        0.74658203125,
        0.74853515625,
        0.75439453125,
        0.7646484375,
        0.779296875,
        0.7978515625,
        0.8212890625
      ],
      "series_index": 0
    },
    {
      "pattern_id": 1,
      "pattern_start": 10,
      "pattern_width": 78,
      "pattern_values": [
        -1.8720703125,
        -1.791015625,
        -1.7138671875,
        -1.638671875,
        -1.5673828125,
        -1.5,
        -1.435546875,
        -1.373046875,
        -1.3125,
        -1.2568359375,
        -1.2021484375,
        -1.1513671875,
        -1.1025390625,
        -1.0556640625,
        -1.01171875,
        -0.970703125,
        -0.93115234375,
        -0.89404296875,
        -0.8583984375,
        -0.8251953125,
        -0.7939453125,
        -0.7646484375,
        -0.7373046875,
        -0.71142578125,
        -0.68701171875,
        -0.66455078125,
        -0.64306640625,
        -0.623046875,
        -0.60498046875,
        -0.587890625,
        -0.57177734375,
        -0.556640625,
        -0.54296875,
        -0.52978515625,
        -0.51806640625,
        -0.5068359375,
        -0.496337890625,
        -0.486572265625,
        -0.477294921875,
        -0.468505859375,
        -0.46044921875,
        -0.452392578125,
        -0.44482421875,
        -0.4375,
        -0.43017578125,
        -0.423095703125,
        -0.415771484375,
        -0.408447265625,
        -0.401123046875,
        -0.3935546875,
        -0.385498046875,
        -0.377197265625,
        -0.368408203125,
        -0.35888671875,
        -0.34912109375,
        -0.33837890625,
        -0.3271484375,
        -0.31494140625,
        -0.3017578125,
        -0.28759765625,
        -0.272216796875,
        -0.255859375,
        -0.238525390625,
        -0.2197265625,
        -0.19970703125,
        -0.1778564453125,
        -0.155029296875,
        -0.1302490234375,
        -0.1041259765625,
        -0.076171875,
        -0.0462646484375,
        -0.0146484375,
        0.01904296875,
        0.054443359375,
        0.0927734375,
        0.1328125,
        0.17529296875,
        0.219482421875
      ],
      "series_index": 2
    },
    {
      "pattern_id": 2,
      "pattern_start": 14,
      "pattern_width": 178,
      "pattern_values": [
        -1.5,
        -1.4931640625,
        -1.486328125,
        -1.4794921875,
        -1.47265625,
        -1.4658203125,
        -1.4599609375,
        -1.453125,
        -1.4462890625,
        -1.439453125,
        -1.4326171875,
        -1.4267578125,
        -1.419921875,
        -1.4140625,
        -1.4072265625,
        -1.4013671875,
        -1.39453125,
        -1.388671875,
        -1.3818359375,
        -1.375,
        -1.369140625,
        -1.3623046875,
        -1.3564453125,
        -1.3505859375,
        -1.34375,
        -1.337890625,
        -1.3310546875,
        -1.3251953125,
        -1.3193359375,
        -1.3125,
        -1.306640625,
        -1.30078125,
        -1.2939453125,
        -1.2880859375,
        -1.2822265625,
        -1.275390625,
        -1.26953125,
        -1.263671875,
        -1.2568359375,
        -1.2509765625,
        -1.2451171875,
        -1.23828125,
        -1.232421875,
        -1.2265625,
        -1.220703125,
        -1.2138671875,
        -1.2080078125,
        -1.201171875,
        -1.1953125,
        -1.189453125,
        -1.1826171875,
        -1.1767578125,
        -1.1708984375,
        -1.1640625,
        -1.158203125,
        -1.15234375,
        -1.1455078125,
        -1.1396484375,
        -1.1328125,
        -1.126953125,
        -1.1201171875,
        -1.1142578125,
        -1.107421875,
        -1.1015625,
        -1.0947265625,
        -1.0888671875,
        -1.08203125,
        -1.0751953125,
        -1.0693359375,
        -1.0625,
        -1.0556640625,
        -1.0498046875,
        -1.04296875,
        -1.0361328125,
        -1.029296875,
        -1.0234375,
        -1.0166015625,
        -1.009765625,
        -1.0029296875,
        -0.99609375,
        -0.9892578125,
        -0.982421875,
        -0.9755859375,
        -0.96826171875,
        -0.96142578125,
        -0.95458984375,
        -0.947265625,
        -0.9404296875,
        -0.93310546875,
        -0.92626953125,
        -0.9189453125,
        -0.91162109375,
        -0.904296875,
        -0.89697265625,
        -0.8896484375,
        -0.88232421875,
        -0.87451171875,
        -0.8671875,
        -0.859375,
        -0.85205078125,
        -0.84423828125,
        -0.83642578125,
        -0.82861328125,
        -0.8212890625,
        -0.81298828125,
        -0.80517578125,
        -0.79736328125,
        -0.7890625,
        -0.78125,
        -0.77294921875,
        -0.7646484375,
        -0.75634765625,
        -0.748046875,
        -0.73974609375,
        -0.7314453125,
        -0.72265625,
        -0.7138671875,
        -0.70556640625,
        -0.69677734375,
        -0.68798828125,
        -0.67919921875,
        -0.67041015625,
        -0.66162109375,
        -0.65234375,
        -0.64306640625,
        -0.63427734375,
        -0.62451171875,
        -0.615234375,
        -0.60595703125,
        -0.59619140625,
        -0.5869140625,
        -0.5771484375,
        -0.5673828125,
        -0.5576171875,
        -0.5478515625,
        -0.5380859375,
        -0.52783203125,
        -0.51806640625,
        -0.5078125,
        -0.4970703125,
        -0.48681640625,
        -0.4765625,
        -0.466064453125,
        -0.455322265625,
        -0.44482421875,
        -0.43408203125,
        -0.423095703125,
        -0.411865234375,
        -0.40087890625,
        -0.389892578125,
        -0.37890625,
        -0.36767578125,
        -0.35595703125,
        -0.34423828125,
        -0.332763671875,
        -0.321044921875,
        -0.3095703125,
        -0.29736328125,
        -0.285400390625,
        -0.2734375,
        -0.2607421875,
        -0.248779296875,
        -0.236328125,
        -0.22412109375,
        -0.21142578125,
        -0.198486328125,
        -0.1861572265625,
        -0.1728515625,
        -0.15966796875,
        -0.1463623046875,
        -0.133544921875,
        -0.12005615234375,
        -0.10699462890625,
        -0.09332275390625,
        -0.07928466796875,
        -0.06536865234375,
        -0.05181884765625,
        -0.03759765625
      ],
      "series_index": 3
    },
    {
      "pattern_id": 3,
      "pattern_start": 59,
      "pattern_width": 13,
      "pattern_values": [
        0.229248046875,
        -0.0076904296875,
        -0.1856689453125,
        -0.3076171875,
        -0.37744140625,
        -0.3984375,
        -0.374267578125,
        -0.30810546875,
        -0.203857421875,
        -0.064453125,
        0.1060791015625,
        0.30517578125,
        0.5283203125
      ],
      "series_index": 0
    },
    {
      "pattern_id": 4,
      "pattern_start": 131,
      "pattern_width": 38,