{
  "dataset": "REMC",
  "metric": "auc",
  "polynomial_degree": 3,
  "n_patterns": 10,
  "patterns": [
    {
      "pattern_id": 0,
      "pattern_start": 44,
      "pattern_width": 47,
      "pattern_values": [
        -0.14697265625,
        -0.1302490234375,
        -0.112060546875,
        -0.0933837890625,
        -0.07440185546875,
        -0.05462646484375,
        -0.03436279296875,
        -0.01422119140625,
        0.00579833984375,
        0.0252685546875,
        0.0445556640625,
        0.06298828125,
        0.0806884765625,
        0.09722900390625,
        0.1123046875,
        0.1260986328125,
        0.13818359375,
        0.1484375,
        0.1566162109375,
        0.16259765625,
        0.1661376953125,
        0.1669921875,
        0.1650390625,
        0.16015625,
        0.1519775390625,
        0.1405029296875,
        0.1253662109375,
        0.1065673828125,
        0.083740234375,
        0.05670166015625,
        0.0254058837890625,
        -0.0104217529296875,
        -0.051055908203125,
        -0.09649658203125,
        -0.1470947265625,
        -0.203369140625,
        -0.2646484375,
        -0.33203125,
        -0.40478515625,
        -0.48388671875,
        -0.5693359375,
        -0.6611328125,
        -0.759765625,
        -0.86474609375,
        -0.9765625,
        -1.0966796875,
        -1.22265625
      ],
      "series_index": 0
    },
    {
      "pattern_id": 1,
      "pattern_start": 0,
      "pattern_width": 78,
      "pattern_values": [
        -0.067138671875,
        -0.08514404296875,
        -0.102294921875,
        -0.11871337890625,
        -0.134033203125,
        -0.1484375,
        -0.162109375,
        -0.1748046875,
        -0.1868896484375,
        -0.1982421875,
        -0.2086181640625,
        -0.2183837890625,
        -0.2275390625,
        -0.2362060546875,
        -0.2440185546875,
        -0.251220703125,
        -0.258056640625,
        -0.26416015625,
        -0.27001953125,
        -0.275390625,
        -0.280029296875,
        -0.284423828125,
        -0.28857421875,
        -0.292236328125,
        -0.29541015625,
        -0.298583984375,
        -0.30126953125,
        -0.303955078125,
        -0.30615234375,
        -0.308349609375,
        -0.310302734375,
        -0.312255859375,
        -0.31396484375,
        -0.31591796875,
        -0.3173828125,
        -0.319091796875,
        -0.32080078125,
        -0.32275390625,
        -0.324462890625,
        -0.326416015625,
        -0.32861328125,
        -0.330810546875,
        -0.333251953125,
        -0.3359375,
        -0.3388671875,
        -0.342041015625,
        -0.345458984375,
        -0.349365234375,
        -0.353515625,
        -0.358154296875,
        -0.36328125,
        -0.368896484375,
        -0.374755859375,
        -0.38134765625,
        -0.388427734375,
        -0.39599609375,
        -0.404296875,
        -0.4130859375,
        -0.422607421875,
        -0.4326171875,
        -0.44384765625,
        -0.455322265625,
        -0.4677734375,
        -0.48095703125,
        -0.494873046875,
        -0.51025390625,
        -0.52587890625,
        -0.54248046875,
        -0.56005859375,
        -0.57861328125,
        -0.5986328125,
        -0.619140625,
        -0.64111328125,
        -0.66357421875,
        -0.6875,
        -0.712890625,
        -0.7392578125,
        -0.7666015625
      ],
      "series_index": 2
    },
    {
      "pattern_id": 2,
      "pattern_start": 7,
      "pattern_width": 105,
      "pattern_values": [
        -0.07415771484375,
        -0.1070556640625,
        -0.1390380859375,
        -0.16845703125,
        -0.197509765625,
        -0.224609375,
        -0.25048828125,
        -0.275390625,
        -0.29833984375,
        -0.320068359375,
        -0.341064453125,
        -0.3603515625,
        -0.379150390625,
        -0.396240234375,
        -0.412109375,
        -0.427490234375,
        -0.44140625,
        -0.454833984375,
        -0.466796875,
        -0.477783203125,
        -0.48828125,
        -0.497802734375,
        -0.50634765625,
        -0.5146484375,
        -0.521484375,
        -0.52783203125,
        -0.53369140625,
        -0.53857421875,
        -0.54296875,
        -0.546875,
        -0.55029296875,
        -0.55322265625,
        -0.55517578125,
        -0.55712890625,
        -0.55859375,
        -0.56005859375,
        -0.560546875,
        -0.56103515625,
        -0.5615234375,
        -0.5615234375,
        -0.56103515625,
        -0.56103515625,
        -0.56005859375,
        -0.5595703125,
        -0.55908203125,
        -0.55859375,
        -0.5576171875,
        -0.55712890625,
        -0.556640625,
        -0.55615234375,
        -0.5556640625,
        -0.5556640625,
        -0.5556640625,
        -0.55615234375,
        -0.556640625,
        -0.5576171875,
        -0.55859375,
        -0.560546875,
        -0.5625,
        -0.56494140625,
        -0.568359375,
        -0.57177734375,
        -0.57568359375,
        -0.58056640625,
        -0.5859375,
        -0.591796875,
        -0.5986328125,
        -0.60595703125,
        -0.6142578125,
        -0.623046875,
        -0.63330078125,
        -0.6435546875,
        -0.6552734375,
        -0.66796875,
        -0.68115234375,
        -0.69580078125,
        -0.71142578125,
        -0.72802734375,
        -0.74560546875,
        -0.7646484375,
        -0.78466796875,
        -0.8056640625,
        -0.82861328125,
        -0.85205078125,
        -0.876953125,
        -0.904296875,
        -0.931640625,
        -0.96044921875,
        -0.99169921875,
        -1.0234375,
        -1.0576171875,
        -1.0927734375,
        -1.12890625,
        -1.1689453125,
        -1.2080078125,
        -1.2509765625,
        -1.2939453125,
        -1.3388671875,
        -1.38671875,
        -1.435546875,
        -1.4853515625,
        -1.5390625,
        -1.5927734375,
        -1.650390625,
        -1.708984375
      ],
      "series_index": 3
    },
    {
      "pattern_id": 3,
      "pattern_start": 13,
      "pattern_width": 97,