{
  "dataset": "REMC",
  "metric": "auc",
  "polynomial_degree": 3,
  "n_patterns": 5,
  "patterns": [
    {
      "pattern_id": 0,
      "pattern_start": 43,
      "pattern_width": 53,
      "pattern_values": [
        1.6015625,
        1.53125,
        1.4619140625,
        1.3955078125,
        1.3291015625,
        1.2646484375,
        1.2021484375,
        1.142578125,
        1.083984375,
        1.0263671875,
        0.97119140625,
        0.91845703125,
        0.86669921875,
        0.8173828125,
        0.77001953125,
        0.72412109375,
        0.6806640625,
        0.63916015625,
        0.59912109375,
        0.5615234375,
        0.5263671875,
        0.49267578125,
        0.46142578125,
        0.43212890625,
        0.405029296875,
        0.38037109375,
        0.357666015625,
        0.337158203125,
        0.319091796875,
        0.30322265625,
        0.28955078125,
        0.2783203125,
        0.269287109375,
        0.262939453125,
        0.2587890625,
        0.257080078125,
        0.257568359375,
        0.2607421875,
        0.266357421875,
        0.274658203125,
        0.285400390625,
        0.298583984375,
        0.314453125,
        0.332763671875,
        0.354248046875,
        0.377685546875,
        0.404052734375,
        0.43310546875,
        0.46533203125,
        0.499755859375,
        0.53662109375,
        0.57666015625,
        0.6201171875
      ],
      "series_index": 0
    },
    {
      "pattern_id": 1,
      "pattern_start": 6,
      "pattern_width": 88,
      "pattern_values": [
        0.6787109375,
        0.5986328125,
        0.52294921875,
        0.44970703125,
        0.3798828125,
        0.313232421875,
        0.2491455078125,
        0.186767578125,
        0.12841796875,
        0.0736083984375,
        0.0208740234375,
        -0.028564453125,
        -0.076171875,
        -0.1204833984375,
        -0.1624755859375,
        -0.202392578125,
        -0.239501953125,
        -0.274658203125,
        -0.30712890625,
        -0.33837890625,
        -0.36669921875,
        -0.39306640625,
        -0.417236328125,
        -0.439453125,
        -0.4599609375,
        -0.478515625,
        -0.4951171875,
        -0.51025390625,
        -0.5234375,
        -0.53515625,
        -0.5458984375,
        -0.55419921875,
        -0.56201171875,
        -0.56787109375,
        -0.572265625,
        -0.57568359375,
        -0.578125,
        -0.57958984375,
        -0.57958984375,
        -0.57861328125,
        -0.57666015625,
        -0.57421875,
        -0.57080078125,
        -0.56640625,
        -0.5615234375,
        -0.5556640625,
        -0.5498046875,
        -0.54296875,
        -0.5361328125,
        -0.5283203125,
        -0.5205078125,
        -0.5126953125,
        -0.50439453125,
        -0.495849609375,
        -0.4873046875,
        -0.478759765625,
        -0.470458984375,
        -0.4619140625,
        -0.453857421875,
        -0.44580078125,
        -0.43798828125,
        -0.4306640625,
        -0.423583984375,
        -0.4169921875,
        -0.4111328125,
        -0.40576171875,
        -0.40087890625,
        -0.396728515625,
        -0.3935546875,
        -0.39111328125,
        -0.389404296875,
        -0.388916015625,
        -0.388916015625,
        -0.390625,
        -0.39306640625,
        -0.39697265625,
        -0.402099609375,
        -0.40869140625,
        -0.416015625,
        -0.42529296875,
        -0.435791015625,
        -0.4482421875,
        -0.462158203125,
        -0.4775390625,
        -0.49462890625,
        -0.51416015625,
        -0.5341796875,
        -0.5576171875
      ],
      "series_index": 2
    },
    {
      "pattern_id": 2,
      "pattern_start": 19,
      "pattern_width": 134,
      "pattern_values": [
        -0.4111328125,
        -0.40087890625,
        -0.39208984375,
        -0.383056640625,
        -0.374755859375,
        -0.36767578125,
        -0.360595703125,
        -0.35400390625,
        -0.3486328125,
        -0.343505859375,
        -0.338623046875,
        -0.3349609375,
        -0.331298828125,
        -0.328369140625,
        -0.326416015625,
        -0.32421875,
        -0.32275390625,
        -0.322265625,
        -0.32177734375,
        -0.321533203125,
        -0.322509765625,
        -0.323486328125,
        -0.32470703125,
        -0.326904296875,
        -0.3291015625,
        -0.331787109375,
        -0.335205078125,
        -0.3388671875,
        -0.3427734375,
        -0.34716796875,
        -0.35205078125,
        -0.357177734375,
        -0.36279296875,
        -0.36865234375,
        -0.375,
        -0.38134765625,
        -0.38818359375,
        -0.395263671875,
        -0.403076171875,
        -0.41064453125,
        -0.418701171875,
        -0.427001953125,
        -0.435791015625,
        -0.444580078125,
        -0.45361328125,
        -0.463134765625,
        -0.472412109375,
        -0.482421875,
        -0.49267578125,
        -0.5029296875,
        -0.51318359375,
        -0.52392578125,
        -0.53466796875,
        -0.54541015625,
        -0.556640625,
        -0.56787109375,
        -0.5791015625,
        -0.5908203125,
        -0.6025390625,
        -0.6142578125,
        -0.6259765625,
        -0.6376953125,
        -0.64990234375,
        -0.662109375,
        -0.673828125,
        -0.68603515625,
        -0.6982421875,
        -0.7109375,
        -0.72314453125,
        -0.7353515625,
        -0.74755859375,
        -0.759765625,
        -0.7724609375,
        -0.78466796875,
        -0.796875,
        -0.80908203125,
        -0.8212890625,
        -0.8330078125,
        -0.84521484375,
        -0.857421875,
        -0.869140625,
        -0.880859375,
        -0.892578125,
        -0.904296875,
        -0.91552734375,
        -0.9267578125,
        -0.93798828125,
        -0.94921875,
        -0.95947265625,
        -0.970703125,
        -0.98095703125,
        -0.9912109375,
        -1.0009765625,
        -1.01171875,
        -1.0205078125,
        -1.0302734375,
        -1.0400390625,
        -1.048828125,
        -1.0576171875,
        -1.0654296875,
        -1.07421875,
        -1.08203125,
        -1.08984375,
        -1.0966796875,
        -1.103515625,
        -1.1103515625,
        -1.1162109375,
        -1.123046875,
        -1.1279296875,
        -1.1337890625,
        -1.138671875,
        -1.1435546875,
        -1.1474609375,
        -1.150390625,
        -1.154296875,
        -1.1572265625,
        -1.1591796875,
        -1.162109375,
        -1.1640625,
        -1.1650390625,
        -1.166015625,
        -1.166015625,
        -1.166015625,
        -1.1650390625,
        -1.1640625,
        -1.162109375,
        -1.16015625,
        -1.1572265625,
        -1.1533203125,
        -1.150390625,
        -1.1455078125,
        -1.140625,
        -1.1357421875,
        -1.12890625
      ],
      "series_index": 4
    },
    {
      "pattern_id": 3,
      "pattern_start": 33,
      "pattern_width": 94,