{
  "dataset": "AZT1D",
  "metric": "rmse",
  "polynomial_degree": 3,
  "n_patterns": 2,
  "patterns": [
    {
      "pattern_id": 0,
      "pattern_start": 7,
      "pattern_width": 15,
      "pattern_values": [
        -0.591796875,
        -0.396728515625,
        -0.251220703125,
        -0.1397705078125,
        -0.0487060546875,
        0.03662109375,
        0.1304931640625,
        0.247314453125,
        0.4013671875,
        0.60693359375,
        0.87890625,
        1.23046875,
        1.677734375,
        2.232421875,
        2.9140625
      ]
    },
    {
      "pattern_id": 1,
      "pattern_start": 1,
      "pattern_width": 6,
      "pattern_values": [
        0.505859375,
        0.371826171875,
        0.2763671875,
        0.1890869140625,
        0.07916259765625,
        -0.08404541015625
      ]
    }
  ]
}