{
  "dataset": "AZT1D",
  "metric": "rmse",
  "polynomial_degree": 3,
  "n_patterns": 4,
  "patterns": [
    {
      "pattern_id": 0,
      "pattern_start": 1,
      "pattern_width": 15,
      "pattern_values": [
        -0.6103515625,
        -0.444580078125,
        -0.347412109375,
        -0.306884765625,
        -0.311279296875,
        -0.349365234375,
        -0.4091796875,
        -0.479736328125,
        -0.54931640625,
        -0.60595703125,
        -0.638671875,
        -0.6357421875,
        -0.58544921875,
        -0.476806640625,
        -0.297607421875
      ]
    },
    {
      "pattern_id": 1,
      "pattern_start": 13,
      "pattern_width": 9,
      "pattern_values": [
        -0.32080078125,
        -0.2734375,
        -0.2191162109375,
        -0.191162109375,
        -0.2232666015625,
        -0.348876953125,
        -0.60205078125,
        -1.015625,
        -1.6240234375
      ]
    },
    {
      "pattern_id": 2,
      "pattern_start": 3,
      "pattern_width": 2,
      "pattern_values": [
        -1.701171875,
        -0.0694580078125
      ]
    },
    {
      "pattern_id": 3,
      "pattern_start": 13,
      "pattern_width": 9,
      "pattern_values": [
        -0.160400390625,
        -0.050018310546875,
        0.00722503662109375,
        0.004932403564453125,
        -0.0634765625,
        -0.2044677734375,
        -0.4248046875,
        -0.73095703125,
        -1.12890625
      ]
    }
  ]
}