{
  "dataset": "REMC",
  "metric": "auc",
  "polynomial_degree": 3,
  "n_patterns": 13,
  "patterns": [
    {
      "pattern_id": 0,
      "pattern_start": 60,
      "pattern_width": 40,
      "pattern_values": [
        0.53564453125,
        0.576171875,
        0.609375,
        0.63330078125,
        0.65087890625,
        0.6630859375,
        0.66845703125,
        0.669921875,
        0.66650390625,
        0.66015625,
        0.6513671875,
        0.64013671875,
        0.6279296875,
        0.61474609375,
        0.6025390625,
        0.59033203125,
        0.58056640625,
        0.57275390625,
        0.56787109375,
        0.56689453125,
        0.5703125,
        0.57861328125,
        0.59326171875,
        0.6142578125,
        0.64306640625,
        0.67919921875,
        0.724609375,
        0.779296875,
        0.84423828125,
        0.919921875,
        1.0078125,
        1.107421875,
        1.220703125,
        1.34765625,
        1.48828125,
        1.64453125,
        1.8173828125,
        2.005859375,
        2.212890625,
        2.435546875
      ],
      "series_index": 0
    },
    {
      "pattern_id": 1,
      "pattern_start": 14,
      "pattern_width": 75,
      "pattern_values": [
        -0.4541015625,
        -0.41259765625,
        -0.373046875,
        -0.33544921875,
        -0.30029296875,
        -0.266357421875,
        -0.23486328125,
        -0.20556640625,
        -0.176513671875,
        -0.150146484375,
        -0.1246337890625,
        -0.10107421875,
        -0.078857421875,
        -0.0577392578125,
        -0.0377197265625,
        -0.0191650390625,
        -0.00128173828125,
        0.01531982421875,
        0.0311279296875,
        0.0462646484375,
        0.06060791015625,
        0.07427978515625,
        0.08721923828125,
        0.099853515625,
        0.11212158203125,
        0.1239013671875,
        0.135498046875,
        0.1468505859375,
        0.158203125,
        0.1695556640625,
        0.1807861328125,
        0.1922607421875,
        0.2039794921875,
        0.2159423828125,
        0.228271484375,
        0.2410888671875,
        0.25439453125,
        0.268310546875,
        0.282958984375,
        0.29833984375,
        0.314453125,
        0.33154296875,
        0.349853515625,
        0.368896484375,
        0.389404296875,
        0.410888671875,
        0.433837890625,
        0.458251953125,
        0.484130859375,
        0.51123046875,
        0.54052734375,
        0.57080078125,
        0.603515625,
        0.6376953125,
        0.673828125,
        0.71240234375,
        0.7529296875,
        0.79541015625,
        0.83984375,
        0.8876953125,
        0.93701171875,
        0.98876953125,
        1.0439453125,
        1.1005859375,
        1.16015625,
        1.2236328125,
        1.2890625,
        1.359375,
        1.4296875,
        1.50390625,
        1.583984375,
        1.6640625,
        1.748046875,
        1.837890625,
        1.9287109375
      ],
      "series_index": 2
    },
    {
      "pattern_id": 2,
      "pattern_start": 10,
      "pattern_width": 146,
      "pattern_values": [
        -1.8388671875,
        -1.8017578125,
        -1.765625,
        -1.728515625,
        -1.693359375,
        -1.66015625,
        -1.626953125,
        -1.59375,
        -1.5625,
        -1.53125,
        -1.5,
        -1.470703125,
        -1.44140625,
        -1.4140625,
        -1.38671875,
        -1.359375,
        -1.3330078125,
        -1.3076171875,
        -1.283203125,
        -1.2578125,
        -1.234375,
        -1.2109375,
        -1.1884765625,
        -1.166015625,
        -1.14453125,
        -1.1240234375,
        -1.103515625,
        -1.0830078125,
        -1.0634765625,
        -1.044921875,
        -1.0263671875,
        -1.0078125,
        -0.98974609375,
        -0.97314453125,
        -0.9560546875,
        -0.939453125,
        -0.92333984375,
        -0.9072265625,
        -0.8916015625,
        -0.876953125,
        -0.86181640625,
        -0.84765625,
        -0.8330078125,
        -0.8193359375,
        -0.80517578125,
        -0.7919921875,
        -0.77880859375,
        -0.765625,
        -0.75244140625,
        -0.740234375,
        -0.7275390625,
        -0.71533203125,
        -0.703125,
        -0.69091796875,
        -0.67919921875,
        -0.6669921875,
        -0.6552734375,
        -0.64404296875,
        -0.63232421875,
        -0.62060546875,
        -0.60888671875,
        -0.59765625,
        -0.5859375,
        -0.57470703125,
        -0.56298828125,
        -0.5517578125,
        -0.5400390625,
        -0.5283203125,
        -0.5166015625,
        -0.5048828125,
        -0.492919921875,
        -0.480712890625,
        -0.468505859375,
        -0.456298828125,
        -0.443603515625,
        -0.430908203125,
        -0.418212890625,
        -0.405029296875,
        -0.391845703125,
        -0.378173828125,
        -0.364501953125,
        -0.350341796875,
        -0.336181640625,
        -0.321533203125,
        -0.306640625,
        -0.29150390625,
        -0.275634765625,
        -0.259765625,
        -0.24365234375,
        -0.22705078125,
        -0.2100830078125,
        -0.1925048828125,
        -0.174560546875,
        -0.156494140625,
        -0.1375732421875,
        -0.11859130859375,
        -0.09881591796875,
        -0.078857421875,
        -0.058074951171875,
        -0.036956787109375,
        -0.015106201171875,
        0.0068359375,
        0.02978515625,
        0.05291748046875,
        0.0770263671875,
        0.10125732421875,
        0.1265869140625,
        0.152099609375,
        0.1787109375,
        0.20556640625,
        0.233154296875,
        0.26220703125,
        0.291015625,
        0.3203125,
        0.35107421875,
        0.383056640625,
        0.41455078125,
        0.447265625,
        0.48046875,
        0.515625,
        0.55029296875,
        0.5859375,
        0.62255859375,
        0.6611328125,
        0.69921875,
        0.73828125,
        0.7783203125,
        0.8203125,
        0.86181640625,
        0.90478515625,
        0.9482421875,
        0.994140625,
        1.0400390625,
        1.0859375,
        1.1337890625,
        1.18359375,
        1.234375,
        1.28515625,
        1.3359375,
        1.390625,
        1.4443359375,
        1.4990234375,
        1.5546875,
        1.6142578125,
        1.671875,
        1.7314453125
      ],
      "series_index": 3
    },
    {
      "pattern_id": 3,
      "pattern_start": 20,
      "pattern_width": 89,