{
  "mimic": {
    "feature_names": [
      "Age",
      "P1: creatinine (rel, raw)",
      "P2: fio2 (abs, wavelet)",
      "P3: pao2 (abs, cumsum)",
      "P4: platelets (abs, cumsum)",
      "P5: gcs_motor (rel, wavelet)",
      "P6: peep_total (abs, cumsum)",
      "P7: inr (rel, cumsum)",
      "P8: heart_rate (abs, derivative)",
      "P9: epinephrine (rel, wavelet)",
      "P10: epinephrine (abs, wavelet)"
    ],
    "shap_values": [
      -0.29817835873128906,
      0.06308430259822251,
      -0.0761231096831343,
      -0.7383369205253126,
      -0.05845047700938946,
      0.032359757003169,
      -0.09508477674307919,
      0.6047435823628547,
      -0.049762886648530735,
      0.0,
      0.5152166422613215
    ],
    "base_value": -2.3676301049953015,
    "final_prediction": -2.4681623501104695
  },
  "azt1d": {
    "feature_names": [
      "CGM_0",
      "P1: CGM (abs, derivative)",
      "P2: CGM (rel, raw)",
      "P3: CGM (abs, raw)",
      "P4: Carbs (abs, fft_power)",
      "P5: CGM (rel, derivative)",
      "P6: Insulin (abs, derivative)",
      "P7: Insulin (abs, raw)",
      "P8: CGM (rel, derivative)",
      "P9: CGM (rel, raw)",
      "P10: CGM (rel, raw)",
      "P11: CGM (abs, derivative)",
      "P12: Carbs (rel, cumsum)",
      "P13: CGM (rel, raw)",
      "P14: Carbs (abs, raw)",
      "P15: CGM (abs, derivative)",
      "P16: CGM (rel, derivative)",
      "P17: Carbs (abs, raw)",
      "P18: CGM (rel, derivative)",
      "P19: Insulin (rel, cumsum)",
      "P20: Insulin (abs, fft_power)",
      "P21: CGM (rel, cumsum)"
    ],
    "shap_values": [
      -0.45629146422641853,
      -0.18960065222300734,
      0.4921809626159065,
      0.16845199303962585,
      -0.17794065093108544,
      1.7499654937424203,
      0.9505168375957151,
      -0.2808057955033488,
      -0.05368481177100442,
      -0.5433771348573531,
      0.22032628319224906,
      -1.9469655199790235,
      0.5281637891327304,
      -0.9359337855019826,
      -0.9115572115155656,
      -4.476311414013511,
      -0.065381988565245,
      0.06769786165201393,
      2.3334173438492183,
      -0.3378635309546614,
      0.7004651267233877,
      1.1153500985312406
    ],
    "base_value": 0.05461857820029598,
    "final_prediction": -1.994559591767403
  }
}