{
  "dataset": "REMC",
  "metric": "auc",
  "polynomial_degree": 3,
  "n_patterns": 6,
  "patterns": [
    {
      "pattern_id": 0,
      "pattern_start": 37,
      "pattern_width": 64,
      "pattern_values": [
        1.294921875,
        1.193359375,
        1.09765625,
        1.0068359375,
        0.9208984375,
        0.8388671875,
        0.76171875,
        0.6884765625,
        0.6201171875,
        0.55517578125,
        0.494384765625,
        0.43701171875,
        0.3837890625,
        0.333740234375,
        0.287109375,
        0.2435302734375,
        0.2027587890625,
        0.165283203125,
        0.130615234375,
        0.0985107421875,
        0.06884765625,
        0.04168701171875,
        0.01666259765625,
        -0.0061798095703125,
        -0.0271453857421875,
        -0.04632568359375,
        -0.06378173828125,
        -0.0797119140625,
        -0.09429931640625,
        -0.1075439453125,
        -0.1197509765625,
        -0.1309814453125,
        -0.141357421875,
        -0.1510009765625,
        -0.1600341796875,
        -0.1688232421875,
        -0.1771240234375,
        -0.1854248046875,
        -0.193603515625,
        -0.2020263671875,
        -0.210693359375,
        -0.2197265625,
        -0.2293701171875,
        -0.2396240234375,
        -0.250732421875,
        -0.262939453125,
        -0.276123046875,
        -0.29052734375,
        -0.306396484375,
        -0.32373046875,
        -0.3427734375,
        -0.363525390625,
        -0.38623046875,
        -0.410888671875,
        -0.43798828125,
        -0.46728515625,
        -0.499267578125,
        -0.53369140625,
        -0.5712890625,
        -0.611328125,
        -0.654296875,
        -0.70068359375,
        -0.75,
        -0.8037109375
      ],
      "series_index": 0
    },
    {
      "pattern_id": 1,
      "pattern_start": 33,
      "pattern_width": 58,
      "pattern_values": [
        -1.439453125,
        -1.43359375,
        -1.4248046875,
        -1.4130859375,
        -1.3984375,
        -1.3798828125,
        -1.359375,
        -1.3369140625,
        -1.3115234375,
        -1.28515625,
        -1.255859375,
        -1.2255859375,
        -1.193359375,
        -1.16015625,
        -1.126953125,
        -1.0927734375,
        -1.0576171875,
        -1.0224609375,
        -0.9873046875,
        -0.95166015625,
        -0.91748046875,
        -0.88330078125,
        -0.849609375,
        -0.8173828125,
        -0.7861328125,
        -0.7568359375,
        -0.728515625,
        -0.70263671875,
        -0.6787109375,
        -0.65673828125,
        -0.6376953125,
        -0.62109375,
        -0.60791015625,
        -0.59716796875,
        -0.59033203125,
        -0.5869140625,
        -0.58740234375,
        -0.591796875,
        -0.6005859375,
        -0.61328125,
        -0.63134765625,
        -0.6533203125,
        -0.681640625,
        -0.71435546875,
        -0.7529296875,
        -0.79736328125,
        -0.84765625,
        -0.9033203125,
        -0.9658203125,
        -1.03515625,
        -1.111328125,
        -1.1953125,
        -1.28515625,
        -1.3828125,
        -1.4873046875,
        -1.6005859375,
        -1.72265625,
        -1.8515625
      ],
      "series_index": 2
    },
    {
      "pattern_id": 2,
      "pattern_start": 31,
      "pattern_width": 73,
      "pattern_values": [
        -0.6748046875,
        -0.64453125,
        -0.6181640625,
        -0.59521484375,
        -0.5751953125,
        -0.55908203125,
        -0.544921875,
        -0.5341796875,
        -0.5263671875,
        -0.521484375,
        -0.5185546875,
        -0.5185546875,
        -0.52099609375,
        -0.525390625,
        -0.5322265625,
        -0.54052734375,
        -0.55078125,
        -0.5634765625,
        -0.57763671875,
        -0.59326171875,
        -0.6103515625,
        -0.62841796875,
        -0.6484375,
        -0.6689453125,
        -0.6904296875,
        -0.712890625,
        -0.736328125,
        -0.76025390625,
        -0.78466796875,
        -0.8095703125,
        -0.8349609375,
        -0.8603515625,
        -0.8857421875,
        -0.9111328125,
        -0.9365234375,
        -0.96142578125,
        -0.98583984375,
        -1.009765625,
        -1.033203125,
        -1.0556640625,
        -1.078125,
        -1.0986328125,
        -1.119140625,
        -1.1376953125,
        -1.154296875,
        -1.1708984375,
        -1.185546875,
        -1.1982421875,
        -1.208984375,
        -1.2177734375,
        -1.224609375,
        -1.23046875,
        -1.232421875,
        -1.2333984375,
        -1.2314453125,
        -1.2265625,
        -1.2197265625,
        -1.208984375,
        -1.1962890625,
        -1.1806640625,
        -1.1611328125,
        -1.1396484375,
        -1.11328125,
        -1.083984375,
        -1.0517578125,
        -1.0146484375,
        -0.974609375,
        -0.93017578125,
        -0.8828125,
        -0.82958984375,
        -0.7734375,
        -0.7119140625,
        -0.646484375
      ],
      "series_index": 4
    },
    {
      "pattern_id": 3,
      "pattern_start": 0,
      "pattern_width": 165,