{
  "dataset": "REMC",
  "metric": "auc",
  "polynomial_degree": 3,
  "n_patterns": 7,
  "patterns": [
    {
      "pattern_id": 0,
      "pattern_start": 75,
      "pattern_width": 22,
      "pattern_values": [
        -19.097230911254883,
        -17.6499080657959,
        -16.328405380249023,
        -15.131326675415039,
        -14.057280540466309,
        -13.104870796203613,
        -12.272706031799316,
        -11.559391975402832,
        -10.963536262512207,
        -10.483744621276855,
        -10.118622779846191,
        -9.866780281066895,
        -9.726819038391113,
        -9.69735050201416,
        -9.776978492736816,
        -9.964308738708496,
        -10.257950782775879,
        -10.656508445739746,
        -11.158590316772461,
        -11.762802124023438,
        -12.467748641967773,
        -13.272039413452148
      ],
      "series_index": 0
    },
    {
      "pattern_id": 1,
      "pattern_start": 3,
      "pattern_width": 86,
      "pattern_values": [
        -7.927940368652344,
        -8.113590240478516,
        -8.284624099731445,
        -8.441322326660156,
        -8.583956718444824,
        -8.71280288696289,
        -8.828140258789062,
        -8.930242538452148,
        -9.019384384155273,
        -9.095843315124512,
        -9.159894943237305,
        -9.211814880371094,
        -9.251876831054688,
        -9.280359268188477,
        -9.297537803649902,
        -9.303689002990723,
        -9.299084663391113,
        -9.284004211425781,
        -9.258724212646484,
        -9.223518371582031,
        -9.178662300109863,
        -9.124431610107422,
        -9.061104774475098,
        -8.9889554977417,
        -8.908259391784668,
        -8.819292068481445,
        -8.722331047058105,
        -8.61765193939209,
        -8.50552749633789,
        -8.386237144470215,
        -8.260055541992188,
        -8.12725830078125,
        -7.988121509552002,
        -7.842920303344727,
        -7.691930294036865,
        -7.535428524017334,
        -7.373690128326416,
        -7.206991672515869,
        -7.03560733795166,
        -6.859814167022705,
        -6.679887771606445,
        -6.496104717254639,
        -6.308738708496094,
        -6.118067741394043,
        -5.924365520477295,
        -5.727910041809082,
        -5.528975963592529,
        -5.3278398513793945,
        -5.124775409698486,
        -4.9200615882873535,
        -4.7139716148376465,
        -4.5067830085754395,
        -4.298770427703857,
        -4.0902099609375,
        -3.8813772201538086,
        -3.672549247741699,
        -3.464000940322876,
        -3.256007671356201,
        -3.0488457679748535,
        -2.8427913188934326,
        -2.6381194591522217,
        -2.4351067543029785,
        -2.2340283393859863,
        -2.035160541534424,
        -1.8387787342071533,
        -1.6451590061187744,
        -1.454577088356018,
        -1.2673088312149048,
        -1.083630084991455,
        -0.9038165211677551,
        -0.728144109249115,
        -0.5568884611129761,
        -0.390325665473938,
        -0.22873151302337646,
        -0.07238137722015381,
        0.07844829559326172,
        0.22348225116729736,
        0.36244380474090576,
        0.495058536529541,
        0.6210494041442871,
        0.7401416301727295,
        0.8520584106445312,
        0.9565246105194092,
        1.0532636642456055,
        1.142000675201416,
        1.2224595546722412
      ],
      "series_index": 4
    },
    {
      "pattern_id": 2,
      "pattern_start": 5,
      "pattern_width": 101,
      "pattern_values": [
        3.548830509185791,
        3.480989933013916,
        3.4217917919158936,
        3.371025562286377,
        3.328481912612915,
        3.293949604034424,
        3.2672183513641357,
        3.2480785846710205,
        3.2363193035125732,
        3.2317309379577637,
        3.2341017723083496,
        3.243223190307617,
        3.2588841915130615,
        3.280874252319336,
        3.308983325958252,
        3.343000888824463,
        3.382716655731201,
        3.4279208183288574,
        3.4784023761749268,
        3.533951759338379,
        3.594357967376709,
        3.6594114303588867,
        3.7289011478424072,
        3.802617073059082,
        3.8803491592407227,
        3.9618866443634033,
        4.047019958496094,
        4.135538101196289,
        4.227230548858643,
        4.321887969970703,
        4.419299125671387,
        4.519254207611084,
        4.6215434074401855,
        4.725955486297607,
        4.832280158996582,
        4.940308094024658,
        5.04982852935791,
        5.160630226135254,
        5.272504806518555,
        5.385239601135254,
        5.498626232147217,
        5.612453937530518,
        5.726511478424072,
        5.840590000152588,
        5.9544782638549805,
        6.067965507507324,
        6.180842876434326,
        6.2928996086120605,
        6.403924942016602,
        6.513708114624023,
        6.622039794921875,
        6.7287092208862305,
        6.8335065841674805,
        6.936220645904541,
        7.036642551422119,
        7.134560585021973,
        7.229764938354492,
        7.322045803070068,
        7.411191463470459,
        7.496993541717529,
        7.579240322113037,
        7.657722473144531,
        7.7322282791137695,
        7.802549839019775,
        7.868474006652832,
        7.9297919273376465,
        7.986294746398926,
        8.037769317626953,
        8.084007263183594,
        8.124796867370605,
        8.159929275512695,
        8.189192771911621,
        8.212379455566406,
        8.229276657104492,
        8.239673614501953,
        8.243363380432129,
        8.240132331848145,
        8.229771614074707,
        8.21207046508789,
        8.18681812286377,
        8.153806686401367,
        8.112822532653809,
        8.063658714294434,
        8.006101608276367,
        7.939943313598633,
        7.864973068237305,
        7.780978679656982,
        7.687751770019531,
        7.585083484649658,
        7.4727606773376465,
        7.35057258605957,
        7.2183122634887695,
        7.0757670402526855,
        6.922726154327393,
        6.758981704711914,
        6.584321975708008,
        6.398534774780273,
        6.201413631439209,
        5.992745399475098,
        5.772320747375488,
        5.5399298667907715
      ],
      "series_index": 2
    },
    {
      "pattern_id": 3,
      "pattern_start": 0,
      "pattern_width": 103,