{
  "dataset": "REMC",
  "metric": "auc",
  "polynomial_degree": 3,
  "n_patterns": 5,
  "patterns": [
    {
      "pattern_id": 0,
      "pattern_start": 0,
      "pattern_width": 110,
      "pattern_values": [
        -1.740234375,
        -1.703125,
        -1.6689453125,
        -1.634765625,
        -1.6015625,
        -1.5703125,
        -1.5390625,
        -1.509765625,
        -1.48046875,
        -1.453125,
        -1.42578125,
        -1.400390625,
        -1.3759765625,
        -1.3515625,
        -1.3291015625,
        -1.306640625,
        -1.2841796875,
        -1.263671875,
        -1.2431640625,
        -1.2236328125,
        -1.205078125,
        -1.1865234375,
        -1.1689453125,
        -1.15234375,
        -1.134765625,
        -1.119140625,
        -1.103515625,
        -1.087890625,
        -1.0732421875,
        -1.05859375,
        -1.044921875,
        -1.0302734375,
        -1.0166015625,
        -1.0029296875,
        -0.990234375,
        -0.97705078125,
        -0.9638671875,
        -0.95068359375,
        -0.93798828125,
        -0.92529296875,
        -0.91259765625,
        -0.8994140625,
        -0.88671875,
        -0.87353515625,
        -0.8603515625,
        -0.84716796875,
        -0.833984375,
        -0.81982421875,
        -0.80615234375,
        -0.79150390625,
        -0.77734375,
        -0.76220703125,
        -0.74658203125,
        -0.73095703125,
        -0.71484375,
        -0.6982421875,
        -0.68115234375,
        -0.6630859375,
        -0.64501953125,
        -0.6259765625,
        -0.6064453125,
        -0.5859375,
        -0.56494140625,
        -0.54345703125,
        -0.52099609375,
        -0.497802734375,
        -0.473388671875,
        -0.448486328125,
        -0.422607421875,
        -0.395751953125,
        -0.3681640625,
        -0.33935546875,
        -0.309814453125,
        -0.279052734375,
        -0.24658203125,
        -0.2135009765625,
        -0.179443359375,
        -0.1441650390625,
        -0.107666015625,
        -0.06976318359375,
        -0.03070068359375,
        0.01025390625,
        0.05126953125,
        0.09515380859375,
        0.1402587890625,
        0.185302734375,
        0.2333984375,
        0.281982421875,
        0.332763671875,
        0.38427734375,
        0.4384765625,
        0.494384765625,
        0.55078125,
        0.6103515625,
        0.66943359375,
        0.732421875,
        0.7958984375,
        0.8623046875,
        0.9306640625,
        0.9990234375,
        1.072265625,
        1.1435546875,
        1.220703125,
        1.298828125,
        1.376953125,
        1.458984375,
        1.541015625,
        1.62890625,
        1.71484375,
        1.806640625
      ],
      "series_index": 2
    },
    {
      "pattern_id": 1,
      "pattern_start": 13,
      "pattern_width": 81,
      "pattern_values": [
        -0.44384765625,
        -0.369140625,
        -0.297119140625,
        -0.2281494140625,
        -0.1634521484375,
        -0.101318359375,
        -0.042999267578125,
        0.012359619140625,
        0.06591796875,
        0.11541748046875,
        0.162353515625,
        0.206298828125,
        0.248046875,
        0.287841796875,
        0.32470703125,
        0.35888671875,
        0.390869140625,
        0.4208984375,
        0.44921875,
        0.47509765625,
        0.499267578125,
        0.521484375,
        0.5419921875,
        0.56103515625,
        0.57861328125,
        0.5947265625,
        0.609375,
        0.623046875,
        0.63525390625,
        0.646484375,
        0.65673828125,
        0.666015625,
        0.6748046875,
        0.6826171875,
        0.68994140625,
        0.6962890625,
        0.70263671875,
        0.70849609375,
        0.71435546875,
        0.7197265625,
        0.72509765625,
        0.73046875,
        0.73583984375,
        0.74169921875,
        0.74755859375,
        0.75390625,
        0.7607421875,
        0.76806640625,
        0.77587890625,
        0.78466796875,
        0.79443359375,
        0.8046875,
        0.81640625,
        0.82861328125,
        0.84228515625,
        0.857421875,
        0.87353515625,
        0.8916015625,
        0.9111328125,
        0.93212890625,
        0.95458984375,
        0.97900390625,
        1.0048828125,
        1.0341796875,
        1.064453125,
        1.0966796875,
        1.1318359375,
        1.1689453125,
        1.208984375,
        1.2509765625,
        1.2958984375,
        1.3427734375,
        1.3935546875,
        1.447265625,
        1.5029296875,
        1.5625,
        1.625,
        1.6904296875,
        1.759765625,
        1.8330078125,
        1.908203125
      ],
      "series_index": 0
    },
    {
      "pattern_id": 2,
      "pattern_start": 47,
      "pattern_width": 125,
      "pattern_values": [
        -1.4375,
        -1.427734375,
        -1.4169921875,
        -1.4072265625,
        -1.396484375,
        -1.38671875,
        -1.376953125,
        -1.3662109375,
        -1.3564453125,
        -1.345703125,
        -1.3359375,
        -1.3251953125,
        -1.3154296875,
        -1.3046875,
        -1.294921875,
        -1.2841796875,
        -1.2734375,
        -1.263671875,
        -1.2529296875,
        -1.2421875,
        -1.2314453125,
        -1.220703125,
        -1.2099609375,
        -1.19921875,
        -1.1884765625,
        -1.177734375,
        -1.166015625,
        -1.15625,
        -1.14453125,
        -1.1337890625,
        -1.1220703125,
        -1.111328125,
        -1.099609375,
        -1.087890625,
        -1.076171875,
        -1.064453125,
        -1.052734375,
        -1.041015625,
        -1.029296875,
        -1.0166015625,
        -1.0048828125,
        -0.9921875,
        -0.97998046875,
        -0.96728515625,
        -0.95458984375,
        -0.94189453125,
        -0.92919921875,
        -0.916015625,
        -0.90283203125,
        -0.88916015625,
        -0.8759765625,
        -0.8623046875,
        -0.8486328125,
        -0.83447265625,
        -0.8203125,
        -0.80615234375,
        -0.79150390625,
        -0.77734375,
        -0.76220703125,
        -0.74755859375,
        -0.732421875,
        -0.71728515625,
        -0.70166015625,
        -0.68603515625,
        -0.67041015625,
        -0.654296875,
        -0.63818359375,
        -0.62158203125,
        -0.60498046875,
        -0.58837890625,
        -0.5712890625,
        -0.55419921875,
        -0.53662109375,
        -0.51904296875,
        -0.5009765625,
        -0.48291015625,
        -0.464599609375,
        -0.4462890625,
        -0.427490234375,
        -0.408447265625,
        -0.389404296875,
        -0.369873046875,
        -0.35009765625,
        -0.330078125,
        -0.309814453125,
        -0.28955078125,
        -0.2685546875,
        -0.2474365234375,
        -0.226318359375,
        -0.2047119140625,
        -0.18310546875,
        -0.1610107421875,
        -0.138916015625,
        -0.1162109375,
        -0.09326171875,
        -0.07025146484375,
        -0.046661376953125,
        -0.02288818359375,
        0.000762939453125,
        0.0251312255859375,
        0.0498046875,
        0.0748291015625,
        0.10009765625,
        0.125244140625,
        0.1513671875,
        0.177490234375,
        0.2041015625,
        0.23095703125,
        0.2578125,
        0.2861328125,
        0.31396484375,
        0.34228515625,
        0.370849609375,
        0.399169921875,
        0.428466796875,
        0.4580078125,
        0.488037109375,
        0.51806640625,
        0.54833984375,
        0.5791015625,
        0.61083984375,
        0.642578125,
        0.673828125,
        0.70654296875,
        0.7392578125
      ],
      "series_index": 4
    },
    {
      "pattern_id": 3,
      "pattern_start": 30,
      "pattern_width": 134,