{
  "dataset": "REMC",
  "metric": "auc",
  "polynomial_degree": 3,
  "n_patterns": 10,
  "patterns": [
    {
      "pattern_id": 0,
      "pattern_start": 30,
      "pattern_width": 67,
      "pattern_values": [
        1.18359375,
        1.1044921875,
        1.029296875,
        0.9560546875,
        0.8857421875,
        0.81884765625,
        0.7548828125,
        0.69287109375,
        0.63330078125,
        0.576171875,
        0.5224609375,
        0.470947265625,
        0.422119140625,
        0.375732421875,
        0.33203125,
        0.290283203125,
        0.251220703125,
        0.214599609375,
        0.1800537109375,
        0.1478271484375,
        0.11785888671875,
        0.08990478515625,
        0.064208984375,
        0.040618896484375,
        0.0191650390625,
        -0.000164031982421875,
        -0.0175628662109375,
        -0.03302001953125,
        -0.0465087890625,
        -0.058074951171875,
        -0.06781005859375,
        -0.07568359375,
        -0.081787109375,
        -0.08612060546875,
        -0.0887451171875,
        -0.08966064453125,
        -0.08892822265625,
        -0.08660888671875,
        -0.08270263671875,
        -0.0772705078125,
        -0.0703125,
        -0.061920166015625,
        -0.0521240234375,
        -0.040863037109375,
        -0.028289794921875,
        -0.0143280029296875,
        0.0009307861328125,
        0.017333984375,
        0.034942626953125,
        0.053863525390625,
        0.07373046875,
        0.09466552734375,
        0.116943359375,
        0.1400146484375,
        0.164306640625,
        0.1893310546875,
        0.2154541015625,
        0.2425537109375,
        0.2705078125,
        0.299072265625,
        0.328857421875,
        0.3583984375,
        0.38916015625,
        0.42041015625,
        0.453125,
        0.485595703125,
        0.5185546875
      ],
      "series_index": 0
    },
    {
      "pattern_id": 1,
      "pattern_start": 24,
      "pattern_width": 72,
      "pattern_values": [
        0.135009765625,
        0.191650390625,
        0.2435302734375,
        0.29296875,
        0.33984375,
        0.38232421875,
        0.42236328125,
        0.45947265625,
        0.49365234375,
        0.5244140625,
        0.55322265625,
        0.5791015625,
        0.60205078125,
        0.623046875,
        0.64208984375,
        0.658203125,
        0.671875,
        0.68408203125,
        0.69384765625,
        0.70166015625,
        0.7080078125,
        0.71240234375,
        0.71484375,
        0.7158203125,
        0.71533203125,
        0.71337890625,
        0.71044921875,
        0.70556640625,
        0.7001953125,
        0.693359375,
        0.685546875,
        0.6767578125,
        0.66748046875,
        0.6572265625,
        0.646484375,
        0.634765625,
        0.623046875,
        0.6103515625,
        0.59814453125,
        0.5849609375,
        0.572265625,
        0.55908203125,
        0.5458984375,
        0.533203125,
        0.5205078125,
        0.50830078125,
        0.49609375,
        0.484375,
        0.4736328125,
        0.463134765625,
        0.45361328125,
        0.44482421875,
        0.436767578125,
        0.429931640625,
        0.424072265625,
        0.41943359375,
        0.415771484375,
        0.41357421875,
        0.4130859375,
        0.4140625,
        0.416015625,
        0.420166015625,
        0.42578125,
        0.43359375,
        0.44287109375,
        0.45458984375,
        0.46875,
        0.484375,
        0.5029296875,
        0.5234375,
        0.5458984375,
        0.5712890625
      ],
      "series_index": 2
    },
    {
      "pattern_id": 2,
      "pattern_start": 28,
      "pattern_width": 167,
      "pattern_values": [
        -1.7705078125,
        -1.75390625,
        -1.73828125,
        -1.7216796875,
        -1.7060546875,
        -1.6904296875,
        -1.6748046875,
        -1.658203125,
        -1.642578125,
        -1.626953125,
        -1.611328125,
        -1.5966796875,
        -1.5810546875,
        -1.5654296875,
        -1.55078125,
        -1.53515625,
        -1.5205078125,
        -1.505859375,
        -1.4912109375,
        -1.4765625,
        -1.4619140625,
        -1.447265625,
        -1.43359375,
        -1.4189453125,
        -1.4052734375,
        -1.390625,
        -1.376953125,
        -1.36328125,
        -1.349609375,
        -1.3359375,
        -1.322265625,
        -1.30859375,
        -1.294921875,
        -1.2822265625,
        -1.26953125,
        -1.255859375,
        -1.2431640625,
        -1.23046875,
        -1.2177734375,
        -1.2060546875,
        -1.193359375,
        -1.1806640625,
        -1.16796875,
        -1.15625,
        -1.14453125,
        -1.1318359375,
        -1.1201171875,
        -1.109375,
        -1.09765625,
        -1.0859375,
        -1.07421875,
        -1.0634765625,
        -1.0517578125,
        -1.041015625,
        -1.0302734375,
        -1.01953125,
        -1.0087890625,
        -0.998046875,
        -0.9873046875,
        -0.97705078125,
        -0.966796875,
        -0.95654296875,
        -0.94677734375,
        -0.9365234375,
        -0.9267578125,
        -0.91748046875,
        -0.90771484375,
        -0.8984375,
        -0.88916015625,
        -0.8798828125,
        -0.87060546875,
        -0.86181640625,
        -0.85302734375,
        -0.84423828125,
        -0.83544921875,
        -0.8271484375,
        -0.81884765625,
        -0.810546875,
        -0.80224609375,
        -0.79443359375,
        -0.78662109375,
        -0.77880859375,
        -0.77099609375,
        -0.763671875,
        -0.75634765625,
        -0.7490234375,
        -0.74169921875,
        -0.73486328125,
        -0.72802734375,
        -0.72119140625,
        -0.71484375,
        -0.7080078125,
        -0.70166015625,
        -0.6953125,
        -0.689453125,
        -0.68359375,
        -0.677734375,
        -0.671875,
        -0.666015625,
        -0.66064453125,
        -0.6552734375,
        -0.64990234375,
        -0.64501953125,
        -0.64013671875,
        -0.63525390625,
        -0.63037109375,
        -0.6259765625,
        -0.62158203125,
        -0.6171875,
        -0.61328125,
        -0.609375,
        -0.60546875,
        -0.6015625,
        -0.59814453125,
        -0.59423828125,
        -0.5908203125,
        -0.587890625,
        -0.5849609375,
        -0.58154296875,
        -0.5791015625,
        -0.576171875,
        -0.57373046875,
        -0.5712890625,
        -0.5693359375,
        -0.56689453125,
        -0.56494140625,
        -0.56298828125,
        -0.5615234375,
        -0.56005859375,
        -0.55859375,
        -0.5576171875,
        -0.55615234375,
        -0.55517578125,
        -0.5546875,
        -0.5537109375,
        -0.55322265625,
        -0.552734375,
        -0.552734375,
        -0.552734375,
        -0.552734375,
        -0.552734375,
        -0.552734375,
        -0.55322265625,
        -0.55419921875,
        -0.5546875,
        -0.5556640625,
        -0.55712890625,
        -0.5576171875,
        -0.55908203125,
        -0.56103515625,
        -0.5625,
        -0.564453125,
        -0.56640625,
        -0.568359375,
        -0.57080078125,
        -0.57275390625,
        -0.57568359375,
        -0.578125,
        -0.58154296875,
        -0.58447265625,
        -0.58740234375,
        -0.5908203125,
        -0.59423828125,
        -0.59814453125,
        -0.6015625,
        -0.60498046875,
        -0.60986328125
      ],
      "series_index": 3
    },
    {
      "pattern_id": 3,
      "pattern_start": 110,
      "pattern_width": 85,