{
  "dataset": "REMC",
  "metric": "auc",
  "polynomial_degree": 3,
  "n_patterns": 8,
  "patterns": [
    {
      "pattern_id": 0,
      "pattern_start": 68,
      "pattern_width": 30,
      "pattern_values": [
        -8.951505661010742,
        -9.105462074279785,
        -9.138412475585938,
        -9.06567096710205,
        -8.902541160583496,
        -8.66433048248291,
        -8.366348266601562,
        -8.023900985717773,
        -7.652297496795654,
        -7.266846179962158,
        -6.8828535079956055,
        -6.515628337860107,
        -6.180478096008301,
        -5.892709732055664,
        -5.667632102966309,
        -5.5205535888671875,
        -5.466780662536621,
        -5.5216217041015625,
        -5.700384616851807,
        -6.018377304077148,
        -6.490907192230225,
        -7.13328218460083,
        -7.960810661315918,
        -8.988800048828125,
        -10.232558250427246,
        -11.707390785217285,
        -13.428610801696777,
        -15.411521911621094,
        -17.671432495117188,
        -20.223651885986328
      ],
      "series_index": 0
    },
    {
      "pattern_id": 1,
      "pattern_start": 1,
      "pattern_width": 107,
      "pattern_values": [
        3.097677230834961,
        3.114750862121582,
        3.1344053745269775,
        3.1565957069396973,
        3.181276559829712,
        3.2084031105041504,
        3.2379305362701416,
        3.2698135375976562,
        3.3040080070495605,
        3.340467691421509,
        3.379148244857788,
        3.4200055599212646,
        3.462993621826172,
        3.5080676078796387,
        3.555182695388794,
        3.6042943000793457,
        3.6553571224212646,
        3.7083258628845215,
        3.7631561756134033,
        3.819803237915039,
        3.8782215118408203,
        3.938366174697876,
        4.000192165374756,
        4.063654899597168,
        4.128709316253662,
        4.195310592651367,
        4.263413429260254,
        4.332973003387451,
        4.403944492340088,
        4.476283073425293,
        4.549942493438721,
        4.624879837036133,
        4.701048851013184,
        4.77840518951416,
        4.856903553009033,
        4.936498641967773,
        5.017146587371826,
        5.098801136016846,
        5.181418418884277,
        5.264952659606934,
        5.349359512329102,
        5.43459415435791,
        5.520610809326172,
        5.607364654541016,
        5.6948113441467285,
        5.7829060554504395,
        5.871603012084961,
        5.96085786819458,
        6.050625324249268,
        6.140860557556152,
        6.231518745422363,
        6.322555065155029,
        6.413924217224121,
        6.505580902099609,
        6.597480773925781,
        6.689578533172607,
        6.781830787658691,
        6.874189376831055,
        6.966612339019775,
        7.05905294418335,
        7.151467323303223,
        7.243810176849365,
        7.336036205291748,
        7.4281005859375,
        7.51995849609375,
        7.611564636230469,
        7.702875137329102,
        7.793844223022461,
        7.884426116943359,
        7.9745774269104,
        8.064251899719238,
        8.153406143188477,
        8.24199390411377,
        8.329970359802246,
        8.417290687561035,
        8.503910064697266,
        8.589784622192383,
        8.674866676330566,
        8.759113311767578,
        8.842480659484863,
        8.924920082092285,
        9.006390571594238,
        9.086843490600586,
        9.166237831115723,
        9.244524002075195,
        9.321662902832031,
        9.397604942321777,
        9.472305297851562,
        9.545722007751465,
        9.61780834197998,
        9.688518524169922,
        9.757807731628418,
        9.825634002685547,
        9.891948699951172,
        9.956708908081055,
        10.019868850708008,
        10.08138370513916,
        10.14120864868164,
        10.199296951293945,
        10.255608558654785,
        10.31009292602539,
        10.36270809173584,
        10.413410186767578,
        10.462151527404785,
        10.50888729095459,
        10.553574562072754,
        10.59616756439209
      ],
      "series_index": 4
    },
    {
      "pattern_id": 2,
      "pattern_start": 1,
      "pattern_width": 106,
      "pattern_values": [
        19.18009376525879,
        18.606157302856445,
        18.047409057617188,
        17.503644943237305,
        16.974653244018555,
        16.460227966308594,
        15.960161209106445,
        15.4742431640625,
        15.002265930175781,
        14.544023513793945,
        14.099306106567383,
        13.667905807495117,
        13.249614715576172,
        12.844223022460938,
        12.451525688171387,
        12.07131290435791,
        11.703376770019531,
        11.34750747680664,
        11.003499984741211,
        10.671143531799316,
        10.350232124328613,
        10.040555000305176,
        9.74190616607666,
        9.45407772064209,
        9.176859855651855,
        8.91004467010498,
        8.653425216674805,
        8.406792640686035,
        8.169939041137695,
        7.94265604019165,
        7.724735736846924,
        7.515970230102539,
        7.316150665283203,
        7.1250691413879395,
        6.9425177574157715,
        6.768288612365723,
        6.6021728515625,
        6.443963050842285,
        6.293449878692627,
        6.150427341461182,
        6.014685153961182,
        5.886016845703125,
        5.764212608337402,
        5.649065971374512,
        5.540367603302002,
        5.437910079956055,
        5.341484546661377,
        5.250883102416992,
        5.16589879989624,
        5.086321830749512,
        5.0119452476501465,
        4.942559719085693,
        4.877958297729492,
        4.81793212890625,
        4.76227331161499,
        4.710773944854736,
        4.663226127624512,
        4.619420528411865,
        4.579150199890137,
        4.542205333709717,
        4.508379936218262,
        4.4774651527404785,
        4.449252128601074,
        4.423534393310547,
        4.400101661682129,
        4.378746509552002,
        4.359261989593506,
        4.3414387702941895,
        4.325068473815918,
        4.309944152832031,
        4.295856475830078,
        4.282598495483398,
        4.269960880279541,
        4.257736682891846,
        4.2457170486450195,
        4.233693599700928,
        4.221458911895752,
        4.208803653717041,
        4.195521354675293,
        4.181402683258057,
        4.1662397384643555,
        4.149825096130371,
        4.131949424743652,
        4.112405300140381,
        4.09098482131958,
        4.067479610443115,
        4.041680812835693,
        4.013381004333496,
        3.982372283935547,
        3.948446750640869,
        3.9113948345184326,
        3.871009588241577,
        3.827083110809326,
        3.7794060707092285,
        3.727771282196045,
        3.6719696521759033,
        3.6117942333221436,
        3.54703688621521,
        3.4774880409240723,
        3.4029412269592285,
        3.3231871128082275,
        3.238018751144409,
        3.147226333618164,
        3.0506033897399902,
        2.9479403495788574,
        2.8390307426452637
      ],
      "series_index": 2
    },
    {
      "pattern_id": 3,
      "pattern_start": 76,
      "pattern_width": 31,