{
  "dataset": "REMC",
  "metric": "auc",
  "polynomial_degree": 3,
  "n_patterns": 9,
  "patterns": [
    {
      "pattern_id": 0,
      "pattern_start": 0,
      "pattern_width": 81,
      "pattern_values": [
        -26.042102813720703,
        -25.162752151489258,
        -24.314184188842773,
        -23.495887756347656,
        -22.70732879638672,
        -21.947996139526367,
        -21.217365264892578,
        -20.514915466308594,
        -19.840126037597656,
        -19.19247817993164,
        -18.571449279785156,
        -17.976516723632812,
        -17.407161712646484,
        -16.862863540649414,
        -16.343101501464844,
        -15.847354888916016,
        -15.375101089477539,
        -14.925820350646973,
        -14.498992919921875,
        -14.094095230102539,
        -13.710610389709473,
        -13.348013877868652,
        -13.005785942077637,
        -12.683406829833984,
        -12.380353927612305,
        -12.096109390258789,
        -11.830148696899414,
        -11.581953048706055,
        -11.35100269317627,
        -11.136773109436035,
        -10.938746452331543,
        -10.756402015686035,
        -10.589218139648438,
        -10.436673164367676,
        -10.298247337341309,
        -10.173419952392578,
        -10.061670303344727,
        -9.962475776672363,
        -9.87531566619873,
        -9.79967212677002,
        -9.735021591186523,
        -9.6808443069458,
        -9.636618614196777,
        -9.601824760437012,
        -9.57594108581543,
        -9.558446884155273,
        -9.548821449279785,
        -9.546544075012207,
        -9.551094055175781,
        -9.561949729919434,
        -9.578591346740723,
        -9.600497245788574,
        -9.62714672088623,
        -9.65802001953125,
        -9.692594528198242,
        -9.730348587036133,
        -9.77076530456543,
        -9.81332015991211,
        -9.857495307922363,
        -9.902766227722168,
        -9.948615074157715,
        -9.99452018737793,
        -10.039960861206055,
        -10.084416389465332,
        -10.127365112304688,
        -10.168285369873047,
        -10.206659317016602,
        -10.241963386535645,
        -10.27367877960205,
        -10.30128288269043,
        -10.32425594329834,
        -10.34207534790039,
        -10.354222297668457,
        -10.360176086425781,
        -10.359415054321289,
        -10.351417541503906,
        -10.335664749145508,
        -10.311634063720703,
        -10.278804779052734,
        -10.236658096313477,
        -10.184669494628906
      ],
      "series_index": 4
    },
    {
      "pattern_id": 1,
      "pattern_start": 67,
      "pattern_width": 30,
      "pattern_values": [
        3.6686670780181885,
        3.5080437660217285,
        3.398509979248047,
        3.3410539627075195,
        3.3366634845733643,
        3.3863258361816406,
        3.4910285472869873,
        3.651759624481201,
        3.869506597518921,
        4.145256996154785,
        4.479998588562012,
        4.874719142913818,
        5.3304057121276855,
        5.848046779632568,
        6.428629398345947,
        7.073141574859619,
        7.7825703620910645,
        8.557904243469238,
        9.400130271911621,
        10.310236930847168,
        11.289210319519043,
        12.33803939819336,
        13.457711219787598,
        14.649213790893555,
        15.913534164428711,
        17.251659393310547,
        18.664581298828125,
        20.153282165527344,
        21.718751907348633,
        23.36197853088379
      ],
      "series_index": 0
    },
    {
      "pattern_id": 2,
      "pattern_start": 16,
      "pattern_width": 91,
      "pattern_values": [
        7.49912166595459,
        7.451516151428223,
        7.403903484344482,
        7.356269359588623,
        7.308600902557373,
        7.2608842849731445,
        7.213106155395508,
        7.165253162384033,
        7.117311477661133,
        7.069268226623535,
        7.0211100578308105,
        6.972822666168213,
        6.9243927001953125,
        6.87580680847168,
        6.827052116394043,
        6.7781147956848145,
        6.728980541229248,
        6.6796369552612305,
        6.630070686340332,
        6.580266952514648,
        6.530213832855225,
        6.4798970222473145,
        6.42930269241333,
        6.37841796875,
        6.3272294998168945,
        6.275723457336426,
        6.223886489868164,
        6.17170524597168,
        6.119165420532227,
        6.066255569458008,
        6.0129594802856445,
        5.959266185760498,
        5.905160427093506,
        5.8506293296813965,
        5.79565954208374,
        5.740237236022949,
        5.68435001373291,
        5.627983093261719,
        5.571124076843262,
        5.513758659362793,
        5.455873966217041,
        5.39745569229126,
        5.338491439819336,
        5.278966903686523,
        5.218868732452393,
        5.158183574676514,
        5.096897602081299,
        5.034998893737793,
        4.972472190856934,
        4.909305095672607,
        4.845482349395752,
        4.780993461608887,
        4.715822219848633,
        4.649956703186035,
        4.583382606506348,
        4.516087532043457,
        4.448056697845459,
        4.379276752471924,
        4.3097357749938965,
        4.2394185066223145,
        4.168313026428223,
        4.096404075622559,
        4.023679733276367,
        3.9501256942749023,
        3.8757288455963135,
        3.8004751205444336,
        3.7243518829345703,
        3.6473453044891357,
        3.569441556930542,
        3.4906280040740967,
        3.4108901023864746,
        3.3302154541015625,
        3.248589515686035,
        3.1660001277923584,
        3.082432508468628,
        2.997873544692993,
        2.9123106002807617,
        2.8257291316986084,
        2.7381160259246826,
        2.649458169937134,
        2.559741497039795,
        2.4689528942108154,
        2.3770790100097656,
        2.2841062545776367,
        2.1900203227996826,
        2.0948092937469482,
        1.9984585046768188,
        1.900955080986023,
        1.8022853136062622,
        1.7024357318878174,
        1.6013928651809692
      ],
      "series_index": 1
    },
    {
      "pattern_id": 3,
      "pattern_start": 86,
      "pattern_width": 41,
      "pattern_values": [
        -8.764337539672852,
        -8.228309631347656,
        -7.768179893493652,
        -7.381038665771484,
        -7.063971996307373,
        -6.814069747924805,
        -6.628420829772949,
        -6.50411319732666,
        -6.438235759735107,
        -6.4278764724731445,
        -6.470124244689941,
        -6.562067031860352,
        -6.700793743133545,
        -6.883392810821533,
        -7.106952667236328,
        -7.3685622215271,
        -7.665308952331543,
        -7.994281768798828,
        -8.352570533752441,
        -8.737261772155762,
        -9.145444869995117,
        -9.57420825958252,
        -10.02064037322998,
        -10.481830596923828,
        -10.954865455627441,
        -11.436835289001465,
        -11.924827575683594,
        -12.41593074798584,
        -12.907234191894531,
        -13.395824432373047,
        -13.878792762756348,
        -14.353226661682129,
        -14.816213607788086,
        -15.26484203338623,
        -15.696202278137207,
        -16.10738182067871,
        -16.495468139648438,
        -16.85755157470703,
        -17.190719604492188,
        -17.492061614990234,
        -17.758665084838867
      ],
      "series_index": 4
    },
    {
      "pattern_id": 4,
      "pattern_start": 50,
      "pattern_width": 30,