{
  "dataset": "AZT1D",
  "metric": "rmse",
  "polynomial_degree": 3,
  "n_patterns": 4,
  "patterns": [
    {
      "pattern_id": 0,
      "pattern_start": 2,
      "pattern_width": 11,
      "pattern_values": [
        -0.9609375,
        -0.6591796875,
        -0.448974609375,
        -0.3017578125,
        -0.189208984375,
        -0.08294677734375,
        0.045379638671875,
        0.2242431640625,
        0.482421875,
        0.8466796875,
        1.3486328125
      ]
    },
    {
      "pattern_id": 1,
      "pattern_start": 21,
      "pattern_width": 1,
      "pattern_values": [
        1.0859375
      ]
    },
    {
      "pattern_id": 2,
      "pattern_start": 12,
      "pattern_width": 11,
      "pattern_values": [
        1.580078125,
        1.13671875,
        0.8681640625,
        0.75146484375,
        0.7626953125,
        0.876953125,
        1.0712890625,
        1.3212890625,
        1.603515625,
        1.892578125,
        2.16796875
      ]
    },
    {
      "pattern_id": 3,
      "pattern_start": 2,
      "pattern_width": 22,
      "pattern_values": [
        -1.193359375,
        -0.79296875,
        -0.45068359375,
        -0.1619873046875,
        0.0782470703125,
        0.274169921875,
        0.430908203125,
        0.55224609375,
        0.6435546875,
        0.708984375,
        0.75390625,
        0.78173828125,
        0.79833984375,
        0.8076171875,
        0.81494140625,
        0.82373046875,
        0.83984375,
        0.8671875,
        0.91064453125,
        0.97509765625,
        1.0634765625,
        1.18359375
      ]
    }
  ]
}