{
  "dataset": "AZT1D",
  "metric": "rmse",
  "polynomial_degree": 3,
  "n_patterns": 4,
  "patterns": [
    {
      "pattern_id": 0,
      "pattern_start": 7,
      "pattern_width": 12,
      "pattern_values": [
        0.2230224609375,
        0.292236328125,
        0.346923828125,
        0.3896484375,
        0.423828125,
        0.45263671875,
        0.47900390625,
        0.50634765625,
        0.53759765625,
        0.576171875,
        0.625,
        0.68701171875
      ]
    },
    {
      "pattern_id": 1,
      "pattern_start": 2,
      "pattern_width": 11,
      "pattern_values": [
        0.51708984375,
        0.1243896484375,
        -0.1630859375,
        -0.373046875,
        -0.53271484375,
        -0.66845703125,
        -0.80810546875,
        -0.978515625,
        -1.20703125,
        -1.521484375,
        -1.947265625
      ]
    },
    {
      "pattern_id": 2,
      "pattern_start": 1,
      "pattern_width": 4,
      "pattern_values": [
        0.705078125,
        -0.33056640625,
        -0.02532958984375,
        0.099609375
      ]
    },
    {
      "pattern_id": 3,
      "pattern_start": 16,
      "pattern_width": 8,
      "pattern_values": [
        -2.44140625,
        -1.7216796875,
        -1.201171875,
        -0.86572265625,
        -0.69921875,
        -0.68603515625,
        -0.810546875,
        -1.0576171875
      ]
    }
  ]
}