{
  "dataset": "REMC",
  "metric": "auc",
  "polynomial_degree": 3,
  "n_patterns": 10,
  "patterns": [
    {
      "pattern_id": 0,
      "pattern_start": 35,
      "pattern_width": 80,
      "pattern_values": [
        -0.7600936889648438,
        0.01885509490966797,
        0.762779712677002,
        1.4723048210144043,
        2.1480488777160645,
        2.7906322479248047,
        3.400679111480713,
        3.9788095951080322,
        4.525641441345215,
        5.041801929473877,
        5.527907371520996,
        5.984580039978027,
        6.412442207336426,
        6.812112331390381,
        7.184215068817139,
        7.5293684005737305,
        7.848196029663086,
        8.141318321228027,
        8.409356117248535,
        8.652928352355957,
        8.872659683227539,
        9.069169998168945,
        9.24307918548584,
        9.395009994506836,
        9.525582313537598,
        9.635418891906738,
        9.725139617919922,
        9.795365333557129,
        9.846717834472656,
        9.879817962646484,
        9.89528751373291,
        9.893746376037598,
        9.87581729888916,
        9.842119216918945,
        9.793274879455566,
        9.729905128479004,
        9.652631759643555,
        9.562074661254883,
        9.458855628967285,
        9.343594551086426,
        9.21691608428955,
        9.079436302185059,
        8.931779861450195,
        8.774566650390625,
        8.608418464660645,
        8.433955192565918,
        8.251798629760742,
        8.06257152557373,
        7.8668928146362305,
        7.665383815765381,
        7.458666801452637,
        7.24736213684082,
        7.032090663909912,
        6.813474178314209,
        6.592133522033691,
        6.36868953704834,
        6.143764495849609,
        5.917977809906006,
        5.691951751708984,
        5.466307163238525,
        5.241665363311768,
        5.01864767074585,
        4.797873497009277,
        4.579966068267822,
        4.365546226501465,
        4.155234336853027,
        3.9496517181396484,
        3.749419689178467,
        3.5551586151123047,
        3.367490530014038,
        3.1870369911193848,
        3.0144174098968506,
        2.850254774093628,
        2.6951680183410645,
        2.5497803688049316,
        2.414712429046631,
        2.2905850410461426,
        2.1780190467834473,
        2.0776357650756836,
        1.9900569915771484
      ],
      "series_index": 3
    },
    {
      "pattern_id": 1,
      "pattern_start": 36,
      "pattern_width": 77,
      "pattern_values": [
        -15.754772186279297,
        -15.284017562866211,
        -14.81754207611084,
        -14.355585098266602,
        -13.898387908935547,
        -13.446187973022461,
        -12.999225616455078,
        -12.557738304138184,
        -12.121967315673828,
        -11.69214916229248,
        -11.268524169921875,
        -10.851330757141113,
        -10.440808296203613,
        -10.037196159362793,
        -9.64073371887207,
        -9.251659393310547,
        -8.870210647583008,
        -8.496627807617188,
        -8.131152153015137,
        -7.774019241333008,
        -7.42547082901001,
        -7.085743427276611,
        -6.755077362060547,
        -6.433712005615234,
        -6.121886253356934,
        -5.819838047027588,
        -5.527807712554932,
        -5.246033668518066,
        -4.974754333496094,
        -4.7142109870910645,
        -4.464640140533447,
        -4.226282119750977,
        -3.999375343322754,
        -3.7841591835021973,
        -3.5808727741241455,
        -3.3897547721862793,
        -3.2110447883605957,
        -3.0449814796447754,
        -2.891803741455078,
        -2.751750946044922,
        -2.625061511993408,
        -2.5119752883911133,
        -2.4127304553985596,
        -2.3275671005249023,
        -2.256722927093506,
        -2.2004380226135254,
        -2.1589512825012207,
        -2.1325011253356934,
        -2.1213271617889404,
        -2.1256682872772217,
        -2.145763397216797,
        -2.181851387023926,
        -2.2341716289520264,
        -2.3029634952545166,
        -2.3884646892547607,
        -2.4909157752990723,
        -2.6105549335479736,
        -2.7476210594177246,
        -2.902353525161743,
        -3.074991226196289,
        -3.2657737731933594,
        -3.4749395847320557,
        -3.7027273178100586,
        -3.9493765830993652,
        -4.215126991271973,
        -4.500216007232666,
        -4.80488395690918,
        -5.129369735717773,
        -5.473912239074707,
        -5.838749408721924,
        -6.224121570587158,
        -6.63026762008667,
        -7.0574259757995605,
        -7.505836486816406,
        -7.975738048553467,
        -8.467368125915527,
        -8.980968475341797
      ],
      "series_index": 2
    },
    {
      "pattern_id": 2,
      "pattern_start": 0,
      "pattern_width": 74,
      "pattern_values": [
        21.526689529418945,
        20.462467193603516,
        19.451190948486328,
        18.491622924804688,
        17.58253288269043,
        16.722686767578125,
        15.910852432250977,
        15.145797729492188,
        14.426286697387695,
        13.751089096069336,
        13.11897087097168,
        12.528700828552246,
        11.979043960571289,
        11.468767166137695,
        10.996638298034668,
        10.561426162719727,
        10.161894798278809,
        9.796812057495117,
        9.464944839477539,
        9.165063858032227,
        8.895930290222168,
        8.656315803527832,
        8.444985389709473,
        8.260705947875977,
        8.102245330810547,
        7.968369960784912,
        7.857847213745117,
        7.769444942474365,
        7.701929092407227,
        7.654066562652588,
        7.624625205993652,
        7.612371921539307,
        7.616073131561279,
        7.634497165679932,
        7.666409969329834,
        7.710578918457031,
        7.76577091217041,
        7.830753326416016,
        7.904293060302734,
        7.985156536102295,
        8.072113037109375,
        8.16392707824707,
        8.259366989135742,
        8.357197761535645,
        8.45619010925293,
        8.555109024047852,
        8.652721405029297,
        8.747795104980469,
        8.839097023010254,
        8.925392150878906,
        9.005450248718262,
        9.078038215637207,
        9.141921043395996,
        9.195868492126465,
        9.23864459991455,
        9.269018173217773,
        9.285757064819336,
        9.287627220153809,
        9.273395538330078,
        9.241829872131348,
        9.191697120666504,
        9.121763229370117,
        9.030795097351074,
        8.917562484741211,
        8.780830383300781,
        8.619365692138672,
        8.431936264038086,
        8.217308044433594,
        7.974249839782715,
        7.701526641845703,
        7.3979082107543945,
        7.062159538269043,
        6.693049430847168,
        6.289339065551758
      ],
      "series_index": 4
    },
    {
      "pattern_id": 3,
      "pattern_start": 25,
      "pattern_width": 68,