{
  "dataset": "REMC",
  "metric": "auc",
  "polynomial_degree": 3,
  "n_patterns": 11,
  "patterns": [
    {
      "pattern_id": 0,
      "pattern_start": 45,
      "pattern_width": 53,
      "pattern_values": [
        4.608736038208008,
        4.399909973144531,
        4.2229838371276855,
        4.077220916748047,
        3.961886405944824,
        3.8762435913085938,
        3.8195600509643555,
        3.791097640991211,
        3.790123462677002,
        3.815901041030884,
        3.8676955699920654,
        3.9447708129882812,
        4.046393394470215,
        4.171826362609863,
        4.3203349113464355,
        4.491184711456299,
        4.683639049530029,
        4.896963596343994,
        5.130422592163086,
        5.383281230926514,
        5.654804706573486,
        5.9442572593688965,
        6.2509026527404785,
        6.574007034301758,
        6.912834167480469,
        7.266650199890137,
        7.634718418121338,
        8.016304969787598,
        8.410672187805176,
        8.81708812713623,
        9.234813690185547,
        9.663117408752441,
        10.101262092590332,
        10.54851245880127,
        11.004134178161621,
        11.467391014099121,
        11.93754768371582,
        12.41386890411377,
        12.895621299743652,
        13.382067680358887,
        13.872472763061523,
        14.366103172302246,
        14.862220764160156,
        15.360092163085938,
        15.858983039855957,
        16.358156204223633,
        16.856876373291016,
        17.354408264160156,
        17.850019454956055,
        18.342971801757812,
        18.832530975341797,
        19.317962646484375,
        19.79852867126465
      ],
      "series_index": 0
    },
    {
      "pattern_id": 1,
      "pattern_start": 5,
      "pattern_width": 80,
      "pattern_values": [
        -3.8697564601898193,
        -3.517422914505005,
        -3.1904091835021973,
        -2.8881747722625732,
        -2.6101865768432617,
        -2.3559072017669678,
        -2.1248011589050293,
        -1.9163308143615723,
        -1.7299613952636719,
        -1.5651555061340332,
        -1.4213769435882568,
        -1.2980891466140747,
        -1.194756269454956,
        -1.1108417510986328,
        -1.0458096265792847,
        -0.9991236925125122,
        -0.9702469110488892,
        -0.9586431980133057,
        -0.9637761116027832,
        -0.9851098656654358,
        -1.0221083164215088,
        -1.074233889579773,
        -1.1409516334533691,
        -1.221724271774292,
        -1.3160160779953003,
        -1.4232902526855469,
        -1.543010950088501,
        -1.6746416091918945,
        -1.817645788192749,
        -1.971487283706665,
        -2.135629892349243,
        -2.309537410736084,
        -2.492672920227051,
        -2.6845006942749023,
        -2.88448429107666,
        -3.0920872688293457,
        -3.3067729473114014,
        -3.528005838394165,
        -3.7552490234375,
        -3.987966299057007,
        -4.225621700286865,
        -4.467678070068359,
        -4.713600158691406,
        -4.962850570678711,
        -5.214893817901611,
        -5.469193458557129,
        -5.725212097167969,
        -5.982414722442627,
        -6.240265369415283,
        -6.498226165771484,
        -6.755761623382568,
        -7.012335777282715,
        -7.267411708831787,
        -7.520453453063965,
        -7.7709245681762695,
        -8.01828670501709,
        -8.262008666992188,
        -8.501548767089844,
        -8.736373901367188,
        -8.965946197509766,
        -9.189730644226074,
        -9.40718936920166,
        -9.61778736114502,
        -9.820987701416016,
        -10.016252517700195,
        -10.20305061340332,
        -10.380839347839355,
        -10.549086570739746,
        -10.707253456115723,
        -10.854806900024414,
        -10.991205215454102,
        -11.11591911315918,
        -11.228404998779297,
        -11.328132629394531,
        -11.414562225341797,
        -11.48715877532959,
        -11.545385360717773,
        -11.588706016540527,
        -11.616583824157715,
        -11.628482818603516
      ],
      "series_index": 4
    },
    {
      "pattern_id": 2,
      "pattern_start": 0,
      "pattern_width": 73,
      "pattern_values": [
        -9.327523231506348,
        -8.570123672485352,
        -7.8579583168029785,
        -7.190088272094727,
        -6.565572738647461,
        -5.983471870422363,
        -5.442844867706299,
        -4.942753791809082,
        -4.482254505157471,
        -4.0604095458984375,
        -3.6762781143188477,
        -3.328920841217041,
        -3.01739764213562,
        -2.740766763687134,
        -2.49808931350708,
        -2.2884249687194824,
        -2.1108341217041016,
        -1.964375376701355,
        -1.848109245300293,
        -1.7610957622528076,
        -1.7023944854736328,
        -1.6710655689239502,
        -1.6661689281463623,
        -1.686763882637024,
        -1.7319108247756958,
        -1.8006693124771118,
        -1.8920994997024536,
        -2.005260944366455,
        -2.1392135620117188,
        -2.2930173873901367,
        -2.4657320976257324,
        -2.6564178466796875,
        -2.8641340732574463,
        -3.0879411697387695,
        -3.3268980979919434,
        -3.5800654888153076,
        -3.846503257751465,
        -4.125270843505859,
        -4.415428638458252,
        -4.71603536605835,
        -5.02615213394165,
        -5.344838619232178,
        -5.671154022216797,
        -6.0041584968566895,
        -6.342912673950195,
        -6.686474800109863,
        -7.033905982971191,
        -7.384265899658203,
        -7.73661470413208,
        -8.090010643005371,
        -8.443514823913574,
        -8.796188354492188,
        -9.147089004516602,
        -9.495277404785156,
        -9.839813232421875,
        -10.179758071899414,
        -10.514167785644531,
        -10.842106819152832,
        -11.16263198852539,
        -11.474803924560547,
        -11.77768325805664,
        -12.070328712463379,
        -12.351800918579102,
        -12.621159553527832,
        -12.877464294433594,
        -13.11977481842041,
        -13.347152709960938,
        -13.55865478515625,
        -13.75334358215332,
        -13.930277824401855,
        -14.088516235351562,
        -14.227121353149414,
        -14.345149993896484
      ],
      "series_index": 2
    },
    {
      "pattern_id": 3,
      "pattern_start": 18,
      "pattern_width": 43,
      "pattern_values": [
        -11.705398559570312,
        -11.577363967895508,
        -11.432888984680176,
        -11.274674415588379,
        -11.105420112609863,
        -10.927827835083008,
        -10.744595527648926,
        -10.558424949645996,
        -10.372015953063965,
        -10.188066482543945,
        -10.009279251098633,
        -9.838354110717773,
        -9.677990913391113,
        -9.530889511108398,
        -9.399747848510742,
        -9.287270545959473,
        -9.196155548095703,
        -9.129101753234863,
        -9.088809967041016,
        -9.077980995178223,
        -9.099315643310547,
        -9.155511856079102,
        -9.249271392822266,
        -9.383294105529785,
        -9.560279846191406,
        -9.782927513122559,
        -10.053939819335938,
        -10.376015663146973,
        -10.751853942871094,
        -11.18415641784668,
        -11.67562198638916,
        -12.228952407836914,
        -12.846847534179688,
        -13.532005310058594,
        -14.287127494812012,
        -15.114914894104004,
        -16.01806640625,
        -16.99928092956543,
        -18.061262130737305,
        -19.206707000732422,
        -20.438318252563477,
        -21.758792877197266,
        -23.170833587646484
      ],
      "series_index": 3
    },
    {
      "pattern_id": 4,
      "pattern_start": 49,
      "pattern_width": 58,