{
  "dataset": "REMC",
  "metric": "auc",
  "polynomial_degree": 3,
  "n_patterns": 8,
  "patterns": [
    {
      "pattern_id": 0,
      "pattern_start": 83,
      "pattern_width": 15,
      "pattern_values": [
        7.798008441925049,
        8.166013717651367,
        8.123340606689453,
        7.750176429748535,
        7.126705169677734,
        6.3331146240234375,
        5.449588298797607,
        4.556313514709473,
        3.7334749698638916,
        3.061258316040039,
        2.619849681854248,
        2.489434003829956,
        2.750196933746338,
        3.4823246002197266,
        4.766002655029297
      ],
      "series_index": 0
    },
    {
      "pattern_id": 1,
      "pattern_start": 68,
      "pattern_width": 37,
      "pattern_values": [
        -16.043766021728516,
        -14.9461030960083,
        -13.91716480255127,
        -12.954466819763184,
        -12.055523872375488,
        -11.217851638793945,
        -10.43896770477295,
        -9.716384887695312,
        -9.047621726989746,
        -8.430191040039062,
        -7.861608028411865,
        -7.339391231536865,
        -6.86105489730835,
        -6.424113750457764,
        -6.0260844230651855,
        -5.664482593536377,
        -5.336822986602783,
        -5.040622234344482,
        -4.773395538330078,
        -4.532658100128174,
        -4.3159260749816895,
        -4.1207146644592285,
        -3.944540500640869,
        -3.7849175930023193,
        -3.6393625736236572,
        -3.5053906440734863,
        -3.3805179595947266,
        -3.2622594833374023,
        -3.1481311321258545,
        -3.0356485843658447,
        -2.9223270416259766,
        -2.80568265914917,
        -2.6832306385040283,
        -2.552487373352051,
        -2.410966634750366,
        -2.2561862468719482,
        -2.085660457611084
      ],
      "series_index": 2
    },
    {
      "pattern_id": 2,
      "pattern_start": 0,
      "pattern_width": 109,
      "pattern_values": [
        5.816507816314697,
        5.763258457183838,
        5.716197490692139,
        5.675129413604736,
        5.639860153198242,
        5.610195636749268,
        5.585941314697266,
        5.566901683807373,
        5.552884101867676,
        5.543691635131836,
        5.539132595062256,
        5.539011001586914,
        5.5431318283081055,
        5.551301956176758,
        5.563326835632324,
        5.579010486602783,
        5.598160266876221,
        5.620579719543457,
        5.646076679229736,
        5.674455165863037,
        5.705521106719971,
        5.739079475402832,
        5.774937152862549,
        5.812898635864258,
        5.852769374847412,
        5.894355773925781,
        5.937462329864502,
        5.981895446777344,
        6.027460098266602,
        6.0739617347717285,
        6.121206283569336,
        6.168999195098877,
        6.217146873474121,
        6.265452861785889,
        6.313724040985107,
        6.3617658615112305,
        6.409383296966553,
        6.456382751464844,
        6.50256872177124,
        6.54774808883667,
        6.591724872589111,
        6.634305477142334,
        6.675295352935791,
        6.714500427246094,
        6.751725196838379,
        6.786776542663574,
        6.8194580078125,
        6.849576950073242,
        6.876938819885254,
        6.901347637176514,
        6.922610282897949,
        6.940532684326172,
        6.95491886138916,
        6.965575695037842,
        6.9723076820373535,
        6.974920749664307,
        6.9732208251953125,
        6.967013359069824,
        6.956103324890137,
        6.940296649932861,
        6.919398307800293,
        6.893215179443359,
        6.861551284790039,
        6.824213027954102,
        6.781005859375,
        6.7317352294921875,
        6.676207065582275,
        6.6142258644104,
        6.545597553253174,
        6.470128536224365,
        6.387623310089111,
        6.297887802124023,
        6.200727939605713,
        6.095948219299316,
        5.98335599899292,
        5.8627543449401855,
        5.733950614929199,
        5.596749782562256,
        5.450957298278809,
        5.2963786125183105,
        5.132820129394531,
        4.960085868835449,
        4.77798318862915,
        4.586316108703613,
        4.384890079498291,
        4.1735124588012695,
        3.951986789703369,
        3.7201194763183594,
        3.4777169227600098,
        3.224583148956299,
        2.9605231285095215,
        2.6853444576263428,
        2.3988513946533203,
        2.100850820541382,
        1.7911465167999268,
        1.4695439338684082,
        1.1358506679534912,
        0.7898705005645752,
        0.4314103126525879,
        0.06027388572692871,
        -0.3237333297729492,
        -0.7208027839660645,
        -1.1311311721801758,
        -1.55491304397583,
        -1.9923429489135742,
        -2.4436144828796387,
        -2.908923625946045,
        -3.3884634971618652,
        -3.88242769241333
      ],
      "series_index": 4
    },
    {
      "pattern_id": 3,
      "pattern_start": 3,
      "pattern_width": 51,
      "pattern_values": [
        -8.226201057434082,
        -7.449261665344238,
        -6.75213098526001,
        -6.131453990936279,
        -5.5838751792907715,
        -5.106042861938477,
        -4.694601058959961,
        -4.346196174621582,
        -4.057473659515381,
        -3.8250792026519775,
        -3.6456589698791504,
        -3.5158588886260986,
        -3.4323244094848633,
        -3.3917014598846436,
        -3.3906354904174805,
        -3.4257726669311523,
        -3.4937584400177,
        -3.5912389755249023,
        -3.714859962463379,
        -3.861266851425171,
        -4.027105808258057,
        -4.209022521972656,
        -4.403662204742432,
        -4.607672214508057,
        -4.8176960945129395,
        -5.030381679534912,
        -5.242373943328857,
        -5.450317859649658,
        -5.65086030960083,
        -5.840646743774414,
        -6.016322612762451,
        -6.174534320831299,
        -6.311927795410156,
        -6.42514705657959,
        -6.51084041595459,
        -6.565652370452881,
        -6.5862274169921875,
        -6.5692138671875,
        -6.511256217956543,
        -6.409000396728516,
        -6.259092807769775,
        -6.058176040649414,
        -5.802900314331055,
        -5.489910125732422,
        -5.115848541259766,
        -4.677365303039551,
        -4.1711039543151855,
        -3.5937089920043945,
        -2.9418301582336426,
        -2.2121100425720215,
        -1.401193618774414
      ],
      "series_index": 3
    },
    {
      "pattern_id": 4,
      "pattern_start": 0,
      "pattern_width": 99,