{
  "dataset": "AZT1D",
  "metric": "rmse",
  "polynomial_degree": 3,
  "n_patterns": 4,
  "patterns": [
    {
      "pattern_id": 0,
      "pattern_start": 0,
      "pattern_width": 6,
      "pattern_values": [
        0.23974609375,
        -0.5400390625,
        -0.8232421875,
        -0.9609375,
        -1.3056640625,
        -2.208984375
      ]
    },
    {
      "pattern_id": 1,
      "pattern_start": 2,
      "pattern_width": 2,
      "pattern_values": [
        1.8740234375,
        -0.701171875
      ]
    },
    {
      "pattern_id": 2,
      "pattern_start": 22,
      "pattern_width": 1,
      "pattern_values": [
        1.40234375
      ]
    },
    {
      "pattern_id": 3,
      "pattern_start": 9,
      "pattern_width": 15,
      "pattern_values": [
        -1.8310546875,
        -1.27734375,
        -0.84130859375,
        -0.5068359375,
        -0.263671875,
        -0.0985107421875,
        0.0010395050048828125,
        0.04742431640625,
        0.053070068359375,
        0.0304107666015625,
        -0.008087158203125,
        -0.050048828125,
        -0.08258056640625,
        -0.09429931640625,
        -0.07159423828125
      ]
    }
  ]
}