{
  "dataset": "REMC",
  "metric": "auc",
  "polynomial_degree": 3,
  "n_patterns": 8,
  "patterns": [
    {
      "pattern_id": 0,
      "pattern_start": 73,
      "pattern_width": 24,
      "pattern_values": [
        -17.97890853881836,
        -14.77485466003418,
        -12.009099960327148,
        -9.650687217712402,
        -7.668649196624756,
        -6.032022476196289,
        -4.709847450256348,
        -3.671159505844116,
        -2.884996175765991,
        -2.3203954696655273,
        -1.9463943243026733,
        -1.7320297956466675,
        -1.6463395357131958,
        -1.6583606004714966,
        -1.7371305227279663,
        -1.8516864776611328,
        -1.9710655212402344,
        -2.064305543899536,
        -2.1004436016082764,
        -2.0485167503356934,
        -1.8775627613067627,
        -1.5566191673278809,
        -1.0547218322753906,
        -0.3409099578857422
      ],
      "series_index": 0
    },
    {
      "pattern_id": 1,
      "pattern_start": 0,
      "pattern_width": 90,
      "pattern_values": [
        -22.649658203125,
        -21.997848510742188,
        -21.365814208984375,
        -20.753307342529297,
        -20.160079956054688,
        -19.58588981628418,
        -19.030481338500977,
        -18.493614196777344,
        -17.97504234313965,
        -17.47451400756836,
        -16.991783142089844,
        -16.526601791381836,
        -16.078723907470703,
        -15.647903442382812,
        -15.233890533447266,
        -14.83643913269043,
        -14.455302238464355,
        -14.090231895446777,
        -13.740982055664062,
        -13.407304763793945,
        -13.088953971862793,
        -12.785679817199707,
        -12.497238159179688,
        -12.22337818145752,
        -11.96385669708252,
        -11.718423843383789,
        -11.486831665039062,
        -11.26883602142334,
        -11.064188003540039,
        -10.872639656066895,
        -10.693944931030273,
        -10.527854919433594,
        -10.374125480651855,
        -10.232505798339844,
        -10.102750778198242,
        -9.984613418579102,
        -9.87784481048584,
        -9.78219985961914,
        -9.697429656982422,
        -9.623287200927734,
        -9.559526443481445,
        -9.505898475646973,
        -9.462157249450684,
        -9.428056716918945,
        -9.403345108032227,
        -9.387781143188477,
        -9.381113052368164,
        -9.383095741271973,
        -9.393481254577637,
        -9.412023544311523,
        -9.438472747802734,
        -9.472583770751953,
        -9.514108657836914,
        -9.5628023147583,
        -9.618413925170898,
        -9.68069839477539,
        -9.749408721923828,
        -9.824295997619629,
        -9.905115127563477,
        -9.991615295410156,
        -10.0835542678833,
        -10.180681228637695,
        -10.28275203704834,
        -10.389514923095703,
        -10.500726699829102,
        -10.616137504577637,
        -10.735503196716309,
        -10.858572006225586,
        -10.985100746154785,
        -11.114840507507324,
        -11.24754524230957,
        -11.382965087890625,
        -11.520855903625488,
        -11.660967826843262,
        -11.803056716918945,
        -11.946870803833008,
        -12.092168807983398,
        -12.238697052001953,
        -12.386213302612305,
        -12.534468650817871,
        -12.68321418762207,
        -12.832204818725586,
        -12.981194496154785,
        -13.129932403564453,
        -13.278173446655273,
        -13.425670623779297,
        -13.572175979614258,
        -13.71744155883789,
        -13.861222267150879,
        -14.00326919555664
      ],
      "series_index": 4
    },
    {
      "pattern_id": 2,
      "pattern_start": 4,
      "pattern_width": 91,
      "pattern_values": [
        -13.701197624206543,
        -13.773210525512695,
        -13.828293800354004,
        -13.867042541503906,
        -13.890054702758789,
        -13.897926330566406,
        -13.891252517700195,
        -13.87063217163086,
        -13.836662292480469,
        -13.789936065673828,
        -13.73105239868164,
        -13.660606384277344,
        -13.579195976257324,
        -13.487419128417969,
        -13.385869026184082,
        -13.27514362335205,
        -13.155839920043945,
        -13.028553009033203,
        -12.893882751464844,
        -12.752422332763672,
        -12.604768753051758,
        -12.451519966125488,
        -12.293270111083984,
        -12.130620956420898,
        -11.96416187286377,
        -11.794493675231934,
        -11.622214317321777,
        -11.447916030883789,
        -11.272198677062988,
        -11.095657348632812,
        -10.918888092041016,
        -10.7424898147583,
        -10.567057609558105,
        -10.393186569213867,
        -10.221475601196289,
        -10.052520751953125,
        -9.886916160583496,
        -9.725261688232422,
        -9.56815242767334,
        -9.416184425354004,
        -9.269954681396484,
        -9.130061149597168,
        -8.997097969055176,
        -8.871662139892578,
        -8.754352569580078,
        -8.64576244354248,
        -8.546489715576172,
        -8.457132339477539,
        -8.37828540802002,
        -8.310545921325684,
        -8.254508972167969,
        -8.210774421691895,
        -8.17993450164795,
        -8.162589073181152,
        -8.159333229064941,
        -8.17076301574707,
        -8.197477340698242,
        -8.240070343017578,
        -8.299139022827148,
        -8.37528133392334,
        -8.469093322753906,
        -8.581169128417969,
        -8.712108612060547,
        -8.862506866455078,
        -9.032959938049316,
        -9.224064826965332,
        -9.436417579650879,
        -9.670616149902344,
        -9.927257537841797,
        -10.206934928894043,
        -10.510248184204102,
        -10.837791442871094,
        -11.190162658691406,
        -11.56795883178711,
        -11.97177505493164,
        -12.402209281921387,
        -12.859856605529785,
        -13.345314025878906,
        -13.85917854309082,
        -14.402048110961914,
        -14.974515914916992,
        -15.577180862426758,
        -16.21063995361328,
        -16.875486373901367,
        -17.57232093811035,
        -18.30173683166504,
        -19.0643310546875,
        -19.860702514648438,
        -20.691448211669922,
        -21.557159423828125,
        -22.458438873291016
      ],
      "series_index": 1
    },
    {
      "pattern_id": 3,
      "pattern_start": 11,
      "pattern_width": 69,