{
  "dataset": "REMC",
  "metric": "auc",
  "polynomial_degree": 3,
  "n_patterns": 11,
  "patterns": [
    {
      "pattern_id": 0,
      "pattern_start": 0,
      "pattern_width": 68,
      "pattern_values": [
        12.860580444335938,
        12.059410095214844,
        11.309606552124023,
        10.609804153442383,
        9.958623886108398,
        9.35469913482666,
        8.796656608581543,
        8.283125877380371,
        7.812734603881836,
        7.384109973907471,
        6.995882034301758,
        6.646677494049072,
        6.335126876831055,
        6.059858322143555,
        5.819497108459473,
        5.612675666809082,
        5.438019275665283,
        5.294157981872559,
        5.179720401763916,
        5.093333721160889,
        5.033626556396484,
        4.999228000640869,
        4.988766193389893,
        5.000868320465088,
        5.034164905548096,
        5.087282180786133,
        5.158850193023682,
        5.247496604919434,
        5.351849555969238,
        5.470538139343262,
        5.602190017700195,
        5.745433807373047,
        5.898898124694824,
        6.061210632324219,
        6.230999946594238,
        6.406895637512207,
        6.5875244140625,
        6.771515846252441,
        6.957497596740723,
        7.144098281860352,
        7.329946517944336,
        7.513670444488525,
        7.6938982009887695,
        7.86925745010376,
        8.038379669189453,
        8.199889183044434,
        8.3524169921875,
        8.494589805603027,
        8.625038146972656,
        8.742388725280762,
        8.845271110534668,
        8.93231201171875,
        9.002140998840332,
        9.053386688232422,
        9.084675788879395,
        9.094637870788574,
        9.081901550292969,
        9.045095443725586,
        8.982847213745117,
        8.89378547668457,
        8.776538848876953,
        8.62973403930664,
        8.452001571655273,
        8.241969108581543,
        7.998263835906982,
        7.719517707824707,
        7.404355049133301,
        7.051405906677246
      ],
      "series_index": 4
    },
    {
      "pattern_id": 1,
      "pattern_start": 68,
      "pattern_width": 26,
      "pattern_values": [
        9.23568344116211,
        9.539634704589844,
        9.695419311523438,
        9.725696563720703,
        9.653117179870605,
        9.500337600708008,
        9.290011405944824,
        9.044793128967285,
        8.787336349487305,
        8.54029655456543,
        8.326327323913574,
        8.168082237243652,
        8.088216781616211,
        8.109384536743164,
        8.254240989685059,
        8.545437812805176,
        9.005632400512695,
        9.657477378845215,
        10.523627281188965,
        11.62673568725586,
        12.989458084106445,
        14.634448051452637,
        16.584360122680664,
        18.861848831176758,
        21.48956871032715,
        24.49017333984375
      ],
      "series_index": 0
    },
    {
      "pattern_id": 2,
      "pattern_start": 5,
      "pattern_width": 146,
      "pattern_values": [
        2.722418785095215,
        2.828711986541748,
        2.933650493621826,
        3.037257671356201,
        3.139556407928467,
        3.240570306777954,
        3.3403239250183105,
        3.4388394355773926,
        3.5361411571502686,
        3.6322519779205322,
        3.7271952629089355,
        3.8209946155548096,
        3.913673162460327,
        4.005254745483398,
        4.095763206481934,
        4.185220718383789,
        4.27365255355835,
        4.361081123352051,
        4.447528839111328,
        4.533020973205566,
        4.617580413818359,
        4.701229572296143,
        4.783992767333984,
        4.865893363952637,
        4.946955680847168,
        5.027202129364014,
        5.106655597686768,
        5.185340881347656,
        5.263280391693115,
        5.3404974937438965,
        5.417016506195068,
        5.492860317230225,
        5.568053245544434,
        5.642617225646973,
        5.71657657623291,
        5.789955139160156,
        5.862775802612305,
        5.935061454772949,
        6.0068359375,
        6.078123569488525,
        6.148947238922119,
        6.219329833984375,
        6.289294719696045,
        6.358867168426514,
        6.4280686378479,
        6.496922969818115,
        6.565454006195068,
        6.63368558883667,
        6.7016401290893555,
        6.769341468811035,
        6.836813926696777,
        6.904079437255859,
        6.971162796020508,
        7.0380859375,
        7.104874134063721,
        7.171549320220947,
        7.238135814666748,
        7.304656028747559,
        7.3711347579956055,
        7.437594413757324,
        7.504059791564941,
        7.570552349090576,
        7.637097358703613,
        7.70371675491333,
        7.770435333251953,
        7.83727502822876,
        7.904261112213135,
        7.9714155197143555,
        8.038763046264648,
        8.106324195861816,
        8.174126625061035,
        8.242191314697266,
        8.310541152954102,
        8.379201889038086,
        8.44819450378418,
        8.517544746398926,
        8.587273597717285,
        8.657405853271484,
        8.727965354919434,
        8.798974990844727,
        8.870457649230957,
        8.942438125610352,
        9.014938354492188,
        9.087984085083008,
        9.161595344543457,
        9.235798835754395,
        9.310615539550781,
        9.38607120513916,
        9.462185859680176,
        9.538987159729004,
        9.616496086120605,
        9.69473648071289,
        9.773731231689453,
        9.853504180908203,
        9.93407917022705,
        10.015480995178223,
        10.097729682922363,
        10.180850982666016,
        10.26486873626709,
        10.349803924560547,
        10.43568229675293,
        10.522526741027832,
        10.610361099243164,
        10.699207305908203,
        10.789091110229492,
        10.880032539367676,
        10.97205924987793,
        11.065191268920898,
        11.159453392028809,
        11.254868507385254,
        11.351461410522461,
        11.449254035949707,
        11.548271179199219,
        11.648534774780273,
        11.750070571899414,
        11.852898597717285,
        11.95704460144043,
        12.062531471252441,
        12.169384002685547,
        12.277624130249023,
        12.387274742126465,
        12.498360633850098,
        12.610904693603516,
        12.724929809570312,
        12.840460777282715,
        12.95751953125,
        13.076129913330078,
        13.196317672729492,
        13.318102836608887,
        13.441512107849121,
        13.566564559936523,
        13.69328784942627,
        13.82170295715332,
        13.951833724975586,
        14.083703994750977,
        14.217339515686035,
        14.352758407592773,
        14.489990234375,
        14.629053115844727,
        14.769973754882812,
        14.912774085998535,
        15.057477951049805,
        15.204107284545898,
        15.352690696716309,
        15.50324535369873,
        15.655799865722656
      ],
      "series_index": 1
    },
    {
      "pattern_id": 3,
      "pattern_start": 35,
      "pattern_width": 105,