{
  "dataset": "AZT1D",
  "metric": "rmse",
  "polynomial_degree": 3,
  "n_patterns": 4,
  "patterns": [
    {
      "pattern_id": 0,
      "pattern_start": 1,
      "pattern_width": 22,
      "pattern_values": [
        0.92236328125,
        0.88671875,
        0.83837890625,
        0.7822265625,
        0.71875,
        0.6513671875,
        0.58154296875,
        0.5126953125,
        0.446533203125,
        0.385498046875,
        0.332275390625,
        0.288818359375,
        0.257568359375,
        0.2410888671875,
        0.241455078125,
        0.261474609375,
        0.302978515625,
        0.368896484375,
        0.4609375,
        0.58203125,
        0.734375,
        0.92041015625
      ]
    },
    {
      "pattern_id": 1,
      "pattern_start": 10,
      "pattern_width": 8,
      "pattern_values": [
        -0.4970703125,
        -0.220947265625,
        0.036712646484375,
        0.289794921875,
        0.55322265625,
        0.84130859375,
        1.1689453125,
        1.55078125
      ]
    },
    {
      "pattern_id": 2,
      "pattern_start": 3,
      "pattern_width": 4,
      "pattern_values": [
        1.326171875,
        0.378662109375,
        -0.07244873046875,
        -1.44921875
      ]
    },
    {
      "pattern_id": 3,
      "pattern_start": 22,
      "pattern_width": 1,
      "pattern_values": [
        1.4130859375
      ]
    }
  ]
}