{
  "dataset": "REMC",
  "metric": "auc",
  "polynomial_degree": 3,
  "n_patterns": 7,
  "patterns": [
    {
      "pattern_id": 0,
      "pattern_start": 27,
      "pattern_width": 68,
      "pattern_values": [
        0.0123291015625,
        0.048583984375,
        0.08349609375,
        0.11566162109375,
        0.1463623046875,
        0.173583984375,
        0.198974609375,
        0.222412109375,
        0.2431640625,
        0.262451171875,
        0.279296875,
        0.29443359375,
        0.30712890625,
        0.31787109375,
        0.326416015625,
        0.333251953125,
        0.338134765625,
        0.3408203125,
        0.341796875,
        0.340576171875,
        0.337646484375,
        0.3330078125,
        0.32666015625,
        0.318359375,
        0.308349609375,
        0.296630859375,
        0.283203125,
        0.26806640625,
        0.251220703125,
        0.2327880859375,
        0.2127685546875,
        0.1910400390625,
        0.1678466796875,
        0.1431884765625,
        0.116943359375,
        0.0892333984375,
        0.060089111328125,
        0.0294952392578125,
        -0.002452850341796875,
        -0.035797119140625,
        -0.070556640625,
        -0.1065673828125,
        -0.143798828125,
        -0.1827392578125,
        -0.2225341796875,
        -0.263427734375,
        -0.3056640625,
        -0.349365234375,
        -0.393798828125,
        -0.439697265625,
        -0.486328125,
        -0.53466796875,
        -0.58349609375,
        -0.63330078125,
        -0.6845703125,
        -0.73583984375,
        -0.7900390625,
        -0.84326171875,
        -0.8984375,
        -0.95361328125,
        -1.009765625,
        -1.0673828125,
        -1.125,
        -1.18359375,
        -1.244140625,
        -1.3046875,
        -1.365234375,
        -1.4267578125
      ],
      "series_index": 0
    },
    {
      "pattern_id": 1,
      "pattern_start": 25,
      "pattern_width": 51,
      "pattern_values": [
        -0.0859375,
        -0.141357421875,
        -0.193359375,
        -0.240478515625,
        -0.283447265625,
        -0.3232421875,
        -0.359619140625,
        -0.39208984375,
        -0.42236328125,
        -0.44970703125,
        -0.474853515625,
        -0.498046875,
        -0.51904296875,
        -0.5380859375,
        -0.55615234375,
        -0.57275390625,
        -0.58837890625,
        -0.603515625,
        -0.6181640625,
        -0.63232421875,
        -0.64697265625,
        -0.66162109375,
        -0.6767578125,
        -0.69287109375,
        -0.7099609375,
        -0.728515625,
        -0.74853515625,
        -0.77001953125,
        -0.7939453125,
        -0.81982421875,
        -0.84814453125,
        -0.87939453125,
        -0.91357421875,
        -0.951171875,
        -0.9921875,
        -1.037109375,
        -1.0859375,
        -1.138671875,
        -1.1962890625,
        -1.2578125,
        -1.3251953125,
        -1.3974609375,
        -1.4755859375,
        -1.5595703125,
        -1.6474609375,
        -1.744140625,
        -1.845703125,
        -1.955078125,
        -2.0703125,
        -2.193359375,
        -2.32421875
      ],
      "series_index": 2
    },
    {
      "pattern_id": 2,
      "pattern_start": 62,
      "pattern_width": 89,
      "pattern_values": [
        -1.1064453125,
        -1.1064453125,
        -1.10546875,
        -1.1044921875,
        -1.1025390625,
        -1.099609375,
        -1.0966796875,
        -1.0927734375,
        -1.0888671875,
        -1.083984375,
        -1.0791015625,
        -1.0732421875,
        -1.0673828125,
        -1.060546875,
        -1.0537109375,
        -1.046875,
        -1.0390625,
        -1.0302734375,
        -1.021484375,
        -1.0126953125,
        -1.00390625,
        -0.99462890625,
        -0.984375,
        -0.974609375,
        -0.96435546875,
        -0.95361328125,
        -0.94287109375,
        -0.931640625,
        -0.92041015625,
        -0.9091796875,
        -0.89794921875,
        -0.8857421875,
        -0.8740234375,
        -0.8623046875,
        -0.8505859375,
        -0.83837890625,
        -0.826171875,
        -0.81396484375,
        -0.8017578125,
        -0.78955078125,
        -0.77783203125,
        -0.765625,
        -0.75341796875,
        -0.7412109375,
        -0.7294921875,
        -0.7177734375,
        -0.7060546875,
        -0.6943359375,
        -0.68310546875,
        -0.671875,
        -0.66064453125,
        -0.64990234375,
        -0.63916015625,
        -0.62890625,
        -0.61865234375,
        -0.60888671875,
        -0.59912109375,
        -0.58984375,
        -0.58056640625,
        -0.572265625,
        -0.56396484375,
        -0.55615234375,
        -0.54833984375,
        -0.54150390625,
        -0.53466796875,
        -0.5283203125,
        -0.5224609375,
        -0.51708984375,
        -0.51220703125,
        -0.50830078125,
        -0.50439453125,
        -0.5009765625,
        -0.498291015625,
        -0.49609375,
        -0.49462890625,
        -0.49365234375,
        -0.493408203125,
        -0.49365234375,
        -0.494873046875,
        -0.49658203125,
        -0.4990234375,
        -0.501953125,
        -0.505859375,
        -0.51025390625,
        -0.515625,
        -0.521484375,
        -0.52880859375,
        -0.53662109375,
        -0.544921875
      ],
      "series_index": 4
    },
    {
      "pattern_id": 3,
      "pattern_start": 59,
      "pattern_width": 30,
      "pattern_values": [
        -2.1328125,
        -1.9091796875,
        -1.7119140625,
        -1.5390625,
        -1.388671875,
        -1.259765625,
        -1.1494140625,
        -1.0576171875,
        -0.9814453125,
        -0.919921875,
        -0.87158203125,
        -0.8349609375,
        -0.8076171875,
        -0.78857421875,
        -0.7763671875,
        -0.7685546875,
        -0.7646484375,
        -0.76220703125,
        -0.76025390625,
        -0.75634765625,
        -0.75,
        -0.73876953125,
        -0.72119140625,
        -0.69580078125,
        -0.6611328125,
        -0.615234375,
        -0.556640625,
        -0.4833984375,
        -0.39501953125,
        -0.28857421875
      ],
      "series_index": 0
    },
    {
      "pattern_id": 4,
      "pattern_start": 9,
      "pattern_width": 107,