{
  "dataset": "AZT1D",
  "metric": "rmse",
  "polynomial_degree": 3,
  "n_patterns": 4,
  "patterns": [
    {
      "pattern_id": 0,
      "pattern_start": 14,
      "pattern_width": 7,
      "pattern_values": [
        1.3447265625,
        0.787109375,
        0.54931640625,
        0.455810546875,
        0.33203125,
        0.003204345703125,
        -0.7060546875
      ]
    },
    {
      "pattern_id": 1,
      "pattern_start": 0,
      "pattern_width": 9,
      "pattern_values": [
        -1.4375,
        -1.078125,
        -0.76708984375,
        -0.498291015625,
        -0.267822265625,
        -0.071533203125,
        0.0947265625,
        0.235107421875,
        0.3544921875
      ]
    },
    {
      "pattern_id": 2,
      "pattern_start": 2,
      "pattern_width": 21,
      "pattern_values": [
        0.93896484375,
        0.8291015625,
        0.71826171875,
        0.60888671875,
        0.50146484375,
        0.3974609375,
        0.299072265625,
        0.2080078125,
        0.1251220703125,
        0.0523681640625,
        -0.00872802734375,
        -0.056671142578125,
        -0.08990478515625,
        -0.10693359375,
        -0.1060791015625,
        -0.0858154296875,
        -0.044677734375,
        0.01922607421875,
        0.10626220703125,
        0.219970703125,
        0.360107421875
      ]
    },
    {
      "pattern_id": 3,
      "pattern_start": 21,
      "pattern_width": 1,
      "pattern_values": [
        2.65625
      ]
    }
  ]
}