{
  "dataset": "REMC",
  "metric": "auc",
  "polynomial_degree": 3,
  "n_patterns": 7,
  "patterns": [
    {
      "pattern_id": 0,
      "pattern_start": 39,
      "pattern_width": 53,
      "pattern_values": [
        -0.025848388671875,
        -0.051361083984375,
        -0.072998046875,
        -0.09033203125,
        -0.1038818359375,
        -0.1138916015625,
        -0.12060546875,
        -0.124267578125,
        -0.125,
        -0.1231689453125,
        -0.1190185546875,
        -0.1129150390625,
        -0.1048583984375,
        -0.0953369140625,
        -0.08447265625,
        -0.072509765625,
        -0.05975341796875,
        -0.0465087890625,
        -0.03277587890625,
        -0.0191497802734375,
        -0.00560760498046875,
        0.00746917724609375,
        0.0198516845703125,
        0.03131103515625,
        0.04156494140625,
        0.050384521484375,
        0.057525634765625,
        0.062744140625,
        0.06573486328125,
        0.0662841796875,
        0.064208984375,
        0.05914306640625,
        0.0509033203125,
        0.0391845703125,
        0.0238800048828125,
        0.0044403076171875,
        -0.0189208984375,
        -0.046905517578125,
        -0.07958984375,
        -0.1171875,
        -0.16015625,
        -0.20849609375,
        -0.26171875,
        -0.32177734375,
        -0.388427734375,
        -0.4609375,
        -0.5390625,
        -0.6259765625,
        -0.71923828125,
        -0.81982421875,
        -0.92822265625,
        -1.044921875,
        -1.169921875
      ],
      "series_index": 0
    },
    {
      "pattern_id": 1,
      "pattern_start": 0,
      "pattern_width": 105,
      "pattern_values": [
        0.7978515625,
        0.7666015625,
        0.7353515625,
        0.70556640625,
        0.67529296875,
        0.646484375,
        0.6181640625,
        0.59033203125,
        0.56298828125,
        0.53662109375,
        0.5107421875,
        0.48583984375,
        0.460693359375,
        0.436767578125,
        0.41357421875,
        0.390869140625,
        0.36865234375,
        0.3466796875,
        0.326171875,
        0.305908203125,
        0.285888671875,
        0.267333984375,
        0.2490234375,
        0.231201171875,
        0.2142333984375,
        0.1973876953125,
        0.1817626953125,
        0.16650390625,
        0.15185546875,
        0.137939453125,
        0.12469482421875,
        0.11199951171875,
        0.09991455078125,
        0.0885009765625,
        0.0777587890625,
        0.06756591796875,
        0.057952880859375,
        0.049163818359375,
        0.040924072265625,
        0.03326416015625,
        0.026275634765625,
        0.0199432373046875,
        0.01422119140625,
        0.00916290283203125,
        0.00469970703125,
        0.0009307861328125,
        -0.0022430419921875,
        -0.0047607421875,
        -0.00664520263671875,
        -0.00788116455078125,
        -0.00848388671875,
        -0.00844573974609375,
        -0.007770538330078125,
        -0.006450653076171875,
        -0.00449371337890625,
        -0.001888275146484375,
        0.00135040283203125,
        0.00524139404296875,
        0.00977325439453125,
        0.01496124267578125,
        0.0207366943359375,
        0.0272369384765625,
        0.034332275390625,
        0.042083740234375,
        0.05047607421875,
        0.059539794921875,
        0.06927490234375,
        0.07958984375,
        0.0904541015625,
        0.1021728515625,
        0.114501953125,
        0.12744140625,
        0.140869140625,
        0.1551513671875,
        0.1700439453125,
        0.185546875,
        0.20166015625,
        0.218505859375,
        0.236083984375,
        0.25390625,
        0.273193359375,
        0.292236328125,
        0.3125,
        0.333251953125,
        0.354248046875,
        0.376708984375,
        0.3994140625,
        0.42236328125,
        0.44677734375,
        0.471435546875,
        0.496826171875,
        0.5224609375,
        0.54931640625,
        0.57666015625,
        0.6044921875,
        0.63330078125,
        0.66259765625,
        0.6923828125,
        0.72265625,
        0.75390625,
        0.78564453125,
        0.81884765625,
        0.8515625,
        0.88623046875,
        0.92041015625
      ],
      "series_index": 2
    },
    {
      "pattern_id": 2,
      "pattern_start": 5,
      "pattern_width": 98,
      "pattern_values": [
        -1.607421875,
        -1.51171875,
        -1.41796875,
        -1.32421875,
        -1.236328125,
        -1.150390625,
        -1.0673828125,
        -0.98486328125,
        -0.90673828125,
        -0.8310546875,
        -0.7578125,
        -0.6865234375,
        -0.6162109375,
        -0.54931640625,
        -0.485107421875,
        -0.4228515625,
        -0.361083984375,
        -0.302734375,
        -0.2464599609375,
        -0.1922607421875,
        -0.1385498046875,
        -0.088134765625,
        -0.039306640625,
        0.0078125,
        0.0533447265625,
        0.09735107421875,
        0.1400146484375,
        0.180419921875,
        0.219970703125,
        0.257568359375,
        0.2939453125,
        0.328857421875,
        0.36279296875,
        0.394775390625,
        0.426025390625,
        0.4560546875,
        0.484619140625,
        0.5126953125,
        0.5390625,
        0.564453125,
        0.58935546875,
        0.61328125,
        0.63623046875,
        0.658203125,
        0.6796875,
        0.7001953125,
        0.72021484375,
        0.73974609375,
        0.75830078125,
        0.77685546875,
        0.79443359375,
        0.8115234375,
        0.82861328125,
        0.84521484375,
        0.86181640625,
        0.8779296875,
        0.8935546875,
        0.9091796875,
        0.92529296875,
        0.9404296875,
        0.9560546875,
        0.9716796875,
        0.9873046875,
        1.0029296875,
        1.01953125,
        1.03515625,
        1.0517578125,
        1.0693359375,
        1.0859375,
        1.103515625,
        1.1220703125,
        1.140625,
        1.16015625,
        1.1796875,
        1.2001953125,
        1.220703125,
        1.2431640625,
        1.265625,
        1.2890625,
        1.3134765625,
        1.3388671875,
        1.365234375,
        1.392578125,
        1.4208984375,
        1.451171875,
        1.48046875,
        1.513671875,
        1.546875,
        1.5810546875,
        1.6171875,
        1.654296875,
        1.693359375,
        1.7333984375,
        1.775390625,
        1.818359375,
        1.865234375,
        1.9111328125,
        1.958984375
      ],
      "series_index": 1
    },
    {
      "pattern_id": 3,
      "pattern_start": 31,
      "pattern_width": 113,