{
  "dataset": "REMC",
  "metric": "auc",
  "polynomial_degree": 3,
  "n_patterns": 8,
  "patterns": [
    {
      "pattern_id": 0,
      "pattern_start": 56,
      "pattern_width": 47,
      "pattern_values": [
        -1.328125,
        -1.1884765625,
        -1.0595703125,
        -0.939453125,
        -0.8291015625,
        -0.7275390625,
        -0.63427734375,
        -0.548828125,
        -0.470458984375,
        -0.3994140625,
        -0.334228515625,
        -0.275390625,
        -0.221435546875,
        -0.172607421875,
        -0.12841796875,
        -0.0880126953125,
        -0.05096435546875,
        -0.016876220703125,
        0.014892578125,
        0.044525146484375,
        0.07275390625,
        0.10003662109375,
        0.1268310546875,
        0.1536865234375,
        0.1810302734375,
        0.2093505859375,
        0.2391357421875,
        0.27099609375,
        0.30517578125,
        0.342529296875,
        0.383056640625,
        0.427734375,
        0.476806640625,
        0.53076171875,
        0.58984375,
        0.65576171875,
        0.72705078125,
        0.80615234375,
        0.8916015625,
        0.98583984375,
        1.087890625,
        1.19921875,
        1.3193359375,
        1.44921875,
        1.58984375,
        1.7412109375,
        1.904296875
      ],
      "series_index": 0
    },
    {
      "pattern_id": 1,
      "pattern_start": 20,
      "pattern_width": 98,
      "pattern_values": [
        -0.94384765625,
        -0.91845703125,
        -0.89453125,
        -0.87158203125,
        -0.85107421875,
        -0.83203125,
        -0.8154296875,
        -0.79833984375,
        -0.78369140625,
        -0.77001953125,
        -0.75830078125,
        -0.74755859375,
        -0.7373046875,
        -0.728515625,
        -0.72119140625,
        -0.71484375,
        -0.708984375,
        -0.705078125,
        -0.701171875,
        -0.69873046875,
        -0.69677734375,
        -0.6953125,
        -0.69482421875,
        -0.69482421875,
        -0.69580078125,
        -0.697265625,
        -0.69921875,
        -0.70166015625,
        -0.70458984375,
        -0.70751953125,
        -0.71142578125,
        -0.71484375,
        -0.71923828125,
        -0.72314453125,
        -0.7275390625,
        -0.73193359375,
        -0.736328125,
        -0.74072265625,
        -0.7451171875,
        -0.74951171875,
        -0.75341796875,
        -0.75732421875,
        -0.76123046875,
        -0.7646484375,
        -0.767578125,
        -0.77001953125,
        -0.7724609375,
        -0.77392578125,
        -0.77490234375,
        -0.775390625,
        -0.775390625,
        -0.77490234375,
        -0.77294921875,
        -0.77099609375,
        -0.767578125,
        -0.763671875,
        -0.7587890625,
        -0.7529296875,
        -0.74560546875,
        -0.73779296875,
        -0.728515625,
        -0.71826171875,
        -0.70654296875,
        -0.69384765625,
        -0.6796875,
        -0.66455078125,
        -0.6474609375,
        -0.62890625,
        -0.60888671875,
        -0.587890625,
        -0.564453125,
        -0.5400390625,
        -0.513671875,
        -0.485107421875,
        -0.455322265625,
        -0.423828125,
        -0.390380859375,
        -0.35498046875,
        -0.31640625,
        -0.277099609375,
        -0.235595703125,
        -0.192138671875,
        -0.14501953125,
        -0.0968017578125,
        -0.0467529296875,
        0.0061798095703125,
        0.062255859375,
        0.11962890625,
        0.1796875,
        0.2415771484375,
        0.306884765625,
        0.375732421875,
        0.446533203125,
        0.51904296875,
        0.59423828125,
        0.6748046875,
        0.75634765625,
        0.84033203125
      ],
      "series_index": 2
    },
    {
      "pattern_id": 2,
      "pattern_start": 59,
      "pattern_width": 139,
      "pattern_values": [
        -0.92529296875,
        -0.89599609375,
        -0.869140625,
        -0.84033203125,
        -0.81298828125,
        -0.7861328125,
        -0.7587890625,
        -0.7314453125,
        -0.7060546875,
        -0.6796875,
        -0.65283203125,
        -0.6279296875,
        -0.60205078125,
        -0.5771484375,
        -0.5517578125,
        -0.5283203125,
        -0.50341796875,
        -0.4794921875,
        -0.4560546875,
        -0.43212890625,
        -0.408447265625,
        -0.38623046875,
        -0.36328125,
        -0.340576171875,
        -0.319091796875,
        -0.296875,
        -0.27490234375,
        -0.254150390625,
        -0.2327880859375,
        -0.2119140625,
        -0.191650390625,
        -0.17138671875,
        -0.1510009765625,
        -0.1317138671875,
        -0.1119384765625,
        -0.09234619140625,
        -0.073486328125,
        -0.054962158203125,
        -0.03619384765625,
        -0.01812744140625,
        -0.0002593994140625,
        0.0174713134765625,
        0.034759521484375,
        0.052154541015625,
        0.06903076171875,
        0.08563232421875,
        0.10223388671875,
        0.1182861328125,
        0.1341552734375,
        0.14990234375,
        0.1651611328125,
        0.1802978515625,
        0.1953125,
        0.2098388671875,
        0.224365234375,
        0.2384033203125,
        0.25244140625,
        0.265869140625,
        0.279296875,
        0.29248046875,
        0.305419921875,
        0.318115234375,
        0.33056640625,
        0.342529296875,
        0.3544921875,
        0.3662109375,
        0.377685546875,
        0.388671875,
        0.399658203125,
        0.410400390625,
        0.4208984375,
        0.43115234375,
        0.44091796875,
        0.45068359375,
        0.460205078125,
        0.469482421875,
        0.478515625,
        0.4873046875,
        0.495849609375,
        0.50390625,
        0.51220703125,
        0.52001953125,
        0.52734375,
        0.53466796875,
        0.5419921875,
        0.548828125,
        0.55517578125,
        0.56201171875,
        0.56787109375,
        0.57373046875,
        0.57958984375,
        0.5849609375,
        0.59033203125,
        0.59521484375,
        0.60009765625,
        0.6044921875,
        0.60888671875,
        0.61328125,
        0.61669921875,
        0.62060546875,
        0.6240234375,
        0.626953125,
        0.6298828125,
        0.6328125,
        0.63525390625,
        0.6376953125,
        0.6396484375,
        0.6416015625,
        0.64306640625,
        0.64453125,
        0.6455078125,
        0.646484375,
        0.6474609375,
        0.64794921875,
        0.64794921875,
        0.6484375,
        0.64794921875,
        0.64794921875,
        0.6474609375,
        0.646484375,
        0.6455078125,
        0.64404296875,
        0.642578125,
        0.64111328125,
        0.6396484375,
        0.63720703125,
        0.63427734375,
        0.6318359375,
        0.62939453125,
        0.6259765625,
        0.623046875,
        0.6201171875,
        0.61669921875,
        0.6123046875,
        0.6083984375,
        0.6044921875,
        0.60009765625,
        0.595703125,
        0.5908203125
      ],
      "series_index": 4
    },
    {
      "pattern_id": 3,
      "pattern_start": 27,
      "pattern_width": 156,