{
  "dataset": "REMC",
  "metric": "auc",
  "polynomial_degree": 3,
  "n_patterns": 7,
  "patterns": [
    {
      "pattern_id": 0,
      "pattern_start": 6,
      "pattern_width": 91,
      "pattern_values": [
        0.1072998046875,
        0.1131591796875,
        0.1177978515625,
        0.123291015625,
        0.1280517578125,
        0.133056640625,
        0.137939453125,
        0.14208984375,
        0.146240234375,
        0.1502685546875,
        0.15380859375,
        0.1571044921875,
        0.16015625,
        0.1630859375,
        0.1656494140625,
        0.16796875,
        0.1697998046875,
        0.171142578125,
        0.1724853515625,
        0.1732177734375,
        0.173583984375,
        0.17333984375,
        0.173095703125,
        0.1724853515625,
        0.171142578125,
        0.16943359375,
        0.1673583984375,
        0.164794921875,
        0.16162109375,
        0.157958984375,
        0.1539306640625,
        0.1492919921875,
        0.1441650390625,
        0.138427734375,
        0.1322021484375,
        0.1253662109375,
        0.11798095703125,
        0.10992431640625,
        0.10125732421875,
        0.092041015625,
        0.0821533203125,
        0.07159423828125,
        0.060394287109375,
        0.04852294921875,
        0.035980224609375,
        0.0227203369140625,
        0.00875091552734375,
        -0.00594329833984375,
        -0.0213775634765625,
        -0.037567138671875,
        -0.05450439453125,
        -0.072265625,
        -0.09075927734375,
        -0.11004638671875,
        -0.1302490234375,
        -0.151123046875,
        -0.1729736328125,
        -0.195556640625,
        -0.2191162109375,
        -0.2435302734375,
        -0.268798828125,
        -0.294921875,
        -0.322021484375,
        -0.35009765625,
        -0.37939453125,
        -0.408935546875,
        -0.43994140625,
        -0.4716796875,
        -0.5048828125,
        -0.53857421875,
        -0.57373046875,
        -0.609375,
        -0.646484375,
        -0.68408203125,
        -0.72412109375,
        -0.763671875,
        -0.80517578125,
        -0.84716796875,
        -0.8916015625,
        -0.935546875,
        -0.9814453125,
        -1.0283203125,
        -1.0771484375,
        -1.1259765625,
        -1.1767578125,
        -1.2275390625,
        -1.28125,
        -1.3349609375,
        -1.390625,
        -1.4462890625,
        -1.5048828125
      ],
      "series_index": 0
    },
    {
      "pattern_id": 1,
      "pattern_start": 0,
      "pattern_width": 133,
      "pattern_values": [
        -1.041015625,
        -1.0185546875,
        -0.99658203125,
        -0.97412109375,
        -0.9521484375,
        -0.9306640625,
        -0.9091796875,
        -0.8876953125,
        -0.8662109375,
        -0.8447265625,
        -0.82421875,
        -0.80322265625,
        -0.7822265625,
        -0.76171875,
        -0.74169921875,
        -0.7216796875,
        -0.70166015625,
        -0.68115234375,
        -0.66162109375,
        -0.6416015625,
        -0.62255859375,
        -0.60302734375,
        -0.583984375,
        -0.56494140625,
        -0.54638671875,
        -0.52783203125,
        -0.50927734375,
        -0.49072265625,
        -0.472412109375,
        -0.454345703125,
        -0.436279296875,
        -0.418212890625,
        -0.400634765625,
        -0.383056640625,
        -0.365478515625,
        -0.34814453125,
        -0.3310546875,
        -0.313720703125,
        -0.296630859375,
        -0.27978515625,
        -0.2626953125,
        -0.2462158203125,
        -0.2293701171875,
        -0.2127685546875,
        -0.1964111328125,
        -0.1802978515625,
        -0.1640625,
        -0.1478271484375,
        -0.1318359375,
        -0.115966796875,
        -0.10009765625,
        -0.08441162109375,
        -0.0687255859375,
        -0.053131103515625,
        -0.03759765625,
        -0.0221405029296875,
        -0.00689697265625,
        0.008392333984375,
        0.0235443115234375,
        0.03863525390625,
        0.053680419921875,
        0.068603515625,
        0.08355712890625,
        0.098388671875,
        0.11309814453125,
        0.1278076171875,
        0.1424560546875,
        0.156982421875,
        0.1715087890625,
        0.18603515625,
        0.200439453125,
        0.21484375,
        0.2291259765625,
        0.243408203125,
        0.257568359375,
        0.271728515625,
        0.285888671875,
        0.300048828125,
        0.314208984375,
        0.328125,
        0.34228515625,
        0.356201171875,
        0.3701171875,
        0.384033203125,
        0.39794921875,
        0.411865234375,
        0.425537109375,
        0.439453125,
        0.453125,
        0.467041015625,
        0.480712890625,
        0.494873046875,
        0.50830078125,
        0.52197265625,
        0.53564453125,
        0.5498046875,
        0.5634765625,
        0.5771484375,
        0.5908203125,
        0.6044921875,
        0.6181640625,
        0.6318359375,
        0.6455078125,
        0.65966796875,
        0.67333984375,
        0.68701171875,
        0.701171875,
        0.71484375,
        0.72900390625,
        0.7421875,
        0.75634765625,
        0.77001953125,
        0.7841796875,
        0.79833984375,
        0.81201171875,
        0.826171875,
        0.8408203125,
        0.85498046875,
        0.86865234375,
        0.88330078125,
        0.8974609375,
        0.91162109375,
        0.92626953125,
        0.9404296875,
        0.955078125,
        0.9697265625,
        0.984375,
        0.9990234375,
        1.013671875,
        1.0283203125,
        1.04296875,
        1.0576171875,
        1.072265625
      ],
      "series_index": 2
    },
    {
      "pattern_id": 2,
      "pattern_start": 16,
      "pattern_width": 180,