{
  "dataset": "REMC",
  "metric": "auc",
  "polynomial_degree": 3,
  "n_patterns": 7,
  "patterns": [
    {
      "pattern_id": 0,
      "pattern_start": 50,
      "pattern_width": 49,
      "pattern_values": [
        -12.016487121582031,
        -10.832267761230469,
        -9.717268943786621,
        -8.669844627380371,
        -7.688351154327393,
        -6.771146774291992,
        -5.916584014892578,
        -5.123021602630615,
        -4.388815879821777,
        -3.71232008934021,
        -3.091892957687378,
        -2.525890350341797,
        -2.012667179107666,
        -1.550580382347107,
        -1.1379857063293457,
        -0.7732397317886353,
        -0.4546983242034912,
        -0.1807171106338501,
        0.05034710466861725,
        0.2401386797428131,
        0.39030128717422485,
        0.5024790167808533,
        0.5783155560493469,
        0.6194549202919006,
        0.6275410652160645,
        0.6042178273200989,
        0.5511290431022644,
        0.46991869807243347,
        0.36223065853118896,
        0.2297089397907257,
        0.07399724423885345,
        -0.10326040536165237,
        -0.30042028427124023,
        -0.5158380270004272,
        -0.747870147228241,
        -0.9948729276657104,
        -1.2552019357681274,
        -1.5272135734558105,
        -1.8092634677886963,
        -2.0997087955474854,
        -2.3969051837921143,
        -2.6992075443267822,
        -3.0049734115600586,
        -3.312558889389038,
        -3.62031888961792,
        -3.9266109466552734,
        -4.229790687561035,
        -4.528212547302246,
        -4.820235252380371
      ],
      "series_index": 0
    },
    {
      "pattern_id": 1,
      "pattern_start": 16,
      "pattern_width": 47,
      "pattern_values": [
        -5.84520149230957,
        -6.383145332336426,
        -6.834100723266602,
        -7.202663898468018,
        -7.49343729019165,
        -7.7110161781311035,
        -7.860004901885986,
        -7.944998741149902,
        -7.970599174499512,
        -7.94140625,
        -7.8620171546936035,
        -7.737032890319824,
        -7.571052551269531,
        -7.368674278259277,
        -7.134499549865723,
        -6.873126983642578,
        -6.5891547203063965,
        -6.28718376159668,
        -5.971812725067139,
        -5.647640228271484,
        -5.319267749786377,
        -4.991292476654053,
        -4.668315410614014,
        -4.354935169219971,
        -4.055751323699951,
        -3.7753632068634033,
        -3.5183699131011963,
        -3.2893712520599365,
        -3.0929665565490723,
        -2.9337551593780518,
        -2.8163366317749023,
        -2.745309591293335,
        -2.7252743244171143,
        -2.7608299255371094,
        -2.8565757274627686,
        -3.017110824584961,
        -3.247035026550293,
        -3.550947666168213,
        -3.9334487915039062,
        -4.399135589599609,
        -4.952609539031982,
        -5.5984697341918945,
        -6.341314315795898,
        -7.185744285583496,
        -8.136358261108398,
        -9.19775676727295,
        -10.374536514282227
      ],
      "series_index": 4
    },
    {
      "pattern_id": 2,
      "pattern_start": 17,
      "pattern_width": 94,
      "pattern_values": [
        -20.44136619567871,
        -19.929176330566406,
        -19.42741584777832,
        -18.93605613708496,
        -18.45505714416504,
        -17.98438262939453,
        -17.52400016784668,
        -17.07387351989746,
        -16.633962631225586,
        -16.20423698425293,
        -15.784661293029785,
        -15.375194549560547,
        -14.975804328918457,
        -14.586454391479492,
        -14.207110404968262,
        -13.83773422241211,
        -13.478291511535645,
        -13.12874698638916,
        -12.789066314697266,
        -12.459209442138672,
        -12.139143943786621,
        -11.82883358001709,
        -11.528242111206055,
        -11.237334251403809,
        -10.956072807312012,
        -10.684426307678223,
        -10.422354698181152,
        -10.169824600219727,
        -9.926797866821289,
        -9.693242073059082,
        -9.469118118286133,
        -9.254393577575684,
        -9.049030303955078,
        -8.852993965148926,
        -8.666248321533203,
        -8.488758087158203,
        -8.320487022399902,
        -8.161398887634277,
        -8.011460304260254,
        -7.870632648468018,
        -7.738882064819336,
        -7.6161723136901855,
        -7.502467632293701,
        -7.397732734680176,
        -7.301930904388428,
        -7.215028285980225,
        -7.136987209320068,
        -7.067772388458252,
        -7.007349491119385,
        -6.955681324005127,
        -6.91273307800293,
        -6.878468036651611,
        -6.8528523445129395,
        -6.835847854614258,
        -6.827420711517334,
        -6.827535152435303,
        -6.836153507232666,
        -6.853241920471191,
        -6.87876558303833,
        -6.912686347961426,
        -6.954969882965088,
        -7.005580425262451,
        -7.064481735229492,
        -7.131639003753662,
        -7.2070159912109375,
        -7.290576457977295,
        -7.3822855949401855,
        -7.482107162475586,
        -7.590006351470947,
        -7.7059454917907715,
        -7.829891204833984,
        -7.961806774139404,
        -8.101655960083008,
        -8.24940299987793,
        -8.405014038085938,
        -8.568451881408691,
        -8.739681243896484,
        -8.918664932250977,
        -9.105369567871094,
        -9.299757957458496,
        -9.50179672241211,
        -9.711444854736328,
        -9.928671836853027,
        -10.153441429138184,
        -10.38571548461914,
        -10.625459671020508,
        -10.872638702392578,
        -11.127214431762695,
        -11.389155387878418,
        -11.658422470092773,
        -11.934981346130371,
        -12.218795776367188,
        -12.509831428527832,
        -12.808049201965332
      ],
      "series_index": 2
    },
    {
      "pattern_id": 3,
      "pattern_start": 54,
      "pattern_width": 37,
      "pattern_values": [
        -13.357239723205566,
        -11.361617088317871,
        -9.578829765319824,
        -7.9995012283325195,
        -6.614259719848633,
        -5.413730144500732,
        -4.3885416984558105,
        -3.5293173789978027,
        -2.826686382293701,
        -2.271273136138916,
        -1.853705644607544,
        -1.5646092891693115,
        -1.3946115970611572,
        -1.3343379497528076,
        -1.374415397644043,
        -1.5054703950881958,
        -1.718129277229309,
        -2.003018617630005,
        -2.350764513015747,
        -2.7519938945770264,
        -3.1973326206207275,
        -3.67740797996521,
        -4.182845592498779,
        -4.704273223876953,
        -5.232315540313721,
        -5.757599830627441,
        -6.270752429962158,
        -6.7624006271362305,
        -7.223169326782227,
        -7.643686771392822,
        -8.014577865600586,
        -8.326470375061035,
        -8.569989204406738,
        -8.735763549804688,
        -8.814416885375977,
        -8.796575546264648,
        -8.672868728637695
      ],
      "series_index": 0
    },
    {
      "pattern_id": 4,
      "pattern_start": 3,
      "pattern_width": 86,