approach,score,processing_time,n_features
PATX,31.093183953819246,4156.3892550468445,22
CNN,31.088791218912405,954.1421320438385,72
MiniRocket,31.25927735414473,761.2241668701172,9997
catch22,31.660805121104808,70.4084300994873,23
tsfresh,31.936192467769164,41.21339297294617,11
rdst,30.98849729541495,2980.151460647583,6001
