subject_id,approach,test_rmse,n_features,processing_time
7,PATX,19.54413808007678,3,23.348585844039917
7,TSFRESH,20.925723082607277,10,1.9219117164611816
7,CNN,16.83899877910835,24,57.412018060684204
22,PATX,18.445256010365583,5,34.582366943359375
22,TSFRESH,19.375493992071856,10,1.6971912384033203
22,CNN,16.24831534236223,24,48.056652784347534
23,PATX,18.614602433056913,3,24.325114250183105
23,TSFRESH,19.73004567243455,10,1.9925241470336914
23,CNN,16.66664082843049,24,48.206798791885376
