subject_id,approach,test_rmse,n_features,processing_time
7,PATX,19.480468527930164,4,28.470365047454834
7,TSFRESH,20.925723082607277,10,1.8919811248779297
7,CNN,22.84162844970505,24,34.17296290397644
22,PATX,18.479534685523113,5,32.095848083496094
22,TSFRESH,19.375493992071856,10,1.5448389053344727
22,CNN,20.686377365215346,24,28.851496934890747
23,PATX,18.671281847861025,4,28.649421215057373
23,TSFRESH,19.73004567243455,10,1.8649718761444092
23,CNN,22.264292723299118,24,35.900216817855835
