approach,train_score,val_score,test_score,n_features,processing_time
PATX,0.7831325301204819,0.7245508982035929,0.7365269461077845,3,74.25935482978821
TSFRESH,0.7710843373493976,0.5808383233532934,0.592814371257485,10,0.5055587291717529
CNN,0.6204819277108434,0.6227544910179641,0.592814371257485,4101,1074.8700952529907
