approach,score,score_std,processing_time,processing_time_std,n_features,n_features_std
PATX,0.9817055337489418,0.0031218759513838446,325.90451521873473,62.122136139159885,7.0,1.4142135623730951
CNN,0.9596606964189508,0.008707329923985176,2.340160846710205,0.48799055271753466,1500.0,0.0
MiniRocket,0.9920242768083913,0.00239822464581423,26.17629942893982,0.32732046594433706,9996.0,0.0
catch22,0.9530967224109685,0.01118472186043055,11.96036229133606,0.04391457141362222,22.0,0.0
tsfresh,0.9366790909390772,0.010170312912774152,1.0183082103729248,0.0217929595681479,10.0,0.0
RDST,0.9896801574474168,0.005057117921274383,61.919151830673215,0.20350828723629433,6000.0,0.0
ShapeletTransform,0.975600048377698,0.012396419440365167,440.63931879997256,0.6773192681639985,99.0,0.0
