approach,train_score,val_score,test_score,n_features,processing_time
PATX,0.7693351424694709,0.7761194029850746,0.755677907777013,3,19.369913816452026
TSFRESH,0.9192672998643148,0.7869742198100407,0.7955953200275292,290,16.23566460609436
CNN,0.7435549525101763,0.7435549525101763,0.7432897453544391,697,163.4846339225769
