approach,score,score_std,processing_time,processing_time_std,n_features,n_features_std
PATX,0.779823805592818,0.00709572522561579,345.06732125282286,72.72392676079122,9.2,2.0396078054371136
CNN,0.7768708079661542,0.01115401265463839,3.8208385467529298,0.40517340877396996,696.0,0.0
MiniRocket,0.7666443091528221,0.006192760456724308,10.21865267753601,0.17000870410707214,9996.0,0.0
catch22,0.751418584253431,0.005272808158618945,8.676471376419068,0.024976019029240015,22.0,0.0
tsfresh,0.7523281911051491,0.007699010648211504,1.215897798538208,0.002142467563177167,10.0,0.0
RDST,0.7725536580332266,0.009523262967809872,47.65507707595825,0.40366876816226,6000.0,0.0
ShapeletTransform,0.7464196161386853,0.010111756615630086,136.1562054157257,1.1855848491897303,93.6,0.8
