approach,score,score_std,processing_time,processing_time_std,n_features,n_features_std
PATX,0.9380204241948155,0.0027257425880435793,2195.9654878139495,473.64992134124856,15.0,2.898275349237888
CNN,0.9412411626080125,0.003456402199528678,32.75830793380737,4.892294326194003,100.0,0.0
MiniRocket,0.956166535742341,0.004631391350505465,70.73413128852845,0.4290156087749792,9996.0,0.0
catch22,0.9172820109976433,0.0038371326761413335,4.022541236877442,0.008621203663857506,22.0,0.0
tsfresh,0.8225451688923802,0.0047354805571411225,1.9777297973632812,0.004982209636841153,10.0,0.0
RDST,0.9543597800471326,0.0039308707001403775,49.59208579063416,0.24702982200898216,6000.0,0.0
ShapeletTransform,0.8711704634721131,0.022430053915662447,21.788841009140015,0.10480522406375509,19.8,0.39999999999999997
