variant,accuracy_mean,accuracy_std,time_mean,time_std,features_mean,features_std
Baseline,0.9413197172034564,0.0043205027494108705,343.4792695045471,71.3246374130249,18.5,1.5
Degree 3,0.9410840534171249,0.002670856245090336,4124.214096665382,3776.609708428383,20.5,1.5
Degree 4,0.9364493322859387,0.0025923016496465223,225.283460855484,36.82528805732727,16.0,3.0
Degree 6,0.9403770620581304,0.002435192458758839,358.50121235847473,33.37395405769348,21.0,2.0
Degree 7,0.9337784760408483,0.002435192458758839,199.6106320619583,8.950372099876404,12.5,0.5
Reduced Trials,0.9377062058130401,0.002435192458758839,141.94723904132843,41.38433015346527,16.5,3.5
Increased Trials,0.9413982717989002,0.00015710919088762765,586.5835626125336,34.05833959579468,18.0,1.0
