approach,train_score,val_score,test_score,n_features,processing_time
PATX,0.9172755126090031,0.9109120905020033,0.8977379830348727,10,241.38892006874084
TSFRESH,0.870139052557153,0.8086259721894886,0.8199811498586239,10,1.6426928043365479
CNN,0.9330662267263728,0.9158614188074475,0.9222431668237512,100,809.0757021903992
