dataset,display_name,task,n_channels,n_timepoints,transform_prop_raw,transform_prop_zscore,transform_prop_derivative,transform_prop_fft_power,n_folds,mean_start,mean_end,std_start,std_end,position_std,dominant_transform,transform_consistency,dominant_channel,channel_consistency
pamap2,PAMAP2,classification,36,100,0.6407766990291263,0.009708737864077669,0.009708737864077669,0.33980582524271846,5.0,0.0,0.28200000000000003,0.0,0.07730459236035075,0.03865229618017538,fft_power,1.0,18.0,0.8
emotions,Emotions,classification,2,254,0.4722222222222222,0.05555555555555555,0.19444444444444445,0.2777777777777778,5.0,0.15905511811023623,0.7511811023622047,0.08674292506406558,0.3736500491485562,0.22862594896391153,raw,1.0,0.0,0.6
mitbih,MITBIH,classification,1,100,0.0891089108910891,0.31683168316831684,0.48514851485148514,0.10891089108910891,5.0,0.588,0.696,0.007483314773547889,0.051613951602255764,0.026758176320519324,derivative,0.8,0.0,1.0
remc,REMC,classification,5,200,0.5815602836879432,0.1702127659574468,0.028368794326241134,0.2198581560283688,5.0,0.25,0.625,0.3069853416695983,0.31075713990188547,0.30651672058796403,fft_power,0.8,0.0,1.0
azt1d,AZT1D,regression,3,24,0.4375,0.0625,0.3125,0.1875,,,,,,,,,,
mimic,MIMIC,classification,8,24,0.3055555555555556,0.1111111111111111,0.3055555555555556,0.2777777777777778,5.0,0.18333333333333332,0.55,0.15942605391424158,0.27054471801246543,0.1360402309776209,fft_power,0.4,4.0,0.4
svd,SVD,classification,1,1000,0.6333333333333333,0.03333333333333333,0.1,0.23333333333333334,5.0,0.2632,0.6682,0.20309052168922115,0.2729200615564932,0.2148391491325545,raw,1.0,0.0,1.0
