{
  "dataset": "AZT1D",
  "metric": "rmse",
  "polynomial_degree": 3,
  "n_patterns": 4,
  "patterns": [
    {
      "pattern_id": 0,
      "pattern_start": 2,
      "pattern_width": 19,
      "pattern_values": [
        0.2373046875,
        0.0367431640625,
        -0.1231689453125,
        -0.24658203125,
        -0.33447265625,
        -0.389892578125,
        -0.414306640625,
        -0.409912109375,
        -0.379150390625,
        -0.32421875,
        -0.2470703125,
        -0.14990234375,
        -0.035003662109375,
        0.0955810546875,
        0.23974609375,
        0.39501953125,
        0.5595703125,
        0.73095703125,
        0.9072265625
      ]
    },
    {
      "pattern_id": 1,
      "pattern_start": 17,
      "pattern_width": 6,
      "pattern_values": [
        0.380615234375,
        0.01251220703125,
        -0.08135986328125,
        -0.02728271484375,
        0.04803466796875,
        0.01788330078125
      ]
    },
    {
      "pattern_id": 2,
      "pattern_start": 0,
      "pattern_width": 7,
      "pattern_values": [
        1.7890625,
        1.498046875,
        1.17578125,
        0.85498046875,
        0.56982421875,
        0.355224609375,
        0.2447509765625
      ]
    },
    {
      "pattern_id": 3,
      "pattern_start": 5,
      "pattern_width": 14,
      "pattern_values": [
        2.12890625,
        1.7060546875,
        1.39453125,
        1.1748046875,
        1.0283203125,
        0.93603515625,
        0.8779296875,
        0.83447265625,
        0.787109375,
        0.716796875,
        0.60302734375,
        0.427001953125,
        0.1697998046875,
        -0.187744140625
      ]
    }
  ]
}