{
  "dataset": "REMC",
  "metric": "auc",
  "polynomial_degree": 3,
  "n_patterns": 8,
  "patterns": [
    {
      "pattern_id": 0,
      "pattern_start": 65,
      "pattern_width": 39,
      "pattern_values": [
        5.437644958496094,
        4.623563766479492,
        3.9470279216766357,
        3.400329351425171,
        2.9757533073425293,
        2.665588140487671,
        2.4621222019195557,
        2.3576431274414062,
        2.344438314437866,
        2.414796829223633,
        2.561005115509033,
        2.7753515243530273,
        3.050124168395996,
        3.3776111602783203,
        3.7500996589660645,
        4.159878253936768,
        4.599234104156494,
        5.060454845428467,
        5.535829544067383,
        6.017645359039307,
        6.498189926147461,
        6.969751834869385,
        7.424618244171143,
        7.855077266693115,
        8.253417015075684,
        8.61192512512207,
        8.922889709472656,
        9.178598403930664,
        9.371338844299316,
        9.493398666381836,
        9.537066459655762,
        9.49462890625,
        9.358376502990723,
        9.120594024658203,
        8.773571014404297,
        8.309595108032227,
        7.720954418182373,
        6.999934196472168,
        6.138827323913574
      ],
      "series_index": 0
    },
    {
      "pattern_id": 1,
      "pattern_start": 0,
      "pattern_width": 115,
      "pattern_values": [
        12.936402320861816,
        13.136868476867676,
        13.322303771972656,
        13.493024826049805,
        13.649341583251953,
        13.791563987731934,
        13.920005798339844,
        14.034972190856934,
        14.13677978515625,
        14.225740432739258,
        14.302162170410156,
        14.36635684967041,
        14.418635368347168,
        14.459312438964844,
        14.488693237304688,
        14.507095336914062,
        14.514824867248535,
        14.51219654083252,
        14.499519348144531,
        14.477105140686035,
        14.44526481628418,
        14.40431022644043,
        14.354554176330566,
        14.296302795410156,
        14.229874610900879,
        14.155573844909668,
        14.073714256286621,
        13.98460865020752,
        13.888567924499512,
        13.785901069641113,
        13.676920890808105,
        13.561938285827637,
        13.441264152526855,
        13.315210342407227,
        13.184088706970215,
        13.04820728302002,
        12.907880783081055,
        12.763420104980469,
        12.615134239196777,
        12.463335990905762,
        12.308335304260254,
        12.150444984436035,
        11.989975929260254,
        11.827239036560059,
        11.662544250488281,
        11.49620532989502,
        11.328530311584473,
        11.159834861755371,
        10.990425109863281,
        10.820616722106934,
        10.650716781616211,
        10.481039047241211,
        10.311895370483398,
        10.143594741821289,
        9.976449966430664,
        9.810771942138672,
        9.646871566772461,
        9.48505973815918,
        9.325647354125977,
        9.168949127197266,
        9.015270233154297,
        8.864927291870117,
        8.718229293823242,
        8.57548713684082,
        8.43701171875,
        8.303114891052246,
        8.174108505249023,
        8.05030345916748,
        7.932010650634766,
        7.8195414543151855,
        7.713205814361572,
        7.613317012786865,
        7.5201849937438965,
        7.4341206550598145,
        7.3554368019104,
        7.284443378448486,
        7.221451759338379,
        7.166772842407227,
        7.1207194328308105,
        7.0836005210876465,
        7.055728435516357,
        7.03741455078125,
        7.028969764709473,
        7.030705451965332,
        7.042932510375977,
        7.065962791442871,
        7.100106239318848,
        7.1456756591796875,
        7.202980995178223,
        7.272334098815918,
        7.354045867919922,
        7.448428153991699,
        7.555790424346924,
        7.676445960998535,
        7.810705661773682,
        7.958880424499512,
        8.1212797164917,
        8.298216819763184,
        8.490002632141113,
        8.696949005126953,
        8.919364929199219,
        9.157562255859375,
        9.411855697631836,
        9.682552337646484,
        9.969963073730469,
        10.274402618408203,
        10.596179962158203,
        10.935606002807617,
        11.292991638183594,
        11.668651580810547,
        12.06289291381836,
        12.476029396057129,
        12.908370018005371,
        13.360227584838867,
        13.831912994384766
      ],
      "series_index": 4
    },
    {
      "pattern_id": 2,
      "pattern_start": 13,
      "pattern_width": 95,
      "pattern_values": [
        9.555015563964844,
        9.144393920898438,
        8.750749588012695,
        8.373807907104492,
        8.013299942016602,
        7.668952465057373,
        7.3404951095581055,
        7.027655124664307,
        6.730161666870117,
        6.4477434158325195,
        6.1801276206970215,
        5.927043437957764,
        5.688218116760254,
        5.463382244110107,
        5.252262592315674,
        5.0545878410339355,
        4.870086193084717,
        4.698486804962158,
        4.539516925811768,
        4.3929057121276855,
        4.258380889892578,
        4.135671615600586,
        4.024505138397217,
        3.9246110916137695,
        3.8357174396514893,
        3.7575523853302,
        3.6898441314697266,
        3.632321357727051,
        3.584712505340576,
        3.5467453002929688,
        3.5181491374969482,
        3.4986515045166016,
        3.487981081008911,
        3.4858667850494385,
        3.4920358657836914,
        3.5062177181243896,
        3.528140068054199,
        3.5575315952301025,
        3.594120502471924,
        3.6376354694366455,
        3.687804698944092,
        3.744356393814087,
        3.807018995285034,
        3.875520944595337,
        3.9495909214019775,
        4.028957366943359,
        4.113347053527832,
        4.202490329742432,
        4.296114921569824,
        4.393948554992676,
        4.495720863342285,
        4.601158618927002,
        4.709991455078125,
        4.821948051452637,
        4.936755180358887,
        5.054142475128174,
        5.173837661743164,
        5.295569896697998,
        5.4190673828125,
        5.544057369232178,
        5.670269012451172,
        5.797430992126465,
        5.925271511077881,
        6.053518772125244,
        6.181901454925537,
        6.310147285461426,
        6.437984943389893,
        6.565143585205078,
        6.69135046005249,
        6.816333770751953,
        6.939822673797607,
        7.061546802520752,
        7.18123197555542,
        7.29860782623291,
        7.413402557373047,
        7.525344371795654,
        7.634161472320557,
        7.739582538604736,
        7.841337203979492,
        7.939151763916016,
        8.032754898071289,
        8.12187671661377,
        8.206243515014648,
        8.2855863571167,
        8.359630584716797,
        8.428105354309082,
        8.490739822387695,
        8.547262191772461,
        8.597400665283203,
        8.640883445739746,
        8.677438735961914,
        8.706796646118164,
        8.728683471679688,
        8.742826461791992,
        8.748958587646484
      ],
      "series_index": 2
    },
    {
      "pattern_id": 3,
      "pattern_start": 135,
      "pattern_width": 52,