{
  "dataset": "AZT1D",
  "metric": "rmse",
  "polynomial_degree": 3,
  "n_patterns": 4,
  "patterns": [
    {
      "pattern_id": 0,
      "pattern_start": 4,
      "pattern_width": 2,
      "pattern_values": [
        0.6923828125,
        -0.8876953125
      ]
    },
    {
      "pattern_id": 1,
      "pattern_start": 0,
      "pattern_width": 5,
      "pattern_values": [
        -0.31298828125,
        -0.2369384765625,
        -0.43896484375,
        -0.62060546875,
        -0.4833984375
      ]
    },
    {
      "pattern_id": 2,
      "pattern_start": 20,
      "pattern_width": 3,
      "pattern_values": [
        -0.261474609375,
        -0.8115234375,
        -2.810546875
      ]
    },
    {
      "pattern_id": 3,
      "pattern_start": 19,
      "pattern_width": 5,
      "pattern_values": [
        0.12152099609375,
        0.017547607421875,
        -0.187744140625,
        -0.55615234375,
        -1.150390625
      ]
    }
  ]
}