{
  "dataset": "REMC",
  "metric": "auc",
  "polynomial_degree": 3,
  "n_patterns": 7,
  "patterns": [
    {
      "pattern_id": 0,
      "pattern_start": 74,
      "pattern_width": 22,
      "pattern_values": [
        14.184798240661621,
        13.250894546508789,
        12.301011085510254,
        11.350735664367676,
        10.415654182434082,
        9.51135540008545,
        8.653424263000488,
        7.857448577880859,
        7.139016151428223,
        6.5137128829956055,
        5.99712610244751,
        5.604842662811279,
        5.352450370788574,
        5.255535125732422,
        5.329684257507324,
        5.590484142303467,
        6.053523540496826,
        6.7343878746032715,
        7.6486639976501465,
        8.811939239501953,
        10.239801406860352,
        11.947836875915527
      ],
      "series_index": 0
    },
    {
      "pattern_id": 1,
      "pattern_start": 8,
      "pattern_width": 100,
      "pattern_values": [
        -25.30596923828125,
        -24.62653160095215,
        -23.96872329711914,
        -23.332094192504883,
        -22.716201782226562,
        -22.120609283447266,
        -21.544862747192383,
        -20.988525390625,
        -20.45115089416504,
        -19.932292938232422,
        -19.431509017944336,
        -18.94835662841797,
        -18.482391357421875,
        -18.03316879272461,
        -17.600244522094727,
        -17.18317222595215,
        -16.781513214111328,
        -16.394817352294922,
        -16.022645950317383,
        -15.664552688598633,
        -15.320094108581543,
        -14.988824844360352,
        -14.670303344726562,
        -14.364083290100098,
        -14.069721221923828,
        -13.786772727966309,
        -13.514796257019043,
        -13.25334644317627,
        -13.001976013183594,
        -12.760245323181152,
        -12.5277099609375,
        -12.303923606872559,
        -12.088443756103516,
        -11.88082504272461,
        -11.680625915527344,
        -11.48740005493164,
        -11.300704956054688,
        -11.120095252990723,
        -10.945127487182617,
        -10.775359153747559,
        -10.610343933105469,
        -10.449638366699219,
        -10.29279899597168,
        -10.139382362365723,
        -9.988943099975586,
        -9.841038703918457,
        -9.695222854614258,
        -9.551053047180176,
        -9.408086776733398,
        -9.265877723693848,
        -9.123982429504395,
        -8.981956481933594,
        -8.83935832977295,
        -8.69573974609375,
        -8.550660133361816,
        -8.403675079345703,
        -8.254338264465332,
        -8.102209091186523,
        -7.946840763092041,
        -7.787790298461914,
        -7.624613285064697,
        -7.45686674118042,
        -7.28410530090332,
        -7.105885982513428,
        -6.921764373779297,
        -6.731297016143799,
        -6.53403902053833,
        -6.329545974731445,
        -6.11737585067749,
        -5.897082328796387,
        -5.668222904205322,
        -5.430353164672852,
        -5.1830291748046875,
        -4.925806999206543,
        -4.658242225646973,
        -4.3798909187316895,
        -4.090309143066406,
        -3.789052724838257,
        -3.4756791591644287,
        -3.1497416496276855,
        -2.810798168182373,
        -2.458404541015625,
        -2.092116117477417,
        -1.7114896774291992,
        -1.3160803318023682,
        -0.9054434299468994,
        -0.4791378974914551,
        -0.03671669960021973,
        0.42226314544677734,
        0.898245096206665,
        1.3916735649108887,
        1.9029936790466309,
        2.4326467514038086,
        2.981079339981079,
        3.5487356185913086,
        4.136055946350098,
        4.743489742279053,
        5.371477127075195,
        6.0204620361328125,
        6.690891265869141
      ],
      "series_index": 4
    },
    {
      "pattern_id": 2,
      "pattern_start": 7,
      "pattern_width": 86,
      "pattern_values": [
        -15.206171989440918,
        -14.880532264709473,
        -14.564661026000977,
        -14.258481979370117,
        -13.961915969848633,
        -13.674885749816895,
        -13.39731502532959,
        -13.129127502441406,
        -12.870240211486816,
        -12.620579719543457,
        -12.3800687789917,
        -12.148627281188965,
        -11.926179885864258,
        -11.712648391723633,
        -11.507953643798828,
        -11.312020301818848,
        -11.12476921081543,
        -10.946123123168945,
        -10.776005744934082,
        -10.614337921142578,
        -10.461042404174805,
        -10.316041946411133,
        -10.179258346557617,
        -10.050614356994629,
        -9.930033683776855,
        -9.817435264587402,
        -9.712746620178223,
        -9.615884780883789,
        -9.526776313781738,
        -9.445342063903809,
        -9.371503829956055,
        -9.305184364318848,
        -9.246305465698242,
        -9.194792747497559,
        -9.150564193725586,
        -9.113545417785645,
        -9.083657264709473,
        -9.060822486877441,
        -9.044963836669922,
        -9.036003112792969,
        -9.033863067626953,
        -9.038467407226562,
        -9.049735069274902,
        -9.067591667175293,
        -9.091958999633789,
        -9.122758865356445,
        -9.159914016723633,
        -9.203346252441406,
        -9.252978324890137,
        -9.308733940124512,
        -9.37053394317627,
        -9.438301086425781,
        -9.511956214904785,
        -9.591424942016602,
        -9.676627159118652,
        -9.767486572265625,
        -9.863926887512207,
        -9.965867042541504,
        -10.073232650756836,
        -10.185942649841309,
        -10.303923606872559,
        -10.427094459533691,
        -10.555380821228027,
        -10.688701629638672,
        -10.826982498168945,
        -10.970142364501953,
        -11.118106842041016,
        -11.270796775817871,
        -11.42813491821289,
        -11.590044021606445,
        -11.75644588470459,
        -11.927263259887695,
        -12.102418899536133,
        -12.28183364868164,
        -12.465432167053223,
        -12.6531343460083,
        -12.844866752624512,
        -13.040545463562012,
        -13.24009895324707,
        -13.443446159362793,
        -13.650511741638184,
        -13.861215591430664,
        -14.075481414794922,
        -14.293231964111328,
        -14.514388084411621,
        -14.738875389099121
      ],
      "series_index": 2
    },
    {
      "pattern_id": 3,
      "pattern_start": 3,
      "pattern_width": 119,