{
  "dataset": "REMC",
  "metric": "auc",
  "polynomial_degree": 3,
  "n_patterns": 9,
  "patterns": [
    {
      "pattern_id": 0,
      "pattern_start": 11,
      "pattern_width": 82,
      "pattern_values": [
        -0.98583984375,
        -0.962890625,
        -0.94140625,
        -0.91943359375,
        -0.89892578125,
        -0.87890625,
        -0.85986328125,
        -0.84130859375,
        -0.8232421875,
        -0.8056640625,
        -0.7890625,
        -0.77294921875,
        -0.75732421875,
        -0.74267578125,
        -0.728515625,
        -0.71484375,
        -0.7021484375,
        -0.689453125,
        -0.677734375,
        -0.66650390625,
        -0.65576171875,
        -0.64599609375,
        -0.63623046875,
        -0.62744140625,
        -0.619140625,
        -0.611328125,
        -0.60400390625,
        -0.59716796875,
        -0.5908203125,
        -0.5849609375,
        -0.580078125,
        -0.5751953125,
        -0.57080078125,
        -0.5673828125,
        -0.56396484375,
        -0.5615234375,
        -0.55908203125,
        -0.55712890625,
        -0.55615234375,
        -0.55517578125,
        -0.5546875,
        -0.5546875,
        -0.55517578125,
        -0.55615234375,
        -0.5576171875,
        -0.55908203125,
        -0.5615234375,
        -0.56396484375,
        -0.56689453125,
        -0.5703125,
        -0.57421875,
        -0.578125,
        -0.5830078125,
        -0.587890625,
        -0.5927734375,
        -0.5986328125,
        -0.6044921875,
        -0.61083984375,
        -0.61767578125,
        -0.62451171875,
        -0.6318359375,
        -0.6396484375,
        -0.6474609375,
        -0.65576171875,
        -0.6640625,
        -0.6728515625,
        -0.68212890625,
        -0.69140625,
        -0.701171875,
        -0.7109375,
        -0.72119140625,
        -0.73193359375,
        -0.74267578125,
        -0.75341796875,
        -0.7646484375,
        -0.7763671875,
        -0.78759765625,
        -0.7998046875,
        -0.8115234375,
        -0.82373046875,
        -0.83642578125,
        -0.84912109375
      ],
      "series_index": 0
    },
    {
      "pattern_id": 1,
      "pattern_start": 24,
      "pattern_width": 58,
      "pattern_values": [
        0.1875,
        0.107421875,
        0.0318603515625,
        -0.0380859375,
        -0.10272216796875,
        -0.163330078125,
        -0.219482421875,
        -0.27099609375,
        -0.31884765625,
        -0.3623046875,
        -0.402099609375,
        -0.437744140625,
        -0.470703125,
        -0.5,
        -0.52685546875,
        -0.55029296875,
        -0.5712890625,
        -0.58984375,
        -0.60595703125,
        -0.6201171875,
        -0.63232421875,
        -0.642578125,
        -0.6513671875,
        -0.6591796875,
        -0.66552734375,
        -0.6708984375,
        -0.67529296875,
        -0.67919921875,
        -0.6826171875,
        -0.685546875,
        -0.68896484375,
        -0.69189453125,
        -0.6953125,
        -0.69921875,
        -0.7041015625,
        -0.70947265625,
        -0.7158203125,
        -0.7236328125,
        -0.73291015625,
        -0.74365234375,
        -0.75634765625,
        -0.7705078125,
        -0.787109375,
        -0.80615234375,
        -0.82763671875,
        -0.85205078125,
        -0.87939453125,
        -0.90869140625,
        -0.9423828125,
        -0.9794921875,
        -1.01953125,
        -1.064453125,
        -1.1123046875,
        -1.1650390625,
        -1.2216796875,
        -1.283203125,
        -1.349609375,
        -1.419921875
      ],
      "series_index": 2
    },
    {
      "pattern_id": 2,
      "pattern_start": 10,
      "pattern_width": 180,
      "pattern_values": [
        -1.70703125,
        -1.68359375,
        -1.6611328125,
        -1.638671875,
        -1.6171875,
        -1.59765625,
        -1.576171875,
        -1.5556640625,
        -1.53515625,
        -1.515625,
        -1.4970703125,
        -1.478515625,
        -1.4599609375,
        -1.443359375,
        -1.42578125,
        -1.4091796875,
        -1.392578125,
        -1.376953125,
        -1.361328125,
        -1.345703125,
        -1.3310546875,
        -1.31640625,
        -1.302734375,
        -1.2890625,
        -1.275390625,
        -1.26171875,
        -1.25,
        -1.2373046875,
        -1.224609375,
        -1.212890625,
        -1.2021484375,
        -1.19140625,
        -1.1796875,
        -1.1689453125,
        -1.158203125,
        -1.1484375,
        -1.138671875,
        -1.12890625,
        -1.119140625,
        -1.1103515625,
        -1.1015625,
        -1.0927734375,
        -1.083984375,
        -1.0751953125,
        -1.0673828125,
        -1.0595703125,
        -1.0517578125,
        -1.0439453125,
        -1.0361328125,
        -1.0283203125,
        -1.021484375,
        -1.0146484375,
        -1.0078125,
        -1.0009765625,
        -0.994140625,
        -0.9873046875,
        -0.98095703125,
        -0.97412109375,
        -0.9677734375,
        -0.96142578125,
        -0.955078125,
        -0.94873046875,
        -0.94287109375,
        -0.9365234375,
        -0.9306640625,
        -0.92431640625,
        -0.91845703125,
        -0.912109375,
        -0.90625,
        -0.89990234375,
        -0.89404296875,
        -0.8876953125,
        -0.8818359375,
        -0.87548828125,
        -0.869140625,
        -0.86279296875,
        -0.8564453125,
        -0.849609375,
        -0.84326171875,
        -0.83642578125,
        -0.82958984375,
        -0.82275390625,
        -0.81591796875,
        -0.80908203125,
        -0.8017578125,
        -0.79443359375,
        -0.78662109375,
        -0.779296875,
        -0.771484375,
        -0.76318359375,
        -0.75537109375,
        -0.74658203125,
        -0.73828125,
        -0.7294921875,
        -0.720703125,
        -0.71142578125,
        -0.7021484375,
        -0.6923828125,
        -0.6826171875,
        -0.67236328125,
        -0.662109375,
        -0.6513671875,
        -0.640625,
        -0.62939453125,
        -0.61767578125,
        -0.60595703125,
        -0.59423828125,
        -0.58154296875,
        -0.56884765625,
        -0.5556640625,
        -0.54248046875,
        -0.52880859375,
        -0.5146484375,
        -0.50048828125,
        -0.48583984375,
        -0.470458984375,
        -0.454833984375,
        -0.43896484375,
        -0.4228515625,
        -0.406005859375,
        -0.388916015625,
        -0.37109375,
        -0.353515625,
        -0.3349609375,
        -0.316162109375,
        -0.296630859375,
        -0.277099609375,
        -0.2568359375,
        -0.236083984375,
        -0.214599609375,
        -0.193359375,
        -0.171142578125,
        -0.148193359375,
        -0.12493896484375,
        -0.10107421875,
        -0.07720947265625,
        -0.05224609375,
        -0.0267333984375,
        -0.000732421875,
        0.02587890625,
        0.0531005859375,
        0.07958984375,
        0.1080322265625,
        0.136962890625,
        0.16650390625,
        0.19677734375,
        0.2275390625,
        0.259033203125,
        0.291015625,
        0.32373046875,
        0.35546875,
        0.389404296875,
        0.424072265625,
        0.459716796875,
        0.49560546875,
        0.5322265625,
        0.5703125,
        0.6083984375,
        0.64501953125,
        0.6845703125,
        0.724609375,
        0.7666015625,
        0.80859375,
        0.8505859375,
        0.8935546875,
        0.9375,
        0.982421875,
        1.0263671875,
        1.072265625,
        1.1201171875,
        1.16796875,
        1.216796875,
        1.2666015625,
        1.3173828125,
        1.369140625,
        1.4189453125,
        1.47265625,
        1.525390625,
        1.580078125,
        1.63671875
      ],
      "series_index": 3
    },
    {
      "pattern_id": 3,
      "pattern_start": 90,
      "pattern_width": 11,