{
  "dataset": "REMC",
  "metric": "auc",
  "polynomial_degree": 3,
  "n_patterns": 6,
  "patterns": [
    {
      "pattern_id": 0,
      "pattern_start": 25,
      "pattern_width": 71,
      "pattern_values": [
        0.4228515625,
        0.41845703125,
        0.414794921875,
        0.4111328125,
        0.4072265625,
        0.403076171875,
        0.399658203125,
        0.3955078125,
        0.39111328125,
        0.386474609375,
        0.382568359375,
        0.377685546875,
        0.37255859375,
        0.366943359375,
        0.361328125,
        0.355224609375,
        0.3486328125,
        0.341552734375,
        0.333984375,
        0.325927734375,
        0.31689453125,
        0.3076171875,
        0.297119140625,
        0.28662109375,
        0.274658203125,
        0.26220703125,
        0.2489013671875,
        0.2347412109375,
        0.219482421875,
        0.203369140625,
        0.1861572265625,
        0.1678466796875,
        0.1484375,
        0.1279296875,
        0.10626220703125,
        0.08331298828125,
        0.059112548828125,
        0.033599853515625,
        0.006748199462890625,
        -0.0214996337890625,
        -0.051177978515625,
        -0.08233642578125,
        -0.114990234375,
        -0.149169921875,
        -0.18505859375,
        -0.2225341796875,
        -0.261474609375,
        -0.302490234375,
        -0.344970703125,
        -0.389404296875,
        -0.435546875,
        -0.483642578125,
        -0.53369140625,
        -0.5859375,
        -0.64013671875,
        -0.69580078125,
        -0.75439453125,
        -0.81396484375,
        -0.876953125,
        -0.94091796875,
        -1.0087890625,
        -1.0771484375,
        -1.1494140625,
        -1.22265625,
        -1.2998046875,
        -1.376953125,
        -1.458984375,
        -1.5419921875,
        -1.6298828125,
        -1.7177734375,
        -1.8095703125
      ],
      "series_index": 0
    },
    {
      "pattern_id": 1,
      "pattern_start": 9,
      "pattern_width": 90,
      "pattern_values": [
        -2.484375,
        -2.4375,
        -2.390625,
        -2.345703125,
        -2.30078125,
        -2.255859375,
        -2.208984375,
        -2.166015625,
        -2.123046875,
        -2.080078125,
        -2.037109375,
        -1.994140625,
        -1.953125,
        -1.912109375,
        -1.87109375,
        -1.8310546875,
        -1.7919921875,
        -1.7529296875,
        -1.71484375,
        -1.6767578125,
        -1.6396484375,
        -1.603515625,
        -1.5673828125,
        -1.5322265625,
        -1.498046875,
        -1.4638671875,
        -1.4306640625,
        -1.3984375,
        -1.3671875,
        -1.3359375,
        -1.3056640625,
        -1.2763671875,
        -1.2470703125,
        -1.2197265625,
        -1.1923828125,
        -1.166015625,
        -1.140625,
        -1.115234375,
        -1.091796875,
        -1.068359375,
        -1.046875,
        -1.025390625,
        -1.0048828125,
        -0.9853515625,
        -0.96630859375,
        -0.94873046875,
        -0.93212890625,
        -0.916015625,
        -0.9013671875,
        -0.88720703125,
        -0.87451171875,
        -0.8623046875,
        -0.85107421875,
        -0.84130859375,
        -0.83251953125,
        -0.82470703125,
        -0.81787109375,
        -0.81201171875,
        -0.80712890625,
        -0.8037109375,
        -0.80126953125,
        -0.79931640625,
        -0.79931640625,
        -0.7998046875,
        -0.80224609375,
        -0.80517578125,
        -0.8095703125,
        -0.81494140625,
        -0.82177734375,
        -0.82958984375,
        -0.8388671875,
        -0.84912109375,
        -0.86083984375,
        -0.8740234375,
        -0.88720703125,
        -0.90283203125,
        -0.919921875,
        -0.93798828125,
        -0.95654296875,
        -0.9775390625,
        -1.0,
        -1.0224609375,
        -1.0478515625,
        -1.0732421875,
        -1.1005859375,
        -1.1298828125,
        -1.16015625,
        -1.19140625,
        -1.224609375,
        -1.2587890625
      ],
      "series_index": 2
    },
    {
      "pattern_id": 2,
      "pattern_start": 8,
      "pattern_width": 188,