{
  "dataset": "AZT1D",
  "metric": "rmse",
  "polynomial_degree": 3,
  "n_patterns": 2,
  "patterns": [
    {
      "pattern_id": 0,
      "pattern_start": 2,
      "pattern_width": 6,
      "pattern_values": [
        2.220703125,
        1.0234375,
        0.50048828125,
        0.385986328125,
        0.41015625,
        0.304931640625
      ]
    },
    {
      "pattern_id": 1,
      "pattern_start": 14,
      "pattern_width": 9,
      "pattern_values": [
        -0.375,
        -0.638671875,
        -0.73095703125,
        -0.6875,
        -0.54443359375,
        -0.33740234375,
        -0.1025390625,
        0.1243896484375,
        0.3076171875
      ]
    }
  ]
}