{
  "dataset": "REMC",
  "metric": "auc",
  "polynomial_degree": 3,
  "n_patterns": 8,
  "patterns": [
    {
      "pattern_id": 0,
      "pattern_start": 72,
      "pattern_width": 26,
      "pattern_values": [
        -9.214593887329102,
        -8.71114444732666,
        -8.20986557006836,
        -7.718369007110596,
        -7.244272232055664,
        -6.795187473297119,
        -6.378730773925781,
        -6.002516269683838,
        -5.674158096313477,
        -5.401270866394043,
        -5.191469669342041,
        -5.0523681640625,
        -4.991580963134766,
        -5.0167236328125,
        -5.135409355163574,
        -5.355252742767334,
        -5.683869361877441,
        -6.128873825073242,
        -6.697879314422607,
        -7.398500442504883,
        -8.23835277557373,
        -9.22504997253418,
        -10.366207122802734,
        -11.669437408447266,
        -13.14235782623291,
        -14.792581558227539
      ],
      "series_index": 0
    },
    {
      "pattern_id": 1,
      "pattern_start": 0,
      "pattern_width": 93,
      "pattern_values": [
        11.880411148071289,
        11.553939819335938,
        11.241151809692383,
        10.941890716552734,
        10.656000137329102,
        10.383321762084961,
        10.123699188232422,
        9.876976013183594,
        9.64299488067627,
        9.421597480773926,
        9.212630271911621,
        9.0159330368042,
        8.831350326538086,
        8.658723831176758,
        8.497897148132324,
        8.348713874816895,
        8.211017608642578,
        8.084649085998535,
        7.96945333480835,
        7.865272521972656,
        7.771949768066406,
        7.689328193664551,
        7.617250442504883,
        7.555560111999512,
        7.504099369049072,
        7.462712287902832,
        7.431241035461426,
        7.409529685974121,
        7.397419452667236,
        7.3947553634643555,
        7.401378154754639,
        7.41713285446167,
        7.441862106323242,
        7.475407600402832,
        7.517613887786865,
        7.568323612213135,
        7.627379417419434,
        7.694623947143555,
        7.769901275634766,
        7.853053092956543,
        7.943924427032471,
        8.042356491088867,
        8.148192405700684,
        8.261275291442871,
        8.381448745727539,
        8.508554458618164,
        8.642438888549805,
        8.782941818237305,
        8.929906845092773,
        9.083176612854004,
        9.242594718933105,
        9.408003807067871,
        9.579248428344727,
        9.756169319152832,
        9.93861198425293,
        10.12641716003418,
        10.319428443908691,
        10.517489433288574,
        10.720441818237305,
        10.928131103515625,
        11.140398979187012,
        11.357086181640625,
        11.57804012298584,
        11.803099632263184,
        12.032111167907715,
        12.264914512634277,
        12.501355171203613,
        12.741276741027832,
        12.984519004821777,
        13.230925559997559,
        13.480342864990234,
        13.732611656188965,
        13.987573623657227,
        14.245072364807129,
        14.504953384399414,
        14.767058372497559,
        15.031229019165039,
        15.297309875488281,
        15.565141677856445,
        15.834569931030273,
        16.105436325073242,
        16.37758445739746,
        16.65085792541504,
        16.92509651184082,
        17.20014762878418,
        17.475852966308594,
        17.752056121826172,
        18.028596878051758,
        18.305320739746094,
        18.582069396972656,
        18.858686447143555,
        19.1350154876709,
        19.410900115966797
      ],
      "series_index": 4
    },
    {
      "pattern_id": 2,
      "pattern_start": 9,
      "pattern_width": 189,
      "pattern_values": [
        0.4993009567260742,
        0.5399341583251953,
        0.5760955810546875,
        0.607846736907959,
        0.635251522064209,
        0.6583747863769531,
        0.6772785186767578,
        0.6920261383056641,
        0.7026829719543457,
        0.7093105316162109,
        0.7119731903076172,
        0.7107348442077637,
        0.705657958984375,
        0.6968059539794922,
        0.6842436790466309,
        0.6680335998535156,
        0.6482405662536621,
        0.6249246597290039,
        0.5981531143188477,
        0.5679879188537598,
        0.5344924926757812,
        0.4977302551269531,
        0.4577648639678955,
        0.4146599769592285,
        0.36847805976867676,
        0.31928443908691406,
        0.26714181900024414,
        0.2121138572692871,
        0.15426301956176758,
        0.09365344047546387,
        0.030349016189575195,
        -0.03558683395385742,
        -0.10409140586853027,
        -0.17510032653808594,
        -0.2485506534576416,
        -0.32437872886657715,
        -0.40252041816711426,
        -0.4829132556915283,
        -0.5654934644699097,
        -0.6501976251602173,
        -0.7369617223739624,
        -0.8257224559783936,
        -0.9164165258407593,
        -1.0089802742004395,
        -1.1033504009246826,
        -1.199463129043579,
        -1.297255277633667,
        -1.3966631889343262,
        -1.497623324394226,
        -1.6000723838806152,
        -1.703946590423584,
        -1.8091827630996704,
        -1.9157172441482544,
        -2.023486375808716,
        -2.1324269771575928,
        -2.2424752712249756,
        -2.3535683155059814,
        -2.465641975402832,
        -2.5786330699920654,
        -2.6924784183502197,
        -2.8071136474609375,
        -2.922475576400757,
        -3.038501024246216,
        -3.1551265716552734,
        -3.2722883224487305,
        -3.389922857284546,
        -3.507966995239258,
        -3.626357316970825,
        -3.7450296878814697,
        -3.8639209270477295,
        -3.9829678535461426,
        -4.10210657119751,
        -4.221273899078369,
        -4.3404059410095215,
        -4.459439277648926,
        -4.578311443328857,
        -4.696957588195801,
        -4.815314769744873,
        -4.933319568634033,
        -5.050908088684082,
        -5.1680169105529785,
        -5.28458309173584,
        -5.400542736053467,
        -5.515832424163818,
        -5.6303887367248535,
        -5.744147777557373,
        -5.857046604156494,
        -5.969021320343018,
        -6.080009460449219,
        -6.189945220947266,
        -6.298767566680908,
        -6.406411647796631,
        -6.512814521789551,
        -6.617912292480469,
        -6.721641540527344,
        -6.823939323425293,
        -6.924740791320801,
        -7.023984432220459,
        -7.121605396270752,
        -7.217540740966797,
        -7.311725616455078,
        -7.404098987579346,
        -7.494595050811768,
        -7.5831522941589355,
        -7.669704914093018,
        -7.754191875457764,
        -7.836547374725342,
        -7.916709899902344,
        -7.99461555480957,
        -8.070199012756348,
        -8.143400192260742,
        -8.214151382446289,
        -8.282392501831055,
        -8.348057746887207,
        -8.411086082458496,
        -8.471413612365723,
        -8.528972625732422,
        -8.583704948425293,
        -8.635544776916504,
        -8.684429168701172,
        -8.730293273925781,
        -8.773075103759766,
        -8.812711715698242,
        -8.849138259887695,
        -8.882290840148926,
        -8.912107467651367,
        -8.938523292541504,
        -8.96147632598877,
        -8.980901718139648,
        -8.996736526489258,
        -9.008916854858398,
        -9.017378807067871,
        -9.022061347961426,
        -9.02289867401123,
        -9.019826889038086,
        -9.01278305053711,
        -9.00170612335205,
        -8.986530303955078,
        -8.967191696166992,
        -8.943626403808594,
        -8.915773391723633,
        -8.88356876373291,
        -8.846945762634277,
        -8.8058443069458,
        -8.760199546813965,
        -8.709949493408203,
        -8.655027389526367,
        -8.595372200012207,
        -8.53092098236084,
