{
  "dataset": "REMC",
  "metric": "auc",
  "polynomial_degree": 3,
  "n_patterns": 8,
  "patterns": [
    {
      "pattern_id": 0,
      "pattern_start": 15,
      "pattern_width": 84,
      "pattern_values": [
        1.564453125,
        1.5537109375,
        1.5419921875,
        1.529296875,
        1.515625,
        1.5009765625,
        1.484375,
        1.4677734375,
        1.4501953125,
        1.431640625,
        1.412109375,
        1.392578125,
        1.3720703125,
        1.3515625,
        1.330078125,
        1.30859375,
        1.28515625,
        1.2626953125,
        1.2392578125,
        1.2158203125,
        1.1923828125,
        1.1689453125,
        1.1455078125,
        1.1220703125,
        1.09765625,
        1.0751953125,
        1.05078125,
        1.0283203125,
        1.0048828125,
        0.982421875,
        0.96044921875,
        0.9384765625,
        0.9169921875,
        0.896484375,
        0.8759765625,
        0.8564453125,
        0.837890625,
        0.81982421875,
        0.802734375,
        0.7861328125,
        0.77099609375,
        0.75634765625,
        0.7431640625,
        0.73046875,
        0.7197265625,
        0.70947265625,
        0.701171875,
        0.69384765625,
        0.6875,
        0.68310546875,
        0.68017578125,
        0.6787109375,
        0.6787109375,
        0.6806640625,
        0.68408203125,
        0.689453125,
        0.6962890625,
        0.70556640625,
        0.71630859375,
        0.72900390625,
        0.744140625,
        0.76123046875,
        0.7802734375,
        0.8017578125,
        0.8251953125,
        0.8515625,
        0.8798828125,
        0.91064453125,
        0.9443359375,
        0.97998046875,
        1.0185546875,
        1.0595703125,
        1.103515625,
        1.150390625,
        1.2001953125,
        1.251953125,
        1.3076171875,
        1.3662109375,
        1.4267578125,
        1.4921875,
        1.5595703125,
        1.6298828125,
        1.7041015625,
        1.78125
      ],
      "series_index": 0
    },
    {
      "pattern_id": 1,
      "pattern_start": 0,
      "pattern_width": 200,
      "pattern_values": [
        -2.06640625,
        -2.021484375,
        -1.9775390625,
        -1.93359375,
        -1.8916015625,
        -1.84765625,
        -1.8076171875,
        -1.765625,
        -1.7236328125,
        -1.685546875,
        -1.64453125,
        -1.607421875,
        -1.5673828125,
        -1.529296875,
        -1.4931640625,
        -1.455078125,
        -1.4208984375,
        -1.3837890625,
        -1.349609375,
        -1.3154296875,
        -1.28125,
        -1.248046875,
        -1.2138671875,
        -1.18359375,
        -1.150390625,
        -1.119140625,
        -1.0888671875,
        -1.056640625,
        -1.0283203125,
        -0.99853515625,
        -0.970703125,
        -0.94140625,
        -0.9130859375,
        -0.8857421875,
        -0.8583984375,
        -0.8330078125,
        -0.80615234375,
        -0.77978515625,
        -0.75537109375,
        -0.73046875,
        -0.70654296875,
        -0.68212890625,
        -0.6591796875,
        -0.6357421875,
        -0.6123046875,
        -0.5908203125,
        -0.56884765625,
        -0.5478515625,
        -0.5263671875,
        -0.50537109375,
        -0.4853515625,
        -0.465576171875,
        -0.4453125,
        -0.42626953125,
        -0.40771484375,
        -0.388916015625,
        -0.37109375,
        -0.353271484375,
        -0.33544921875,
        -0.318359375,
        -0.3017578125,
        -0.28515625,
        -0.26904296875,
        -0.253173828125,
        -0.2373046875,
        -0.22216796875,
        -0.207275390625,
        -0.1927490234375,
        -0.1783447265625,
        -0.164306640625,
        -0.150146484375,
        -0.13671875,
        -0.12353515625,
        -0.1104736328125,
        -0.0977783203125,
        -0.085205078125,
        -0.0728759765625,
        -0.060791015625,
        -0.04913330078125,
        -0.037506103515625,
        -0.026123046875,
        -0.01511383056640625,
        -0.00417327880859375,
        0.006580352783203125,
        0.0169677734375,
        0.0272216796875,
        0.037384033203125,
        0.0472412109375,
        0.056915283203125,
        0.06646728515625,
        0.07586669921875,
        0.08502197265625,
        0.09405517578125,
        0.1029052734375,
        0.11163330078125,
        0.12017822265625,
        0.1285400390625,
        0.1368408203125,
        0.14501953125,
        0.153076171875,
        0.160888671875,
        0.168701171875,
        0.1763916015625,
        0.1839599609375,
        0.19140625,
        0.19873046875,
        0.2059326171875,
        0.213134765625,
        0.22021484375,
        0.2271728515625,
        0.234130859375,
        0.2410888671875,
        0.247802734375,
        0.254638671875,
        0.26123046875,
        0.26806640625,
        0.2744140625,
        0.281005859375,
        0.28759765625,
        0.294189453125,
        0.30078125,
        0.30712890625,
        0.3134765625,
        0.320068359375,
        0.32666015625,
        0.3330078125,
        0.339599609375,
        0.345947265625,
        0.3525390625,
        0.35888671875,
        0.36572265625,
        0.372314453125,
        0.37890625,
        0.385498046875,
        0.39208984375,
        0.39892578125,
        0.406005859375,
        0.412841796875,
        0.419677734375,
        0.427001953125,
        0.43408203125,
        0.441162109375,
        0.44873046875,
        0.4560546875,
        0.46337890625,
        0.47119140625,
        0.47900390625,
        0.48681640625,
        0.494873046875,
        0.5029296875,
        0.51123046875,
        0.51953125,
        0.5283203125,
        0.53662109375,
        0.5458984375,
        0.55419921875,
        0.5634765625,
        0.5732421875,
        0.58251953125,
        0.59228515625,
        0.6015625,
        0.61181640625,
        0.62158203125,
        0.6328125,
        0.6435546875,
        0.6533203125,
        0.6650390625,
        0.67626953125,
        0.6875,
        0.7001953125,
        0.71142578125,
        0.7236328125,
        0.73583984375,
        0.7490234375,
        0.76171875,
        0.7744140625,
        0.7890625,
        0.8017578125,
        0.81640625,
        0.83056640625,
        0.8447265625,
        0.85986328125,
        0.875,
        0.890625,
        0.90625,
        0.9228515625,
        0.939453125,
        0.9560546875,
        0.97314453125,
        0.9892578125,
        1.0078125,
        1.025390625,
        1.0439453125,
        1.0634765625,
        1.08203125,
        1.1025390625,
        1.12109375,
        1.1416015625,
        1.162109375,
        1.18359375
      ],
      "series_index": 2
    },
    {
      "pattern_id": 2,
      "pattern_start": 7,
      "pattern_width": 188,