{
  "dataset": "REMC",
  "metric": "auc",
  "polynomial_degree": 3,
  "n_patterns": 5,
  "patterns": [
    {
      "pattern_id": 0,
      "pattern_start": 19,
      "pattern_width": 77,
      "pattern_values": [
        0.77197265625,
        0.66943359375,
        0.5712890625,
        0.4765625,
        0.38623046875,
        0.301025390625,
        0.21875,
        0.13916015625,
        0.064208984375,
        -0.0078125,
        -0.076416015625,
        -0.141357421875,
        -0.203369140625,
        -0.261962890625,
        -0.317138671875,
        -0.368896484375,
        -0.418212890625,
        -0.465087890625,
        -0.5087890625,
        -0.5498046875,
        -0.58837890625,
        -0.62451171875,
        -0.65771484375,
        -0.68896484375,
        -0.7177734375,
        -0.74462890625,
        -0.76904296875,
        -0.79150390625,
        -0.81201171875,
        -0.83056640625,
        -0.84765625,
        -0.86279296875,
        -0.87646484375,
        -0.888671875,
        -0.89892578125,
        -0.908203125,
        -0.91650390625,
        -0.9228515625,
        -0.9287109375,
        -0.93310546875,
        -0.93701171875,
        -0.93994140625,
        -0.94189453125,
        -0.943359375,
        -0.94384765625,
        -0.94384765625,
        -0.94384765625,
        -0.94287109375,
        -0.9423828125,
        -0.94091796875,
        -0.93994140625,
        -0.9384765625,
        -0.9375,
        -0.93603515625,
        -0.93505859375,
        -0.9345703125,
        -0.9345703125,
        -0.9345703125,
        -0.935546875,
        -0.93701171875,
        -0.93896484375,
        -0.9423828125,
        -0.94580078125,
        -0.951171875,
        -0.95703125,
        -0.9638671875,
        -0.9716796875,
        -0.9814453125,
        -0.9921875,
        -1.0048828125,
        -1.0185546875,
        -1.0341796875,
        -1.0517578125,
        -1.0703125,
        -1.0908203125,
        -1.1142578125,
        -1.1396484375
      ],
      "series_index": 0
    },
    {
      "pattern_id": 1,
      "pattern_start": 17,
      "pattern_width": 55,
      "pattern_values": [
        -2.1015625,
        -1.955078125,
        -1.8203125,
        -1.6953125,
        -1.580078125,
        -1.474609375,
        -1.376953125,
        -1.2880859375,
        -1.2080078125,
        -1.1357421875,
        -1.0712890625,
        -1.015625,
        -0.9658203125,
        -0.9228515625,
        -0.88720703125,
        -0.857421875,
        -0.833984375,
        -0.81640625,
        -0.8037109375,
        -0.79638671875,
        -0.7939453125,
        -0.7958984375,
        -0.80224609375,
        -0.81201171875,
        -0.82568359375,
        -0.8427734375,
        -0.86279296875,
        -0.88525390625,
        -0.91015625,
        -0.9375,
        -0.96630859375,
        -0.99658203125,
        -1.0283203125,
        -1.060546875,
        -1.09375,
        -1.126953125,
        -1.16015625,
        -1.1923828125,
        -1.224609375,
        -1.255859375,
        -1.2861328125,
        -1.314453125,
        -1.341796875,
        -1.3662109375,
        -1.3876953125,
        -1.4072265625,
        -1.423828125,
        -1.4365234375,
        -1.4453125,
        -1.451171875,
        -1.453125,
        -1.44921875,
        -1.4404296875,
        -1.427734375,
        -1.408203125
      ],
      "series_index": 2
    },
    {
      "pattern_id": 2,
      "pattern_start": 9,
      "pattern_width": 147,
      "pattern_values": [
        -1.5302734375,
        -1.51953125,
        -1.5078125,
        -1.49609375,
        -1.4853515625,
        -1.4736328125,
        -1.4609375,
        -1.44921875,
        -1.4365234375,
        -1.423828125,
        -1.41015625,
        -1.3974609375,
        -1.3828125,
        -1.3701171875,
        -1.35546875,
        -1.3427734375,
        -1.328125,
        -1.3134765625,
        -1.2998046875,
        -1.28515625,
        -1.26953125,
        -1.2548828125,
        -1.240234375,
        -1.224609375,
        -1.2099609375,
        -1.1943359375,
        -1.1796875,
        -1.1640625,
        -1.1474609375,
        -1.1318359375,
        -1.115234375,
        -1.099609375,
        -1.083984375,
        -1.0673828125,
        -1.0517578125,
        -1.0361328125,
        -1.01953125,
        -1.00390625,
        -0.9873046875,
        -0.97119140625,
        -0.955078125,
        -0.9384765625,
        -0.92236328125,
        -0.90625,
        -0.89013671875,
        -0.8740234375,
        -0.85791015625,
        -0.841796875,
        -0.82568359375,
        -0.8095703125,
        -0.7939453125,
        -0.77783203125,
        -0.76171875,
        -0.74609375,
        -0.73095703125,
        -0.71533203125,
        -0.69970703125,
        -0.6845703125,
        -0.66943359375,
        -0.654296875,
        -0.63916015625,
        -0.62451171875,
        -0.60986328125,
        -0.59521484375,
        -0.5810546875,
        -0.56689453125,
        -0.552734375,
        -0.53857421875,
        -0.52490234375,
        -0.51171875,
        -0.498291015625,
        -0.4853515625,
        -0.472412109375,
        -0.459716796875,
        -0.447265625,
        -0.43505859375,
        -0.423095703125,
        -0.411376953125,
        -0.39990234375,
        -0.388671875,
        -0.3779296875,
        -0.3671875,
        -0.356689453125,
        -0.3466796875,
        -0.3369140625,
        -0.327392578125,
        -0.318115234375,
        -0.309326171875,
        -0.30078125,
        -0.29248046875,
        -0.284423828125,
        -0.277099609375,
        -0.269775390625,
        -0.262939453125,
        -0.256591796875,
        -0.250244140625,
        -0.2445068359375,
        -0.2391357421875,
        -0.2342529296875,
        -0.2294921875,
        -0.225341796875,
        -0.2216796875,
        -0.2181396484375,
        -0.2152099609375,
        -0.2127685546875,
        -0.210693359375,
        -0.208984375,
        -0.2078857421875,
        -0.20703125,
        -0.2069091796875,
        -0.2069091796875,
        -0.207763671875,
        -0.208984375,
        -0.2105712890625,
        -0.212646484375,
        -0.215576171875,
        -0.218505859375,
        -0.2220458984375,
        -0.2265625,
        -0.2314453125,
        -0.236328125,
        -0.242431640625,
        -0.2486572265625,
        -0.255859375,
        -0.26318359375,
        -0.27099609375,
        -0.2802734375,
        -0.2890625,
        -0.298828125,
        -0.3095703125,
        -0.3203125,
        -0.33203125,
        -0.34423828125,
        -0.35693359375,
        -0.37060546875,
        -0.385009765625,
        -0.3994140625,
        -0.415771484375,
        -0.431640625,
        -0.448486328125,
        -0.466064453125,
        -0.484619140625,
        -0.50341796875,
        -0.5224609375,
        -0.54296875,
        -0.56396484375,
        -0.58544921875
      ],
      "series_index": 3
    },
    {
      "pattern_id": 3,
      "pattern_start": 72,
      "pattern_width": 10,
      "pattern_values": [
        -1.033203125,
        -0.548828125,
        -0.2176513671875,
        -0.01739501953125,
        0.074462890625,
        0.08074951171875,
        0.02423095703125,
        -0.072509765625,
        -0.186279296875,
        -0.294921875
      ],
      "series_index": 4
    },
    {
      "pattern_id": 4,
      "pattern_start": 9,
      "pattern_width": 46,