{
  "dataset": "AZT1D",
  "metric": "rmse",
  "polynomial_degree": 3,
  "n_patterns": 3,
  "patterns": [
    {
      "pattern_id": 0,
      "pattern_start": 1,
      "pattern_width": 10,
      "pattern_values": [
        0.210205078125,
        -0.179443359375,
        -0.38818359375,
        -0.44580078125,
        -0.38134765625,
        -0.2236328125,
        -0.00177001953125,
        0.25537109375,
        0.517578125,
        0.7568359375
      ]
    },
    {
      "pattern_id": 1,
      "pattern_start": 11,
      "pattern_width": 11,
      "pattern_values": [
        -0.7861328125,
        -0.74853515625,
        -0.6708984375,
        -0.564453125,
        -0.43994140625,
        -0.3076171875,
        -0.1788330078125,
        -0.06414794921875,
        0.025482177734375,
        0.07940673828125,
        0.08648681640625
      ]
    },
    {
      "pattern_id": 2,
      "pattern_start": 22,
      "pattern_width": 1,
      "pattern_values": [
        0.177734375
      ]
    }
  ]
}