{
  "dataset": "REMC",
  "metric": "auc",
  "polynomial_degree": 3,
  "n_patterns": 8,
  "patterns": [
    {
      "pattern_id": 0,
      "pattern_start": 74,
      "pattern_width": 24,
      "pattern_values": [
        13.141849517822266,
        12.686193466186523,
        12.211370468139648,
        11.729225158691406,
        11.251606941223145,
        10.790365219116211,
        10.357346534729004,
        9.964399337768555,
        9.623372077941895,
        9.346113204956055,
        9.144471168518066,
        9.030292510986328,
        9.015426635742188,
        9.111720085144043,
        9.331022262573242,
        9.685181617736816,
        10.186046600341797,
        10.84546184539795,
        11.67527961730957,
        12.687346458435059,
        13.893510818481445,
        15.305620193481445,
        16.935523986816406,
        18.795066833496094
      ],
      "series_index": 0
    },
    {
      "pattern_id": 1,
      "pattern_start": 1,
      "pattern_width": 84,
      "pattern_values": [
        2.3658437728881836,
        2.6291332244873047,
        2.8696236610412598,
        3.0880751609802246,
        3.2852492332458496,
        3.461913585662842,
        3.618828296661377,
        3.7567577362060547,
        3.8764638900756836,
        3.9787111282348633,
        4.064260482788086,
        4.133878707885742,
        4.188325881958008,
        4.228365898132324,
        4.254762649536133,
        4.268279075622559,
        4.26967716217041,
        4.259721755981445,
        4.2391743659973145,
        4.208799362182617,
        4.169360160827637,
        4.121618270874023,
        4.066337585449219,
        4.004281997680664,
        3.936213493347168,
        3.86289644241333,
        3.785093069076538,
        3.7035670280456543,
        3.6190807819366455,
        3.532398223876953,
        3.444282054901123,
        3.3554956912994385,
        3.2668018341064453,
        3.178964138031006,
        3.092745542526245,
        3.008908748626709,
        2.928217887878418,
        2.851435422897339,
        2.779324531555176,
        2.7126481533050537,
        2.652170419692993,
        2.5986530780792236,
        2.5528604984283447,
        2.515554666519165,
        2.487499952316284,
        2.46945858001709,
        2.4621942043304443,
        2.4664692878723145,
        2.4830479621887207,
        2.51269268989563,
        2.556166648864746,
        2.6142334938049316,
        2.6876556873321533,
        2.7771964073181152,
        2.883619785308838,
        3.00768780708313,
        3.1501641273498535,
        3.311811685562134,
        3.493393898010254,
        3.6956734657287598,
        3.9194140434265137,
        4.165378570556641,
        4.434329986572266,
        4.72703218460083,
        5.044247150421143,
        5.386738300323486,
        5.755269527435303,
        6.150604248046875,
        6.573504447937012,
        7.02473258972168,
        7.505054473876953,
        8.015231132507324,
        8.556026458740234,
        9.128202438354492,
        9.732524871826172,
        10.369754791259766,
        11.040654182434082,
        11.745988845825195,
        12.48652172088623,
        13.26301383972168,
        14.076229095458984,
        14.926932334899902,
        15.815886497497559,
        16.743852615356445
      ],
      "series_index": 4
    },
    {
      "pattern_id": 2,
      "pattern_start": 15,
      "pattern_width": 145,
      "pattern_values": [
        9.77956485748291,
        9.701852798461914,
        9.623443603515625,
        9.544382095336914,
        9.464710235595703,
        9.384471893310547,
        9.303709983825684,
        9.2224702835083,
        9.14079475402832,
        9.05872917175293,
        8.976314544677734,
        8.893594741821289,
        8.810616493225098,
        8.72741985321045,
        8.644052505493164,
        8.560552597045898,
        8.476967811584473,
        8.393341064453125,
        8.309717178344727,
        8.226137161254883,
        8.142645835876465,
        8.059287071228027,
        7.976104736328125,
        7.893143177032471,
        7.810443878173828,
        7.728052139282227,
        7.6460113525390625,
        7.564365386962891,
        7.483157157897949,
        7.402431011199951,
        7.322230815887451,
        7.2425994873046875,
        7.163581848144531,
        7.085219383239746,
        7.0075578689575195,
        6.930640697479248,
        6.854510307312012,
        6.779211521148682,
        6.704787731170654,
        6.631283283233643,
        6.55873966217041,
        6.4872026443481445,
        6.416715145111084,
        6.347321033477783,
        6.279064178466797,
        6.211987018585205,
        6.146134853363037,
        6.0815510749816895,
        6.0182785987854,
        5.956360816955566,
        5.895843029022217,
        5.836766719818115,
        5.779177665710449,
        5.723118305206299,
        5.668632984161377,
        5.615764141082764,
        5.564557075500488,
        5.515054225921631,
        5.467299938201904,
        5.421337127685547,
        5.377211093902588,
        5.334963798522949,
        5.2946391105651855,
        5.256281852722168,
        5.219934940338135,
        5.185640811920166,
        5.153445720672607,
        5.123392105102539,
        5.095522403717041,
        5.069882392883301,
        5.046514987945557,
        5.025462627410889,
        5.006770610809326,
        4.990481853485107,
        4.976640224456787,
        4.965289115905762,
        4.956472873687744,
        4.950234413146973,
        4.946617603302002,
        4.945666790008545,
        4.947424411773682,
        4.951934814453125,
        4.959242343902588,
        4.969388961791992,
        4.982420444488525,
        4.998378753662109,
        5.017307758331299,
        5.039252758026123,
        5.0642547607421875,
        5.092360019683838,
        5.123610973358154,
        5.158051013946533,
        5.1957244873046875,
        5.236674785614014,
        5.280945301055908,
        5.328579902648926,
        5.379622936248779,
        5.434116840362549,
        5.492105960845947,
        5.553634166717529,
        5.618744850158691,
        5.68748140335083,
        5.759888172149658,
        5.836008071899414,
        5.915885925292969,
        5.999563694000244,
        6.087086200714111,
        6.178497791290283,
        6.273839950561523,
        6.373158931732178,
        6.476496696472168,
        6.583896636962891,
        6.695404052734375,
        6.811060905456543,
        6.930911540985107,
        7.0550007820129395,
        7.183370590209961,
        7.316065788269043,
        7.453128814697266,
        7.594605445861816,
        7.740536689758301,
        7.890967845916748,
        8.045941352844238,
        8.205503463745117,
        8.369694709777832,
        8.538561820983887,
        8.712145805358887,
        8.890491485595703,
        9.07364273071289,
        9.261643409729004,
        9.454536437988281,
        9.652364730834961,
        9.855173110961914,
        10.063005447387695,
        10.27590560913086,
        10.493916511535645,
        10.717082977294922,
        10.945446014404297,
        11.179052352905273,
        11.417943954467773,
        11.662164688110352,
        11.911757469177246,
        12.166769027709961,
        12.427238464355469,
        12.693214416503906
      ],
      "series_index": 1
    },
    {
      "pattern_id": 3,
      "pattern_start": 3,
      "pattern_width": 140,