{
  "dataset": "REMC",
  "metric": "auc",
  "polynomial_degree": 3,
  "n_patterns": 9,
  "patterns": [
    {
      "pattern_id": 0,
      "pattern_start": 25,
      "pattern_width": 71,
      "pattern_values": [
        -0.9052734375,
        -0.869140625,
        -0.8349609375,
        -0.80126953125,
        -0.76953125,
        -0.73828125,
        -0.708984375,
        -0.68017578125,
        -0.65283203125,
        -0.6259765625,
        -0.6005859375,
        -0.576171875,
        -0.552734375,
        -0.5302734375,
        -0.5087890625,
        -0.488037109375,
        -0.468505859375,
        -0.44921875,
        -0.43115234375,
        -0.41357421875,
        -0.39697265625,
        -0.381103515625,
        -0.365966796875,
        -0.3515625,
        -0.337646484375,
        -0.32421875,
        -0.3115234375,
        -0.29931640625,
        -0.287841796875,
        -0.276611328125,
        -0.26611328125,
        -0.255859375,
        -0.24609375,
        -0.2366943359375,
        -0.2275390625,
        -0.2188720703125,
        -0.21044921875,
        -0.2022705078125,
        -0.1943359375,
        -0.1866455078125,
        -0.17919921875,
        -0.171875,
        -0.16455078125,
        -0.157470703125,
        -0.150390625,
        -0.1434326171875,
        -0.1363525390625,
        -0.12939453125,
        -0.1224365234375,
        -0.115234375,
        -0.10809326171875,
        -0.100830078125,
        -0.09320068359375,
        -0.0855712890625,
        -0.07763671875,
        -0.06964111328125,
        -0.06109619140625,
        -0.052459716796875,
        -0.04345703125,
        -0.03411865234375,
        -0.0242919921875,
        -0.01434326171875,
        -0.0035400390625,
        0.0074462890625,
        0.01904296875,
        0.031005859375,
        0.0438232421875,
        0.056640625,
        0.0709228515625,
        0.085205078125,
        0.100341796875
      ],
      "series_index": 0
    },
    {
      "pattern_id": 1,
      "pattern_start": 0,
      "pattern_width": 85,
      "pattern_values": [
        -0.58935546875,
        -0.5537109375,
        -0.51953125,
        -0.486572265625,
        -0.45556640625,
        -0.42431640625,
        -0.394775390625,
        -0.366943359375,
        -0.339599609375,
        -0.3134765625,
        -0.28857421875,
        -0.265869140625,
        -0.243408203125,
        -0.2225341796875,
        -0.2025146484375,
        -0.1842041015625,
        -0.16650390625,
        -0.1500244140625,
        -0.135009765625,
        -0.12109375,
        -0.108154296875,
        -0.09661865234375,
        -0.08612060546875,
        -0.07708740234375,
        -0.06884765625,
        -0.06182861328125,
        -0.05596923828125,
        -0.051483154296875,
        -0.04803466796875,
        -0.04571533203125,
        -0.044677734375,
        -0.04461669921875,
        -0.0457763671875,
        -0.048126220703125,
        -0.051544189453125,
        -0.05621337890625,
        -0.06201171875,
        -0.06884765625,
        -0.076904296875,
        -0.08612060546875,
        -0.096435546875,
        -0.10791015625,
        -0.1204833984375,
        -0.1341552734375,
        -0.1490478515625,
        -0.1650390625,
        -0.18212890625,
        -0.200439453125,
        -0.2197265625,
        -0.240234375,
        -0.26171875,
        -0.284423828125,
        -0.308349609375,
        -0.333251953125,
        -0.359375,
        -0.38671875,
        -0.414794921875,
        -0.444091796875,
        -0.474609375,
        -0.50634765625,
        -0.5390625,
        -0.57275390625,
        -0.607421875,
        -0.6435546875,
        -0.6806640625,
        -0.71875,
        -0.7578125,
        -0.79833984375,
        -0.84033203125,
        -0.8828125,
        -0.92578125,
        -0.970703125,
        -1.015625,
        -1.0634765625,
        -1.1103515625,
        -1.16015625,
        -1.2099609375,
        -1.26171875,
        -1.3125,
        -1.3662109375,
        -1.4208984375,
        -1.4755859375,
        -1.5322265625,
        -1.58984375,
        -1.6484375
      ],
      "series_index": 2
    },
    {
      "pattern_id": 2,
      "pattern_start": 27,
      "pattern_width": 171,