{
  "dataset": "REMC",
  "metric": "auc",
  "polynomial_degree": 3,
  "n_patterns": 9,
  "patterns": [
    {
      "pattern_id": 0,
      "pattern_start": 33,
      "pattern_width": 70,
      "pattern_values": [
        0.8688817024230957,
        1.0208780765533447,
        1.167182445526123,
        1.3081276416778564,
        1.4440457820892334,
        1.5752700567245483,
        1.702133059501648,
        1.8249675035476685,
        1.9441062211990356,
        2.059882402420044,
        2.1726279258728027,
        2.2826762199401855,
        2.3903603553771973,
        2.4960122108459473,
        2.5999650955200195,
        2.7025516033172607,
        2.8041045665740967,
        2.904956579208374,
        3.0054402351379395,
        3.105889081954956,
        3.2066352367401123,
        3.308011531829834,
        3.410351037979126,
        3.513986110687256,
        3.6192495822906494,
        3.7264742851257324,
        3.8359932899475098,
        3.948138952255249,
        4.063244342803955,
        4.181642055511475,
        4.303664207458496,
        4.429644584655762,
        4.559916019439697,
        4.694810390472412,
        4.834660530090332,
        4.979800224304199,
        5.130561351776123,
        5.287276744842529,
        5.450279235839844,
        5.619901657104492,
        5.7964768409729,
        5.980337619781494,
        6.171816349029541,
        6.371245861053467,
        6.578959941864014,
        6.795289993286133,
        7.02056884765625,
        7.255129814147949,
        7.499305725097656,
        7.753429412841797,
        8.017833709716797,
        8.292850494384766,
        8.578813552856445,
        8.876054763793945,
        9.184906959533691,
        9.505703926086426,
        9.838777542114258,
        10.18446159362793,
        10.543087005615234,
        10.914987564086914,
        11.300496101379395,
        11.699945449829102,
        12.113667488098145,
        12.541996002197266,
        12.985264778137207,
        13.443803787231445,
        13.917949676513672,
        14.40803050994873,
        14.91438102722168,
        15.437335968017578
      ],
      "series_index": 0
    },
    {
      "pattern_id": 1,
      "pattern_start": 3,
      "pattern_width": 122,
      "pattern_values": [
        -27.534603118896484,
        -26.849254608154297,
        -26.181995391845703,
        -25.532562255859375,
        -24.900684356689453,
        -24.286096572875977,
        -23.68853187561035,
        -23.10772132873535,
        -22.543399810791016,
        -21.99530029296875,
        -21.463153839111328,
        -20.946697235107422,
        -20.445663452148438,
        -19.959781646728516,
        -19.488788604736328,
        -19.03241729736328,
        -18.59039878845215,
        -18.16246795654297,
        -17.74835777282715,
        -17.34779930114746,
        -16.960527420043945,
        -16.58627700805664,
        -16.224775314331055,
        -15.875762939453125,
        -15.538968086242676,
        -15.214125633239746,
        -14.900969505310059,
        -14.59922981262207,
        -14.308643341064453,
        -14.02894115447998,
        -13.759855270385742,
        -13.50112247467041,
        -13.252471923828125,
        -13.013639450073242,
        -12.784358024597168,
        -12.564359664916992,
        -12.353376388549805,
        -12.151144027709961,
        -11.957395553588867,
        -11.77186107635498,
        -11.59427547454834,
        -11.424373626708984,
        -11.261887550354004,
        -11.106549263000488,
        -10.95809268951416,
        -10.816250801086426,
        -10.680757522583008,
        -10.551344871520996,
        -10.427746772766113,
        -10.309696197509766,
        -10.19692611694336,
        -10.089168548583984,
        -9.98615837097168,
        -9.887627601623535,
        -9.79331111907959,
        -9.702939987182617,
        -9.616249084472656,
        -9.532970428466797,
        -9.452836990356445,
        -9.375581741333008,
        -9.300939559936523,
        -9.228641510009766,
        -9.158422470092773,
        -9.09001350402832,
        -9.023149490356445,
        -8.957563400268555,
        -8.892988204956055,
        -8.829155921936035,
        -8.765801429748535,
        -8.702655792236328,
        -8.639453887939453,
        -8.575929641723633,
        -8.51181411743164,
        -8.4468412399292,
        -8.380743980407715,
        -8.313255310058594,
        -8.244109153747559,
        -8.1730375289917,
        -8.099776268005371,
        -8.024054527282715,
        -7.945607662200928,
        -7.864168643951416,
        -7.779470443725586,
        -7.691246509552002,
        -7.5992302894592285,
        -7.5031538009643555,
        -7.402750492095947,
        -7.29775333404541,
        -7.187896251678467,
        -7.072912216186523,
        -6.9525346755981445,
        -6.82649564743042,
        -6.6945295333862305,
        -6.556367874145508,
        -6.411745071411133,
        -6.260394096374512,
        -6.102047920227051,
        -5.936440467834473,
        -5.763301849365234,
        -5.582368850708008,
        -5.393372058868408,
        -5.196046829223633,
        -4.99012565612793,
        -4.7753400802612305,
        -4.551425457000732,
        -4.318113327026367,
        -4.075137138366699,
        -3.822230339050293,
        -3.559126853942871,
        -3.2855567932128906,
        -3.001258373260498,
        -2.7059597969055176,
        -2.3993964195251465,
        -2.081301212310791,
        -1.7514071464538574,
        -1.409447193145752,
        -1.0551562309265137,
        -0.6882638931274414,
        -0.30850696563720703,
        0.08438301086425781,
        0.4906749725341797,
        0.9106311798095703
      ],
      "series_index": 2
    },
    {
      "pattern_id": 2,
      "pattern_start": 1,
      "pattern_width": 72,
      "pattern_values": [
        -15.755338668823242,
        -15.144440650939941,
        -14.564105033874512,
        -14.013769149780273,
        -13.492874145507812,
        -13.000860214233398,
        -12.537161827087402,
        -12.101223945617676,
        -11.692481994628906,
        -11.310376167297363,
        -10.954346656799316,
        -10.623831748962402,
        -10.31827163696289,
        -10.037104606628418,
        -9.779770851135254,
        -9.545708656311035,
        -9.334358215332031,
        -9.145158767700195,
        -8.97754955291748,
        -8.830967903137207,
        -8.704856872558594,
        -8.598652839660645,
        -8.511795997619629,
        -8.443724632263184,
        -8.393879890441895,
        -8.361700057983398,
        -8.346623420715332,
        -8.348090171813965,
        -8.365540504455566,
        -8.398412704467773,
        -8.446146965026855,
        -8.50818157196045,
        -8.583953857421875,
        -8.672906875610352,
        -8.774478912353516,
        -8.888107299804688,
        -9.013233184814453,
        -9.149295806884766,
        -9.295732498168945,
        -9.451986312866211,
        -9.617491722106934,
        -9.791691780090332,
        -9.974023818969727,
        -10.163928031921387,
        -10.360844612121582,
        -10.564209938049316,
        -10.773465156555176,
        -10.988049507141113,
        -11.207402229309082,
        -11.430962562561035,
        -11.658169746398926,
        -11.88846206665039,
        -12.121281623840332,
        -12.356064796447754,
        -12.592252731323242,
        -12.8292818069458,
        -13.066594123840332,
        -13.303629875183105,
        -13.539824485778809,
        -13.774620056152344,
        -14.00745677947998,
        -14.237771034240723,
        -14.46500301361084,
        -14.688592910766602,
        -14.907979011535645,
        -15.122601509094238,
        -15.331899642944336,
        -15.535310745239258,
        -15.732278823852539,
        -15.922237396240234,
        -16.10462760925293,
        -16.278892517089844
      ],
      "series_index": 4
    },
    {
      "pattern_id": 3,