{
  "dataset": "AZT1D",
  "metric": "rmse",
  "polynomial_degree": 3,
  "n_patterns": 3,
  "patterns": [
    {
      "pattern_id": 0,
      "pattern_start": 1,
      "pattern_width": 6,
      "pattern_values": [
        -1.541015625,
        -1.1611328125,
        -0.65380859375,
        -0.300048828125,
        -0.3779296875,
        -1.166015625
      ]
    },
    {
      "pattern_id": 1,
      "pattern_start": 18,
      "pattern_width": 5,
      "pattern_values": [
        0.9267578125,
        0.5703125,
        0.5263671875,
        0.69873046875,
        0.9912109375
      ]
    },
    {
      "pattern_id": 2,
      "pattern_start": 9,
      "pattern_width": 14,
      "pattern_values": [
        0.55224609375,
        0.53759765625,
        0.501953125,
        0.455078125,
        0.405517578125,
        0.36279296875,
        0.336181640625,
        0.33447265625,
        0.3671875,
        0.443115234375,
        0.572265625,
        0.76318359375,
        1.0244140625,
        1.3671875
      ]
    }
  ]
}