{
  "dataset": "REMC",
  "metric": "auc",
  "polynomial_degree": 3,
  "n_patterns": 7,
  "patterns": [
    {
      "pattern_id": 0,
      "pattern_start": 39,
      "pattern_width": 61,
      "pattern_values": [
        -2.443359375,
        -2.302734375,
        -2.16796875,
        -2.041015625,
        -1.919921875,
        -1.8046875,
        -1.693359375,
        -1.58984375,
        -1.4921875,
        -1.3984375,
        -1.30859375,
        -1.2255859375,
        -1.146484375,
        -1.072265625,
        -1.001953125,
        -0.935546875,
        -0.873046875,
        -0.81494140625,
        -0.759765625,
        -0.70849609375,
        -0.66015625,
        -0.61474609375,
        -0.572265625,
        -0.5322265625,
        -0.49462890625,
        -0.45947265625,
        -0.426513671875,
        -0.395263671875,
        -0.36572265625,
        -0.337890625,
        -0.311279296875,
        -0.285888671875,
        -0.261474609375,
        -0.23779296875,
        -0.2147216796875,
        -0.192138671875,
        -0.169921875,
        -0.1475830078125,
        -0.1251220703125,
        -0.10223388671875,
        -0.0791015625,
        -0.05511474609375,
        -0.0306396484375,
        -0.00469970703125,
        0.022216796875,
        0.05078125,
        0.0806884765625,
        0.113037109375,
        0.1466064453125,
        0.1820068359375,
        0.220458984375,
        0.26171875,
        0.304931640625,
        0.3505859375,
        0.400146484375,
        0.453369140625,
        0.50927734375,
        0.568359375,
        0.6318359375,
        0.70068359375,
        0.771484375
      ],
      "series_index": 0
    },
    {
      "pattern_id": 1,
      "pattern_start": 11,
      "pattern_width": 98,
      "pattern_values": [
        -0.99853515625,
        -0.9423828125,
        -0.8876953125,
        -0.83447265625,
        -0.783203125,
        -0.73388671875,
        -0.6865234375,
        -0.638671875,
        -0.59375,
        -0.55078125,
        -0.5087890625,
        -0.46875,
        -0.42919921875,
        -0.39111328125,
        -0.355224609375,
        -0.3203125,
        -0.28564453125,
        -0.25341796875,
        -0.22216796875,
        -0.19189453125,
        -0.162353515625,
        -0.13427734375,
        -0.1075439453125,
        -0.08184814453125,
        -0.056915283203125,
        -0.03277587890625,
        -0.009735107421875,
        0.01214599609375,
        0.0335693359375,
        0.05389404296875,
        0.07366943359375,
        0.09228515625,
        0.1104736328125,
        0.1278076171875,
        0.14453125,
        0.1605224609375,
        0.176025390625,
        0.19091796875,
        0.205322265625,
        0.2191162109375,
        0.2325439453125,
        0.2454833984375,
        0.258056640625,
        0.270263671875,
        0.281982421875,
        0.293701171875,
        0.304931640625,
        0.31591796875,
        0.32666015625,
        0.33740234375,
        0.347900390625,
        0.358154296875,
        0.36865234375,
        0.37890625,
        0.38916015625,
        0.3994140625,
        0.409912109375,
        0.420166015625,
        0.430908203125,
        0.441650390625,
        0.45263671875,
        0.4638671875,
        0.47509765625,
        0.48681640625,
        0.4990234375,
        0.51123046875,
        0.5244140625,
        0.537109375,
        0.55126953125,
        0.5654296875,
        0.580078125,
        0.59521484375,
        0.61083984375,
        0.62744140625,
        0.64501953125,
        0.66259765625,
        0.6806640625,
        0.7001953125,
        0.720703125,
        0.74169921875,
        0.76318359375,
        0.78564453125,
        0.81005859375,
        0.833984375,
        0.859375,
        0.88623046875,
        0.9140625,
        0.94287109375,
        0.97265625,
        1.0029296875,
        1.03515625,
        1.0693359375,
        1.103515625,
        1.1396484375,
        1.1767578125,
        1.2158203125,
        1.255859375,
        1.296875
      ],
      "series_index": 2
    },
    {
      "pattern_id": 2,
      "pattern_start": 31,
      "pattern_width": 116,
      "pattern_values": [
        -2.349609375,
        -2.302734375,
        -2.255859375,
        -2.2109375,
        -2.166015625,
        -2.123046875,
        -2.080078125,
        -2.0390625,
        -1.998046875,
        -1.9580078125,
        -1.919921875,
        -1.8818359375,
        -1.845703125,
        -1.80859375,
        -1.7734375,
        -1.7392578125,
        -1.7060546875,
        -1.673828125,
        -1.642578125,
        -1.611328125,
        -1.58203125,
        -1.552734375,
        -1.5244140625,
        -1.4970703125,
        -1.470703125,
        -1.4453125,
        -1.419921875,
        -1.396484375,
        -1.373046875,
        -1.3505859375,
        -1.328125,
        -1.3076171875,
        -1.287109375,
        -1.267578125,
        -1.2490234375,
        -1.2314453125,
        -1.2138671875,
        -1.197265625,
        -1.181640625,
        -1.166015625,
        -1.1513671875,
        -1.1376953125,
        -1.1240234375,
        -1.1123046875,
        -1.099609375,
        -1.0888671875,
        -1.078125,
        -1.068359375,
        -1.05859375,
        -1.0498046875,
        -1.0419921875,
        -1.0341796875,
        -1.02734375,
        -1.021484375,
        -1.015625,
        -1.009765625,
        -1.005859375,
        -1.0009765625,
        -0.99755859375,
        -0.99462890625,
        -0.9921875,
        -0.990234375,
        -0.98828125,
        -0.9873046875,
        -0.98681640625,
        -0.98681640625,
        -0.9873046875,
        -0.98779296875,
        -0.9892578125,
        -0.99072265625,
        -0.9931640625,
        -0.99560546875,
        -0.99853515625,
        -1.001953125,
        -1.005859375,
        -1.009765625,
        -1.0146484375,
        -1.01953125,
        -1.025390625,
        -1.0302734375,
        -1.037109375,
        -1.04296875,
        -1.0498046875,
        -1.056640625,
        -1.064453125,
        -1.072265625,
        -1.080078125,
        -1.087890625,
        -1.0966796875,
        -1.10546875,
        -1.1142578125,
        -1.1240234375,
        -1.1337890625,
        -1.1435546875,
        -1.1533203125,
        -1.1640625,
        -1.173828125,
        -1.1845703125,
        -1.1962890625,
        -1.20703125,
        -1.21875,
        -1.2294921875,
        -1.2421875,
        -1.25390625,
        -1.2646484375,
        -1.27734375,
        -1.2890625,
        -1.3017578125,
        -1.314453125,
        -1.326171875,
        -1.33984375,
        -1.3525390625,
        -1.365234375,
        -1.3779296875,
        -1.390625,
        -1.404296875
      ],
      "series_index": 4
    },
    {
      "pattern_id": 3,
      "pattern_start": 19,
      "pattern_width": 47,