{
  "dataset": "REMC",
  "metric": "auc",
  "polynomial_degree": 3,
  "n_patterns": 9,
  "patterns": [
    {
      "pattern_id": 0,
      "pattern_start": 72,
      "pattern_width": 24,
      "pattern_values": [
        -12.438300132751465,
        -11.055736541748047,
        -9.853096961975098,
        -8.825716018676758,
        -7.968923568725586,
        -7.278049468994141,
        -6.748426914215088,
        -6.375385284423828,
        -6.154256820678711,
        -6.080371379852295,
        -6.1490607261657715,
        -6.355655193328857,
        -6.695486545562744,
        -7.163885593414307,
        -7.75618314743042,
        -8.467710494995117,
        -9.293797492980957,
        -10.229778289794922,
        -11.270979881286621,
        -12.412735939025879,
        -13.65037727355957,
        -14.979233741760254,
        -16.394638061523438,
        -17.891916275024414
      ],
      "series_index": 0
    },
    {
      "pattern_id": 1,
      "pattern_start": 0,
      "pattern_width": 80,
      "pattern_values": [
        -5.5036420822143555,
        -5.216226100921631,
        -4.93697452545166,
        -4.665988922119141,
        -4.40336799621582,
        -4.149213790893555,
        -3.903625011444092,
        -3.6667027473449707,
        -3.4385478496551514,
        -3.2192587852478027,
        -3.0089378356933594,
        -2.8076834678649902,
        -2.6155970096588135,
        -2.43277907371521,
        -2.259329319000244,
        -2.0953481197357178,
        -1.9409356117248535,
        -1.7961921691894531,
        -1.6612176895141602,
        -1.5361136198043823,
        -1.4209789037704468,
        -1.3159146308898926,
        -1.2210208177566528,
        -1.1363976001739502,
        -1.062145471572876,
        -0.9983645677566528,
        -0.9451552629470825,
        -0.9026177525520325,
        -0.8708524107933044,
        -0.8499593138694763,
        -0.8400387763977051,
        -0.841191291809082,
        -0.8535169959068298,
        -0.8771160840988159,
        -0.9120888710021973,
        -0.9585356712341309,
        -1.016556739807129,
        -1.0862524509429932,
        -1.1677228212356567,
        -1.261068344116211,
        -1.366389274597168,
        -1.4837857484817505,
        -1.6133580207824707,
        -1.7552067041397095,
        -1.9094316959381104,
        -2.0761332511901855,
        -2.2554121017456055,
        -2.4473681449890137,
        -2.652101516723633,
        -2.8697128295898438,
        -3.100302219390869,
        -3.3439698219299316,
        -3.600816488265991,
        -3.8709418773651123,
        -4.154446125030518,
        -4.451429843902588,
        -4.761993885040283,
        -5.08623743057251,
        -5.424261093139648,
        -5.776165008544922,
        -6.142050743103027,
        -6.522016525268555,
        -6.916164398193359,
        -7.324594020843506,
        -7.7474045753479,
        -8.184698104858398,
        -8.636573791503906,
        -9.103131294250488,
        -9.584473609924316,
        -10.08069896697998,
        -10.591904640197754,
        -11.11819839477539,
        -11.659672737121582,
        -12.21643352508545,
        -12.788579940795898,
        -13.376208305358887,
        -13.979423522949219,
        -14.5983247756958,
        -15.233011245727539,
        -15.88358211517334
      ],
      "series_index": 4
    },
    {
      "pattern_id": 2,
      "pattern_start": 4,
      "pattern_width": 102,
      "pattern_values": [
        -19.714426040649414,
        -19.196413040161133,
        -18.688465118408203,
        -18.190515518188477,
        -17.70250129699707,
        -17.224353790283203,
        -16.75600242614746,
        -16.297388076782227,
        -15.848443031311035,
        -15.409097671508789,
        -14.979289054870605,
        -14.55894947052002,
        -14.148012161254883,
        -13.74641227722168,
        -13.354082107543945,
        -12.970956802368164,
        -12.596965789794922,
        -12.232048988342285,
        -11.876137733459473,
        -11.529165267944336,
        -11.191064834594727,
        -10.861771583557129,
        -10.541216850280762,
        -10.229337692260742,
        -9.926064491271973,
        -9.631333351135254,
        -9.345077514648438,
        -9.067228317260742,
        -8.797723770141602,
        -8.53649616241455,
        -8.283475875854492,
        -8.03860092163086,
        -7.801803112030029,
        -7.5730156898498535,
        -7.352173328399658,
        -7.139209747314453,
        -6.934058666229248,
        -6.7366533279418945,
        -6.546927452087402,
        -6.3648152351379395,
        -6.190249919891357,
        -6.023165225982666,
        -5.863495826721191,
        -5.711174488067627,
        -5.566135406494141,
        -5.428311347961426,
        -5.297637462615967,
        -5.174046516418457,
        -5.057472229003906,
        -4.947849273681641,
        -4.8451104164123535,
        -4.749189853668213,
        -4.66002082824707,
        -4.577537536621094,
        -4.501673698425293,
        -4.432362079620361,
        -4.369538307189941,
        -4.31313419342041,
        -4.263084888458252,
        -4.21932315826416,
        -4.181783199310303,
        -4.1503987312316895,
        -4.125102519989014,
        -4.105830192565918,
        -4.0925140380859375,
        -4.08508825302124,
        -4.083486557006836,
        -4.087642192840576,
        -4.097489833831787,
        -4.112962245941162,
        -4.133993625640869,
        -4.16051721572876,
        -4.19246768951416,
        -4.229778289794922,
        -4.2723822593688965,
        -4.320214748382568,
        -4.3732075691223145,
        -4.431294918060303,
        -4.494412422180176,
        -4.562490940093994,
        -4.635467052459717,
        -4.713271617889404,
        -4.795840740203857,
        -4.883106708526611,
        -4.975003719329834,
        -5.071465969085693,
        -5.172426700592041,
        -5.2778191566467285,
        -5.387578010559082,
        -5.501636028289795,
        -5.619928359985352,
        -5.742386817932129,
        -5.868946075439453,
        -5.99954080581665,
        -6.134102821350098,
        -6.272568225860596,
        -6.4148688316345215,
        -6.560938358306885,
        -6.71071195602417,
        -6.864121437072754,
        -7.021103382110596,
        -7.181587219238281
      ],
      "series_index": 2
    },
    {
      "pattern_id": 3,
      "pattern_start": 0,
      "pattern_width": 47,
      "pattern_values": [
        -11.918760299682617,
        -12.030359268188477,
        -12.094898223876953,
        -12.11508560180664,
        -12.093626022338867,
        -12.033227920532227,
        -11.936599731445312,
        -11.806446075439453,
        -11.645475387573242,
        -11.45639419555664,
        -11.241910934448242,
        -11.004729270935059,
        -10.747560501098633,
        -10.47310733795166,
        -10.18407917022705,
        -9.883182525634766,
        -9.573124885559082,
        -9.256612777709961,
        -8.93635368347168,
        -8.615053176879883,
        -8.295419692993164,
        -7.980159759521484,
        -7.671979904174805,
        -7.3735880851745605,
        -7.087690353393555,
        -6.816994667053223,
        -6.564206600189209,
        -6.332034587860107,
        -6.123185157775879,
        -5.940365314483643,
        -5.786281585693359,
        -5.663641452789307,
        -5.575151443481445,
        -5.523519039154053,
        -5.51145076751709,
        -5.541654109954834,
        -5.616836071014404,
        -5.739703178405762,
        -5.912963390350342,
        -6.139321804046631,
        -6.421486854553223,
        -6.7621660232543945,
        -7.164065361022949,
        -7.629891395568848,
        -8.162352561950684,
        -8.764154434204102,
        -9.438004493713379
      ],
      "series_index": 3
    },
    {
      "pattern_id": 4,
      "pattern_start": 73,
      "pattern_width": 57,