{
  "dataset": "REMC",
  "metric": "auc",
  "polynomial_degree": 3,
  "n_patterns": 8,
  "patterns": [
    {
      "pattern_id": 0,
      "pattern_start": 51,
      "pattern_width": 44,
      "pattern_values": [
        -0.11279296875,
        -0.085693359375,
        -0.056884765625,
        -0.02734375,
        0.0030517578125,
        0.03424072265625,
        0.0667724609375,
        0.09918212890625,
        0.132080078125,
        0.1649169921875,
        0.1982421875,
        0.231201171875,
        0.263916015625,
        0.296142578125,
        0.327880859375,
        0.35888671875,
        0.388916015625,
        0.418212890625,
        0.446044921875,
        0.47265625,
        0.497802734375,
        0.52099609375,
        0.54296875,
        0.5625,
        0.580078125,
        0.59521484375,
        0.6083984375,
        0.61865234375,
        0.62646484375,
        0.63134765625,
        0.6328125,
        0.63134765625,
        0.626953125,
        0.61865234375,
        0.60693359375,
        0.5908203125,
        0.57177734375,
        0.5478515625,
        0.52001953125,
        0.48779296875,
        0.451171875,
        0.409423828125,
        0.363037109375,
        0.3115234375
      ],
      "series_index": 0
    },
    {
      "pattern_id": 1,
      "pattern_start": 11,
      "pattern_width": 112,
      "pattern_values": [
        -0.8935546875,
        -0.86572265625,
        -0.8388671875,
        -0.8134765625,
        -0.7880859375,
        -0.7646484375,
        -0.7431640625,
        -0.720703125,
        -0.701171875,
        -0.681640625,
        -0.6630859375,
        -0.646484375,
        -0.62890625,
        -0.61376953125,
        -0.5986328125,
        -0.58447265625,
        -0.5712890625,
        -0.55908203125,
        -0.54736328125,
        -0.5361328125,
        -0.52587890625,
        -0.515625,
        -0.5068359375,
        -0.498291015625,
        -0.490234375,
        -0.482666015625,
        -0.475830078125,
        -0.46923828125,
        -0.462890625,
        -0.45703125,
        -0.45166015625,
        -0.446533203125,
        -0.44189453125,
        -0.437255859375,
        -0.43310546875,
        -0.428955078125,
        -0.425048828125,
        -0.42138671875,
        -0.417724609375,
        -0.4140625,
        -0.41064453125,
        -0.4072265625,
        -0.40380859375,
        -0.400390625,
        -0.39697265625,
        -0.393310546875,
        -0.3896484375,
        -0.3857421875,
        -0.381591796875,
        -0.37744140625,
        -0.373046875,
        -0.3681640625,
        -0.36328125,
        -0.35791015625,
        -0.35205078125,
        -0.345947265625,
        -0.33935546875,
        -0.33251953125,
        -0.324951171875,
        -0.317138671875,
        -0.30859375,
        -0.299560546875,
        -0.289794921875,
        -0.279541015625,
        -0.2685546875,
        -0.2568359375,
        -0.2445068359375,
        -0.2315673828125,
        -0.2176513671875,
        -0.202880859375,
        -0.1873779296875,
        -0.1710205078125,
        -0.1536865234375,
        -0.1353759765625,
        -0.11639404296875,
        -0.09625244140625,
        -0.074951171875,
        -0.05267333984375,
        -0.029388427734375,
        -0.0052490234375,
        0.02032470703125,
        0.04718017578125,
        0.0750732421875,
        0.10430908203125,
        0.1348876953125,
        0.16650390625,
        0.19873046875,
        0.2332763671875,
        0.26904296875,
        0.30615234375,
        0.344970703125,
        0.384765625,
        0.42626953125,
        0.4697265625,
        0.51416015625,
        0.560546875,
        0.607421875,
        0.6572265625,
        0.7080078125,
        0.7607421875,
        0.81640625,
        0.8720703125,
        0.9306640625,
        0.99072265625,
        1.052734375,
        1.1171875,
        1.1806640625,
        1.248046875,
        1.318359375,
        1.3896484375,
        1.462890625,
        1.5390625
      ],
      "series_index": 2
    },
    {
      "pattern_id": 2,
      "pattern_start": 24,
      "pattern_width": 171,