{
  "dataset": "REMC",
  "metric": "auc",
  "polynomial_degree": 3,
  "n_patterns": 7,
  "patterns": [
    {
      "pattern_id": 0,
      "pattern_start": 34,
      "pattern_width": 61,
      "pattern_values": [
        -0.6181640625,
        -0.625,
        -0.630859375,
        -0.634765625,
        -0.63720703125,
        -0.6376953125,
        -0.6376953125,
        -0.63671875,
        -0.63427734375,
        -0.630859375,
        -0.6259765625,
        -0.62109375,
        -0.615234375,
        -0.60888671875,
        -0.6015625,
        -0.59423828125,
        -0.58642578125,
        -0.57861328125,
        -0.5703125,
        -0.5625,
        -0.55419921875,
        -0.54638671875,
        -0.53857421875,
        -0.53125,
        -0.5244140625,
        -0.517578125,
        -0.51220703125,
        -0.5068359375,
        -0.50244140625,
        -0.499267578125,
        -0.496826171875,
        -0.49560546875,
        -0.495361328125,
        -0.49658203125,
        -0.499267578125,
        -0.50341796875,
        -0.5087890625,
        -0.51611328125,
        -0.52490234375,
        -0.5361328125,
        -0.548828125,
        -0.56396484375,
        -0.58056640625,
        -0.60009765625,
        -0.62158203125,
        -0.6455078125,
        -0.671875,
        -0.701171875,
        -0.73291015625,
        -0.767578125,
        -0.8046875,
        -0.845703125,
        -0.88916015625,
        -0.93603515625,
        -0.98583984375,
        -1.0400390625,
        -1.0966796875,
        -1.1572265625,
        -1.220703125,
        -1.2890625,
        -1.3603515625
      ],
      "series_index": 0
    },
    {
      "pattern_id": 1,
      "pattern_start": 4,
      "pattern_width": 52,
      "pattern_values": [
        -0.320556640625,
        -0.338134765625,
        -0.350341796875,
        -0.355224609375,
        -0.356201171875,
        -0.352294921875,
        -0.343017578125,
        -0.330322265625,
        -0.313232421875,
        -0.29296875,
        -0.26953125,
        -0.2430419921875,
        -0.21435546875,
        -0.1837158203125,
        -0.151123046875,
        -0.1175537109375,
        -0.08251953125,
        -0.047119140625,
        -0.011627197265625,
        0.024017333984375,
        0.058990478515625,
        0.09320068359375,
        0.1263427734375,
        0.15771484375,
        0.187255859375,
        0.214599609375,
        0.2392578125,
        0.260986328125,
        0.279296875,
        0.2939453125,
        0.304443359375,
        0.310546875,
        0.311767578125,
        0.30810546875,
        0.298583984375,
        0.283447265625,
        0.26171875,
        0.23388671875,
        0.1988525390625,
        0.15673828125,
        0.1063232421875,
        0.04833984375,
        -0.017578125,
        -0.092529296875,
        -0.177490234375,
        -0.270751953125,
        -0.373779296875,
        -0.489013671875,
        -0.61328125,
        -0.748046875,
        -0.89453125,
        -1.052734375
      ],
      "series_index": 2
    },
    {
      "pattern_id": 2,
      "pattern_start": 14,
      "pattern_width": 181,
      "pattern_values": [
        -2.546875,
        -2.50390625,
        -2.4609375,
        -2.419921875,
        -2.37890625,
        -2.33984375,
        -2.298828125,
        -2.259765625,
        -2.22265625,
        -2.18359375,
        -2.146484375,
        -2.111328125,
        -2.07421875,
        -2.0390625,
        -2.00390625,
        -1.970703125,
        -1.9365234375,
        -1.9033203125,
        -1.8701171875,
        -1.83984375,
        -1.8076171875,
        -1.7763671875,
        -1.74609375,
        -1.7177734375,
        -1.6875,
        -1.6591796875,
        -1.6298828125,
        -1.603515625,
        -1.576171875,
        -1.548828125,
        -1.5224609375,
        -1.498046875,
        -1.47265625,
        -1.447265625,
        -1.4228515625,
        -1.3994140625,
        -1.3759765625,
        -1.3525390625,
        -1.3291015625,
        -1.3076171875,
        -1.28515625,
        -1.263671875,
        -1.2431640625,
        -1.22265625,
        -1.2021484375,
        -1.181640625,
        -1.162109375,
        -1.1435546875,
        -1.1240234375,
        -1.10546875,
        -1.0869140625,
        -1.0693359375,
        -1.0517578125,
        -1.03515625,
        -1.017578125,
        -1.0009765625,
        -0.98486328125,
        -0.96875,
        -0.95263671875,
        -0.9375,
        -0.921875,
        -0.90673828125,
        -0.89208984375,
        -0.87744140625,
        -0.86279296875,
        -0.84912109375,
        -0.8349609375,
        -0.8212890625,
        -0.8076171875,
        -0.79443359375,
        -0.78125,
        -0.76806640625,
        -0.75537109375,
        -0.74267578125,
        -0.72998046875,
        -0.7177734375,
        -0.70556640625,
        -0.693359375,
        -0.681640625,
        -0.669921875,
        -0.65771484375,
        -0.646484375,
        -0.634765625,
        -0.62353515625,
        -0.61181640625,
        -0.6005859375,
        -0.58935546875,
        -0.578125,
        -0.56689453125,
        -0.55615234375,
        -0.544921875,
        -0.53369140625,
        -0.52294921875,
        -0.51171875,
        -0.5009765625,
        -0.489990234375,
        -0.478759765625,
        -0.4677734375,
        -0.456787109375,
        -0.44580078125,
        -0.4345703125,
        -0.423583984375,
        -0.412109375,
        -0.401123046875,
        -0.3896484375,
        -0.378173828125,
        -0.36669921875,
        -0.355224609375,
        -0.343505859375,
        -0.33154296875,
        -0.31982421875,
        -0.3076171875,
        -0.295654296875,
        -0.283203125,
        -0.270751953125,
        -0.25830078125,
        -0.24560546875,
        -0.2325439453125,
        -0.219482421875,
        -0.206298828125,
        -0.19287109375,
        -0.1790771484375,
        -0.1656494140625,
        -0.1513671875,
        -0.13720703125,
        -0.12249755859375,
        -0.108154296875,
        -0.09295654296875,
        -0.077880859375,
        -0.062255859375,
        -0.046844482421875,
        -0.0306396484375,
        -0.0145111083984375,
        0.0022430419921875,
        0.0186920166015625,
        0.03607177734375,
        0.05377197265625,
        0.07177734375,
        0.0892333984375,
        0.107421875,
        0.1263427734375,
        0.1456298828125,
        0.16455078125,
        0.1845703125,
        0.204833984375,
        0.2257080078125,
        0.2459716796875,
        0.266845703125,
        0.2890625,
        0.311279296875,
        0.3330078125,
        0.356201171875,
        0.3798828125,
        0.40380859375,
        0.4267578125,
        0.451904296875,
        0.47705078125,
        0.5029296875,
        0.52783203125,
        0.5546875,
        0.58203125,
        0.60986328125,
        0.63671875,
        0.66552734375,
        0.69482421875,
        0.724609375,
        0.75341796875,
        0.78466796875,
        0.8154296875,
        0.84765625,
        0.87841796875,
        0.912109375,
        0.9453125,
        0.9794921875,
        1.0126953125,
        1.048828125,
        1.083984375,
        1.1201171875,
        1.15625,
        1.1943359375,
        1.232421875
      ],
      "series_index": 3
    },
    {
      "pattern_id": 3,
      "pattern_start": 1,
      "pattern_width": 43,