{
  "dataset": "REMC",
  "metric": "auc",
  "polynomial_degree": 3,
  "n_patterns": 8,
  "patterns": [
    {
      "pattern_id": 0,
      "pattern_start": 13,
      "pattern_width": 80,
      "pattern_values": [
        -3.599609375,
        -3.46484375,
        -3.3359375,
        -3.212890625,
        -3.09375,
        -2.978515625,
        -2.8671875,
        -2.7578125,
        -2.654296875,
        -2.552734375,
        -2.458984375,
        -2.3671875,
        -2.27734375,
        -2.19140625,
        -2.111328125,
        -2.03125,
        -1.9560546875,
        -1.8857421875,
        -1.81640625,
        -1.75,
        -1.6875,
        -1.626953125,
        -1.5703125,
        -1.515625,
        -1.462890625,
        -1.4140625,
        -1.3671875,
        -1.322265625,
        -1.2802734375,
        -1.240234375,
        -1.201171875,
        -1.1650390625,
        -1.1318359375,
        -1.0986328125,
        -1.068359375,
        -1.0400390625,
        -1.0126953125,
        -0.98681640625,
        -0.96240234375,
        -0.939453125,
        -0.91796875,
        -0.8974609375,
        -0.87841796875,
        -0.85986328125,
        -0.8427734375,
        -0.826171875,
        -0.81005859375,
        -0.794921875,
        -0.78076171875,
        -0.7666015625,
        -0.7529296875,
        -0.73974609375,
        -0.72705078125,
        -0.71435546875,
        -0.70166015625,
        -0.689453125,
        -0.6767578125,
        -0.66357421875,
        -0.650390625,
        -0.63720703125,
        -0.623046875,
        -0.609375,
        -0.5947265625,
        -0.5791015625,
        -0.56298828125,
        -0.5458984375,
        -0.52783203125,
        -0.5087890625,
        -0.489013671875,
        -0.46826171875,
        -0.445556640625,
        -0.42236328125,
        -0.396240234375,
        -0.3701171875,
        -0.34228515625,
        -0.31201171875,
        -0.28076171875,
        -0.24755859375,
        -0.2119140625,
        -0.17529296875
      ],
      "series_index": 0
    },
    {
      "pattern_id": 1,
      "pattern_start": 3,
      "pattern_width": 90,
      "pattern_values": [
        0.77490234375,
        0.76904296875,
        0.76318359375,
        0.75634765625,
        0.74853515625,
        0.740234375,
        0.7314453125,
        0.72216796875,
        0.7119140625,
        0.7021484375,
        0.69091796875,
        0.68017578125,
        0.6689453125,
        0.65673828125,
        0.64453125,
        0.63232421875,
        0.61962890625,
        0.60693359375,
        0.59423828125,
        0.5810546875,
        0.568359375,
        0.55517578125,
        0.54248046875,
        0.529296875,
        0.5166015625,
        0.50390625,
        0.491455078125,
        0.4794921875,
        0.467529296875,
        0.4560546875,
        0.444580078125,
        0.433837890625,
        0.423583984375,
        0.41357421875,
        0.404052734375,
        0.395263671875,
        0.386962890625,
        0.37939453125,
        0.372314453125,
        0.365966796875,
        0.360595703125,
        0.355712890625,
        0.351806640625,
        0.348876953125,
        0.3466796875,
        0.345458984375,
        0.34521484375,
        0.345947265625,
        0.347900390625,
        0.350830078125,
        0.35498046875,
        0.360107421875,
        0.36669921875,
        0.37451171875,
        0.383544921875,
        0.393798828125,
        0.40576171875,
        0.4189453125,
        0.43359375,
        0.44970703125,
        0.46728515625,
        0.486572265625,
        0.50732421875,
        0.52978515625,
        0.55419921875,
        0.580078125,
        0.607421875,
        0.63720703125,
        0.66845703125,
        0.7021484375,
        0.7373046875,
        0.7744140625,
        0.8134765625,
        0.8544921875,
        0.89794921875,
        0.943359375,
        0.9912109375,
        1.041015625,
        1.0927734375,
        1.146484375,
        1.203125,
        1.26171875,
        1.32421875,
        1.3876953125,
        1.4541015625,
        1.5224609375,
        1.59375,
        1.6669921875,
        1.744140625,
        1.8232421875
      ],
      "series_index": 2
    },
    {
      "pattern_id": 2,
      "pattern_start": 0,
      "pattern_width": 179,